1472030766,"{""mysql_table_scans_pct"":0.99879518072289,""mysql_deadlocks"":""0"",""mysql_wait_locks"":""0"",""mysql_current_locks"":""0"",""mysql_total_locks"":""0"",""mysql_lock_time_avg"":""0"",""mysql_lock_time_max"":""0"",""mysql_select_scans"":""21"",""mysql_sort_scans"":""0"",""mysql_join_scans"":""0"",""sys_load_avg"":1.7,""sys_memory_used"":740.27734375,""sys_memory_used_buffers"":14.38671875,""sys_memory_used_cache"":258.9375,""sys_memory_swap_used"":0,""sys_memory_swap_used_cache"":0,""fpm_listen_queue"":""0"",""fpm_listen_queue_length"":""128"",""fpm_total_processes"":""2"",""fpm_active_processes"":""1""}"
1472030771,"{""mysql_table_scans_pct"":0.99884623452905,""mysql_deadlocks"":""0"",""mysql_wait_locks"":""0"",""mysql_current_locks"":""0"",""mysql_total_locks"":""0"",""mysql_lock_time_avg"":""0"",""mysql_lock_time_max"":""0"",""mysql_select_scans"":""22"",""mysql_sort_scans"":""0"",""mysql_join_scans"":""0"",""sys_load_avg"":1.56,""sys_memory_used"":740.140625,""sys_memory_used_buffers"":14.3984375,""sys_memory_used_cache"":259.3515625,""sys_memory_swap_used"":0,""sys_memory_swap_used_cache"":0,""fpm_listen_queue"":""0"",""fpm_listen_queue_length"":""128"",""fpm_total_processes"":""2"",""fpm_active_processes"":""1""}"
1472030776,"{""mysql_table_scans_pct"":0.37249677696605,""mysql_deadlocks"":""0"",""mysql_wait_locks"":""0"",""mysql_current_locks"":""0"",""mysql_total_locks"":""0"",""mysql_lock_time_avg"":""0"",""mysql_lock_time_max"":""0"",""mysql_select_scans"":""49"",""mysql_sort_scans"":""43"",""mysql_join_scans"":""2"",""sys_load_avg"":1.44,""sys_memory_used"":815.2734375,""sys_memory_used_buffers"":27.26171875,""sys_memory_used_cache"":280.43359375,""sys_memory_swap_used"":0,""sys_memory_swap_used_cache"":0,""fpm_listen_queue"":""0"",""fpm_listen_queue_length"":""128"",""fpm_total_processes"":""2"",""fpm_active_processes"":""2""}"
1472030782,"{""mysql_table_scans_pct"":0.13290601002729,""mysql_deadlocks"":""0"",""mysql_wait_locks"":""0"",""mysql_current_locks"":""0"",""mysql_total_locks"":""0"",""mysql_lock_time_avg"":""0"",""mysql_lock_time_max"":""0"",""mysql_select_scans"":""83"",""mysql_sort_scans"":""141"",""mysql_join_scans"":""5"",""sys_load_avg"":1.4,""sys_memory_used"":897.5,""sys_memory_used_buffers"":37.578125,""sys_memory_used_cache"":289.640625,""sys_memory_swap_used"":0,""sys_memory_swap_used_cache"":0,""fpm_listen_queue"":""0"",""fpm_listen_queue_length"":""128"",""fpm_total_processes"":""3"",""fpm_active_processes"":""1""}"
1472030787,"{""mysql_table_scans_pct"":0.072096223375142,""mysql_deadlocks"":""0"",""mysql_wait_locks"":""0"",""mysql_current_locks"":""0"",""mysql_total_locks"":""0"",""mysql_lock_time_avg"":""0"",""mysql_lock_time_max"":""0"",""mysql_select_scans"":""137"",""mysql_sort_scans"":""320"",""mysql_join_scans"":""10"",""sys_load_avg"":1.37,""sys_memory_used"":955.91015625,""sys_memory_used_buffers"":45.37109375,""sys_memory_used_cache"":295.25,""sys_memory_swap_used"":0,""sys_memory_swap_used_cache"":0,""fpm_listen_queue"":""0"",""fpm_listen_queue_length"":""128"",""fpm_total_processes"":""4"",""fpm_active_processes"":""2""}"
1472030792,"{""mysql_table_scans_pct"":0.06598339912221,""mysql_deadlocks"":""0"",""mysql_wait_locks"":""0"",""mysql_current_locks"":""0"",""mysql_total_locks"":""0"",""mysql_lock_time_avg"":""0"",""mysql_lock_time_max"":""0"",""mysql_select_scans"":""186"",""mysql_sort_scans"":""480"",""mysql_join_scans"":""16"",""sys_load_avg"":1.5,""sys_memory_used"":984.578125,""sys_memory_used_buffers"":50.0859375,""sys_memory_used_cache"":297.8125,""sys_memory_swap_used"":0,""sys_memory_swap_used_cache"":0,""fpm_listen_queue"":""0"",""fpm_listen_queue_length"":""128"",""fpm_total_processes"":""4"",""fpm_active_processes"":""4""}"
1472030797,"{""mysql_table_scans_pct"":0.059419247235123,""mysql_deadlocks"":""0"",""mysql_wait_locks"":""0"",""mysql_current_locks"":""0"",""mysql_total_locks"":""0"",""mysql_lock_time_avg"":""0"",""mysql_lock_time_max"":""0"",""mysql_select_scans"":""240"",""mysql_sort_scans"":""681"",""mysql_join_scans"":""22"",""sys_load_avg"":1.46,""sys_memory_used"":1027.515625,""sys_memory_used_buffers"":54.9921875,""sys_memory_used_cache"":299.8984375,""sys_memory_swap_used"":0,""sys_memory_swap_used_cache"":0,""fpm_listen_queue"":""0"",""fpm_listen_queue_length"":""128"",""fpm_total_processes"":""5"",""fpm_active_processes"":""5""}"
1472030802,"{""mysql_table_scans_pct"":0.055395199903333,""mysql_deadlocks"":""0"",""mysql_wait_locks"":""0"",""mysql_current_locks"":""0"",""mysql_total_locks"":""0"",""mysql_lock_time_avg"":""0"",""mysql_lock_time_max"":""0"",""mysql_select_scans"":""313"",""mysql_sort_scans"":""938"",""mysql_join_scans"":""30"",""sys_load_avg"":1.58,""sys_memory_used"":1067.08984375,""sys_memory_used_buffers"":60.08984375,""sys_memory_used_cache"":304.81640625,""sys_memory_swap_used"":0,""sys_memory_swap_used_cache"":0,""fpm_listen_queue"":""0"",""fpm_listen_queue_length"":""128"",""fpm_total_processes"":""7"",""fpm_active_processes"":""3""}"
1472030807,"{""mysql_table_scans_pct"":0.054620298940005,""mysql_deadlocks"":""0"",""mysql_wait_locks"":""0"",""mysql_current_locks"":""0"",""mysql_total_locks"":""0"",""mysql_lock_time_avg"":""0"",""mysql_lock_time_max"":""0"",""mysql_select_scans"":""393"",""mysql_sort_scans"":""1165"",""mysql_join_scans"":""42"",""sys_load_avg"":1.54,""sys_memory_used"":1082.8828125,""sys_memory_used_buffers"":63.14453125,""sys_memory_used_cache"":307.21875,""sys_memory_swap_used"":0,""sys_memory_swap_used_cache"":0,""fpm_listen_queue"":""1"",""fpm_listen_queue_length"":""128"",""fpm_total_processes"":""7"",""fpm_active_processes"":""5""}"
1472030812,"{""mysql_table_scans_pct"":0.053457740030257,""mysql_deadlocks"":""0"",""mysql_wait_locks"":""0"",""mysql_current_locks"":""0"",""mysql_total_locks"":""0"",""mysql_lock_time_avg"":""0"",""mysql_lock_time_max"":""0"",""mysql_select_scans"":""451"",""mysql_sort_scans"":""1333"",""mysql_join_scans"":""52"",""sys_load_avg"":1.49,""sys_memory_used"":1074.6484375,""sys_memory_used_buffers"":64.89453125,""sys_memory_used_cache"":310.20703125,""sys_memory_swap_used"":0,""sys_memory_swap_used_cache"":0,""fpm_listen_queue"":""0"",""fpm_listen_queue_length"":""128"",""fpm_total_processes"":""6"",""fpm_active_processes"":""6""}"
1472030817,"{""mysql_table_scans_pct"":0.052698260426893,""mysql_deadlocks"":""0"",""mysql_wait_locks"":""0"",""mysql_current_locks"":""0"",""mysql_total_locks"":""0"",""mysql_lock_time_avg"":""0"",""mysql_lock_time_max"":""0"",""mysql_select_scans"":""521"",""mysql_sort_scans"":""1544"",""mysql_join_scans"":""62"",""sys_load_avg"":1.53,""sys_memory_used"":1089.890625,""sys_memory_used_buffers"":66.99609375,""sys_memory_used_cache"":312.9765625,""sys_memory_swap_used"":0,""sys_memory_swap_used_cache"":0,""fpm_listen_queue"":""0"",""fpm_listen_queue_length"":""128"",""fpm_total_processes"":""5"",""fpm_active_processes"":""5""}"
1472030822,"{""mysql_table_scans_pct"":0.052871646690121,""mysql_deadlocks"":""0"",""mysql_wait_locks"":""0"",""mysql_current_locks"":""0"",""mysql_total_locks"":""0"",""mysql_lock_time_avg"":""0"",""mysql_lock_time_max"":""0"",""mysql_select_scans"":""586"",""mysql_sort_scans"":""1677"",""mysql_join_scans"":""71"",""sys_load_avg"":1.57,""sys_memory_used"":1115.16796875,""sys_memory_used_buffers"":68.0859375,""sys_memory_used_cache"":314.76171875,""sys_memory_swap_used"":0,""sys_memory_swap_used_cache"":0,""fpm_listen_queue"":""3"",""fpm_listen_queue_length"":""128"",""fpm_total_processes"":""7"",""fpm_active_processes"":""1""}"
1472030827,"{""mysql_table_scans_pct"":0.053268049248693,""mysql_deadlocks"":""0"",""mysql_wait_locks"":""0"",""mysql_current_locks"":""0"",""mysql_total_locks"":""0"",""mysql_lock_time_avg"":""0"",""mysql_lock_time_max"":""0"",""mysql_select_scans"":""638"",""mysql_sort_scans"":""1779"",""mysql_join_scans"":""81"",""sys_load_avg"":1.61,""sys_memory_used"":1117.01171875,""sys_memory_used_buffers"":69.0625,""sys_memory_used_cache"":316.93359375,""sys_memory_swap_used"":0,""sys_memory_swap_used_cache"":0,""fpm_listen_queue"":""0"",""fpm_listen_queue_length"":""128"",""fpm_total_processes"":""6"",""fpm_active_processes"":""3""}"
1472030832,"{""mysql_table_scans_pct"":0.052959310881785,""mysql_deadlocks"":""0"",""mysql_wait_locks"":""0"",""mysql_current_locks"":""0"",""mysql_total_locks"":""0"",""mysql_lock_time_avg"":""0"",""mysql_lock_time_max"":""0"",""mysql_select_scans"":""704"",""mysql_sort_scans"":""1901"",""mysql_join_scans"":""91"",""sys_load_avg"":1.64,""sys_memory_used"":1128.02734375,""sys_memory_used_buffers"":70.07421875,""sys_memory_used_cache"":318.70703125,""sys_memory_swap_used"":0,""sys_memory_swap_used_cache"":0,""fpm_listen_queue"":""0"",""fpm_listen_queue_length"":""128"",""fpm_total_processes"":""6"",""fpm_active_processes"":""4""}"
1472030838,"{""mysql_table_scans_pct"":0.053302914395727,""mysql_deadlocks"":""0"",""mysql_wait_locks"":""0"",""mysql_current_locks"":""5"",""mysql_total_locks"":""0"",""mysql_lock_time_avg"":""0"",""mysql_lock_time_max"":""0"",""mysql_select_scans"":""778"",""mysql_sort_scans"":""2063"",""mysql_join_scans"":""102"",""sys_load_avg"":1.51,""sys_memory_used"":1130.24609375,""sys_memory_used_buffers"":71.34765625,""sys_memory_used_cache"":321.296875,""sys_memory_swap_used"":0,""sys_memory_swap_used_cache"":0,""fpm_listen_queue"":""0"",""fpm_listen_queue_length"":""128"",""fpm_total_processes"":""6"",""fpm_active_processes"":""6""}"
1472030843,"{""mysql_table_scans_pct"":0.053306476635181,""mysql_deadlocks"":""0"",""mysql_wait_locks"":""0"",""mysql_current_locks"":""1"",""mysql_total_locks"":""0"",""mysql_lock_time_avg"":""0"",""mysql_lock_time_max"":""0"",""mysql_select_scans"":""838"",""mysql_sort_scans"":""2198"",""mysql_join_scans"":""112"",""sys_load_avg"":1.39,""sys_memory_used"":1117.34765625,""sys_memory_used_buffers"":72.1875,""sys_memory_used_cache"":323.328125,""sys_memory_swap_used"":0,""sys_memory_swap_used_cache"":0,""fpm_listen_queue"":""0"",""fpm_listen_queue_length"":""128"",""fpm_total_processes"":""5"",""fpm_active_processes"":""4""}"
1472030848,"{""mysql_table_scans_pct"":0.053841101978201,""mysql_deadlocks"":""0"",""mysql_wait_locks"":""0"",""mysql_current_locks"":""0"",""mysql_total_locks"":""0"",""mysql_lock_time_avg"":""0"",""mysql_lock_time_max"":""0"",""mysql_select_scans"":""895"",""mysql_sort_scans"":""2305"",""mysql_join_scans"":""121"",""sys_load_avg"":1.35,""sys_memory_used"":1148.1171875,""sys_memory_used_buffers"":72.95703125,""sys_memory_used_cache"":324.7734375,""sys_memory_swap_used"":0,""sys_memory_swap_used_cache"":0,""fpm_listen_queue"":""1"",""fpm_listen_queue_length"":""128"",""fpm_total_processes"":""5"",""fpm_active_processes"":""3""}"
1472030853,"{""mysql_table_scans_pct"":0.054055357078652,""mysql_deadlocks"":""0"",""mysql_wait_locks"":""0"",""mysql_current_locks"":""1"",""mysql_total_locks"":""0"",""mysql_lock_time_avg"":""0"",""mysql_lock_time_max"":""0"",""mysql_select_scans"":""968"",""mysql_sort_scans"":""2473"",""mysql_join_scans"":""138"",""sys_load_avg"":1.25,""sys_memory_used"":1146.73046875,""sys_memory_used_buffers"":74.35546875,""sys_memory_used_cache"":327.1953125,""sys_memory_swap_used"":0,""sys_memory_swap_used_cache"":0,""fpm_listen_queue"":""0"",""fpm_listen_queue_length"":""128"",""fpm_total_processes"":""6"",""fpm_active_processes"":""5""}"
1472030858,"{""mysql_table_scans_pct"":0.054823456195049,""mysql_deadlocks"":""0"",""mysql_wait_locks"":""0"",""mysql_current_locks"":""0"",""mysql_total_locks"":""0"",""mysql_lock_time_avg"":""0"",""mysql_lock_time_max"":""0"",""mysql_select_scans"":""1037"",""mysql_sort_scans"":""2607"",""mysql_join_scans"":""150"",""sys_load_avg"":1.55,""sys_memory_used"":1153.90234375,""sys_memory_used_buffers"":75.34765625,""sys_memory_used_cache"":329.15234375,""sys_memory_swap_used"":0,""sys_memory_swap_used_cache"":0,""fpm_listen_queue"":""3"",""fpm_listen_queue_length"":""128"",""fpm_total_processes"":""5"",""fpm_active_processes"":""4""}"
1472030863,"{""mysql_table_scans_pct"":0.055424978860351,""mysql_deadlocks"":""0"",""mysql_wait_locks"":""0"",""mysql_current_locks"":""0"",""mysql_total_locks"":""0"",""mysql_lock_time_avg"":""0"",""mysql_lock_time_max"":""0"",""mysql_select_scans"":""1094"",""mysql_sort_scans"":""2711"",""mysql_join_scans"":""165"",""sys_load_avg"":1.5,""sys_memory_used"":1143.61328125,""sys_memory_used_buffers"":75.66015625,""sys_memory_used_cache"":330.9296875,""sys_memory_swap_used"":0,""sys_memory_swap_used_cache"":0,""fpm_listen_queue"":""0"",""fpm_listen_queue_length"":""128"",""fpm_total_processes"":""4"",""fpm_active_processes"":""2""}"
1472030868,"{""mysql_table_scans_pct"":0.055915379204335,""mysql_deadlocks"":""0"",""mysql_wait_locks"":""0"",""mysql_current_locks"":""0"",""mysql_total_locks"":""0"",""mysql_lock_time_avg"":""0"",""mysql_lock_time_max"":""0"",""mysql_select_scans"":""1157"",""mysql_sort_scans"":""2836"",""mysql_join_scans"":""179"",""sys_load_avg"":1.46,""sys_memory_used"":1175.94140625,""sys_memory_used_buffers"":76.15234375,""sys_memory_used_cache"":332.4609375,""sys_memory_swap_used"":0,""sys_memory_swap_used_cache"":0,""fpm_listen_queue"":""0"",""fpm_listen_queue_length"":""128"",""fpm_total_processes"":""5"",""fpm_active_processes"":""1""}"
1472030873,"{""mysql_table_scans_pct"":0.056654990684226,""mysql_deadlocks"":""0"",""mysql_wait_locks"":""0"",""mysql_current_locks"":""0"",""mysql_total_locks"":""0"",""mysql_lock_time_avg"":""0"",""mysql_lock_time_max"":""0"",""mysql_select_scans"":""1227"",""mysql_sort_scans"":""2968"",""mysql_join_scans"":""190"",""sys_load_avg"":1.79,""sys_memory_used"":1191.2890625,""sys_memory_used_buffers"":76.90625,""sys_memory_used_cache"":334.0625,""sys_memory_swap_used"":0,""sys_memory_swap_used_cache"":0,""fpm_listen_queue"":""0"",""fpm_listen_queue_length"":""128"",""fpm_total_processes"":""6"",""fpm_active_processes"":""5""}"
1472030878,"{""mysql_table_scans_pct"":0.057105911031699,""mysql_deadlocks"":""0"",""mysql_wait_locks"":""0"",""mysql_current_locks"":""0"",""mysql_total_locks"":""0"",""mysql_lock_time_avg"":""0"",""mysql_lock_time_max"":""0"",""mysql_select_scans"":""1287"",""mysql_sort_scans"":""3077"",""mysql_join_scans"":""201"",""sys_load_avg"":1.8,""sys_memory_used"":1198.234375,""sys_memory_used_buffers"":77.49609375,""sys_memory_used_cache"":335.921875,""sys_memory_swap_used"":0,""sys_memory_swap_used_cache"":0,""fpm_listen_queue"":""1"",""fpm_listen_queue_length"":""128"",""fpm_total_processes"":""6"",""fpm_active_processes"":""6""}"
1472030883,"{""mysql_table_scans_pct"":0.057480506315596,""mysql_deadlocks"":""0"",""mysql_wait_locks"":""0"",""mysql_current_locks"":""0"",""mysql_total_locks"":""0"",""mysql_lock_time_avg"":""0"",""mysql_lock_time_max"":""0"",""mysql_select_scans"":""1351"",""mysql_sort_scans"":""3201"",""mysql_join_scans"":""215"",""sys_load_avg"":1.98,""sys_memory_used"":1188.9140625,""sys_memory_used_buffers"":77.83984375,""sys_memory_used_cache"":338.359375,""sys_memory_swap_used"":0,""sys_memory_swap_used_cache"":0,""fpm_listen_queue"":""0"",""fpm_listen_queue_length"":""128"",""fpm_total_processes"":""6"",""fpm_active_processes"":""3""}"
1472030888,"{""mysql_table_scans_pct"":0.058103753127085,""mysql_deadlocks"":""0"",""mysql_wait_locks"":""0"",""mysql_current_locks"":""0"",""mysql_total_locks"":""0"",""mysql_lock_time_avg"":""0"",""mysql_lock_time_max"":""0"",""mysql_select_scans"":""1413"",""mysql_sort_scans"":""3320"",""mysql_join_scans"":""224"",""sys_load_avg"":2.3,""sys_memory_used"":1197.453125,""sys_memory_used_buffers"":78.73828125,""sys_memory_used_cache"":339.87890625,""sys_memory_swap_used"":0,""sys_memory_swap_used_cache"":0,""fpm_listen_queue"":""0"",""fpm_listen_queue_length"":""128"",""fpm_total_processes"":""6"",""fpm_active_processes"":""5""}"
1472030893,"{""mysql_table_scans_pct"":0.058530052278378,""mysql_deadlocks"":""0"",""mysql_wait_locks"":""0"",""mysql_current_locks"":""1"",""mysql_total_locks"":""0"",""mysql_lock_time_avg"":""0"",""mysql_lock_time_max"":""0"",""mysql_select_scans"":""1464"",""mysql_sort_scans"":""3418"",""mysql_join_scans"":""234"",""sys_load_avg"":2.12,""sys_memory_used"":1206.57421875,""sys_memory_used_buffers"":79.25,""sys_memory_used_cache"":341.50390625,""sys_memory_swap_used"":0,""sys_memory_swap_used_cache"":0,""fpm_listen_queue"":""0"",""fpm_listen_queue_length"":""128"",""fpm_total_processes"":""5"",""fpm_active_processes"":""4""}"
1472030899,"{""mysql_table_scans_pct"":0.05901503816305,""mysql_deadlocks"":""0"",""mysql_wait_locks"":""0"",""mysql_current_locks"":""0"",""mysql_total_locks"":""0"",""mysql_lock_time_avg"":""0"",""mysql_lock_time_max"":""0"",""mysql_select_scans"":""1521"",""mysql_sort_scans"":""3504"",""mysql_join_scans"":""248"",""sys_load_avg"":2.03,""sys_memory_used"":1204.46484375,""sys_memory_used_buffers"":79.625,""sys_memory_used_cache"":343.1484375,""sys_memory_swap_used"":0,""sys_memory_swap_used_cache"":0,""fpm_listen_queue"":""0"",""fpm_listen_queue_length"":""128"",""fpm_total_processes"":""6"",""fpm_active_processes"":""2""}"
1472030904,"{""mysql_table_scans_pct"":0.059632898219709,""mysql_deadlocks"":""0"",""mysql_wait_locks"":""0"",""mysql_current_locks"":""1"",""mysql_total_locks"":""0"",""mysql_lock_time_avg"":""0"",""mysql_lock_time_max"":""0"",""mysql_select_scans"":""1588"",""mysql_sort_scans"":""3643"",""mysql_join_scans"":""264"",""sys_load_avg"":2.03,""sys_memory_used"":1205.984375,""sys_memory_used_buffers"":79.8984375,""sys_memory_used_cache"":344.91015625,""sys_memory_swap_used"":0,""sys_memory_swap_used_cache"":0,""fpm_listen_queue"":""0"",""fpm_listen_queue_length"":""128"",""fpm_total_processes"":""4"",""fpm_active_processes"":""4""}"
1472030909,"{""mysql_table_scans_pct"":0.059976316687198,""mysql_deadlocks"":""0"",""mysql_wait_locks"":""0"",""mysql_current_locks"":""0"",""mysql_total_locks"":""0"",""mysql_lock_time_avg"":""0"",""mysql_lock_time_max"":""0"",""mysql_select_scans"":""1637"",""mysql_sort_scans"":""3732"",""mysql_join_scans"":""274"",""sys_load_avg"":1.94,""sys_memory_used"":1230.81640625,""sys_memory_used_buffers"":80.29296875,""sys_memory_used_cache"":346.4765625,""sys_memory_swap_used"":0,""sys_memory_swap_used_cache"":0,""fpm_listen_queue"":""0"",""fpm_listen_queue_length"":""128"",""fpm_total_processes"":""6"",""fpm_active_processes"":""4""}"
1472030914,"{""mysql_table_scans_pct"":0.060426827212227,""mysql_deadlocks"":""0"",""mysql_wait_locks"":""0"",""mysql_current_locks"":""0"",""mysql_total_locks"":""0"",""mysql_lock_time_avg"":""0"",""mysql_lock_time_max"":""0"",""mysql_select_scans"":""1689"",""mysql_sort_scans"":""3828"",""mysql_join_scans"":""283"",""sys_load_avg"":1.87,""sys_memory_used"":1217.84765625,""sys_memory_used_buffers"":80.52734375,""sys_memory_used_cache"":348.15234375,""sys_memory_swap_used"":0,""sys_memory_swap_used_cache"":0,""fpm_listen_queue"":""1"",""fpm_listen_queue_length"":""128"",""fpm_total_processes"":""4"",""fpm_active_processes"":""4""}"
1472030919,"{""mysql_table_scans_pct"":0.060537742498471,""mysql_deadlocks"":""0"",""mysql_wait_locks"":""0"",""mysql_current_locks"":""1"",""mysql_total_locks"":""0"",""mysql_lock_time_avg"":""0"",""mysql_lock_time_max"":""0"",""mysql_select_scans"":""1740"",""mysql_sort_scans"":""3922"",""mysql_join_scans"":""297"",""sys_load_avg"":1.96,""sys_memory_used"":1233.421875,""sys_memory_used_buffers"":80.7734375,""sys_memory_used_cache"":350.05078125,""sys_memory_swap_used"":0,""sys_memory_swap_used_cache"":0,""fpm_listen_queue"":""0"",""fpm_listen_queue_length"":""128"",""fpm_total_processes"":""5"",""fpm_active_processes"":""4""}"
1472030924,"{""mysql_table_scans_pct"":0.06104359443551,""mysql_deadlocks"":""0"",""mysql_wait_locks"":""0"",""mysql_current_locks"":""0"",""mysql_total_locks"":""0"",""mysql_lock_time_avg"":""0"",""mysql_lock_time_max"":""0"",""mysql_select_scans"":""1794"",""mysql_sort_scans"":""4019"",""mysql_join_scans"":""309"",""sys_load_avg"":1.88,""sys_memory_used"":1232.63671875,""sys_memory_used_buffers"":81.0546875,""sys_memory_used_cache"":351.671875,""sys_memory_swap_used"":0,""sys_memory_swap_used_cache"":0,""fpm_listen_queue"":""0"",""fpm_listen_queue_length"":""128"",""fpm_total_processes"":""5"",""fpm_active_processes"":""4""}"
1472030929,"{""mysql_table_scans_pct"":0.06164528117095,""mysql_deadlocks"":""0"",""mysql_wait_locks"":""0"",""mysql_current_locks"":""0"",""mysql_total_locks"":""0"",""mysql_lock_time_avg"":""0"",""mysql_lock_time_max"":""0"",""mysql_select_scans"":""1855"",""mysql_sort_scans"":""4134"",""mysql_join_scans"":""321"",""sys_load_avg"":2.05,""sys_memory_used"":1231.79296875,""sys_memory_used_buffers"":81.41796875,""sys_memory_used_cache"":353.2421875,""sys_memory_swap_used"":0,""sys_memory_swap_used_cache"":0,""fpm_listen_queue"":""0"",""fpm_listen_queue_length"":""128"",""fpm_total_processes"":""5"",""fpm_active_processes"":""4""}"
1472030934,"{""mysql_table_scans_pct"":0.062019191007822,""mysql_deadlocks"":""0"",""mysql_wait_locks"":""0"",""mysql_current_locks"":""0"",""mysql_total_locks"":""0"",""mysql_lock_time_avg"":""0"",""mysql_lock_time_max"":""0"",""mysql_select_scans"":""1903"",""mysql_sort_scans"":""4218"",""mysql_join_scans"":""335"",""sys_load_avg"":1.89,""sys_memory_used"":1236.8046875,""sys_memory_used_buffers"":81.6875,""sys_memory_used_cache"":354.9140625,""sys_memory_swap_used"":0,""sys_memory_swap_used_cache"":0,""fpm_listen_queue"":""0"",""fpm_listen_queue_length"":""128"",""fpm_total_processes"":""5"",""fpm_active_processes"":""1""}"
1472030939,"{""mysql_table_scans_pct"":0.062487643623065,""mysql_deadlocks"":""0"",""mysql_wait_locks"":""0"",""mysql_current_locks"":""0"",""mysql_total_locks"":""0"",""mysql_lock_time_avg"":""0"",""mysql_lock_time_max"":""0"",""mysql_select_scans"":""1953"",""mysql_sort_scans"":""4305"",""mysql_join_scans"":""350"",""sys_load_avg"":1.74,""sys_memory_used"":1259.8203125,""sys_memory_used_buffers"":82.0390625,""sys_memory_used_cache"":356.71875,""sys_memory_swap_used"":0,""sys_memory_swap_used_cache"":0,""fpm_listen_queue"":""0"",""fpm_listen_queue_length"":""128"",""fpm_total_processes"":""6"",""fpm_active_processes"":""4""}"
1472030944,"{""mysql_table_scans_pct"":0.062776963752456,""mysql_deadlocks"":""0"",""mysql_wait_locks"":""0"",""mysql_current_locks"":""0"",""mysql_total_locks"":""0"",""mysql_lock_time_avg"":""0"",""mysql_lock_time_max"":""0"",""mysql_select_scans"":""1997"",""mysql_sort_scans"":""4374"",""mysql_join_scans"":""358"",""sys_load_avg"":1.68,""sys_memory_used"":1236.65625,""sys_memory_used_buffers"":82.2421875,""sys_memory_used_cache"":357.984375,""sys_memory_swap_used"":0,""sys_memory_swap_used_cache"":0,""fpm_listen_queue"":""0"",""fpm_listen_queue_length"":""128"",""fpm_total_processes"":""5"",""fpm_active_processes"":""2""}"
1472030949,"{""mysql_table_scans_pct"":0.063142737709513,""mysql_deadlocks"":""0"",""mysql_wait_locks"":""0"",""mysql_current_locks"":""0"",""mysql_total_locks"":""0"",""mysql_lock_time_avg"":""0"",""mysql_lock_time_max"":""0"",""mysql_select_scans"":""2052"",""mysql_sort_scans"":""4463"",""mysql_join_scans"":""366"",""sys_load_avg"":1.54,""sys_memory_used"":1247.734375,""sys_memory_used_buffers"":82.5234375,""sys_memory_used_cache"":359.8515625,""sys_memory_swap_used"":0,""sys_memory_swap_used_cache"":0,""fpm_listen_queue"":""0"",""fpm_listen_queue_length"":""128"",""fpm_total_processes"":""4"",""fpm_active_processes"":""3""}"
1472030954,"{""mysql_table_scans_pct"":0.063729643261681,""mysql_deadlocks"":""0"",""mysql_wait_locks"":""0"",""mysql_current_locks"":""0"",""mysql_total_locks"":""0"",""mysql_lock_time_avg"":""0"",""mysql_lock_time_max"":""0"",""mysql_select_scans"":""2117"",""mysql_sort_scans"":""4586"",""mysql_join_scans"":""381"",""sys_load_avg"":1.42,""sys_memory_used"":1248.01171875,""sys_memory_used_buffers"":82.91796875,""sys_memory_used_cache"":361.5703125,""sys_memory_swap_used"":0,""sys_memory_swap_used_cache"":0,""fpm_listen_queue"":""0"",""fpm_listen_queue_length"":""128"",""fpm_total_processes"":""4"",""fpm_active_processes"":""4""}"
1472030959,"{""mysql_table_scans_pct"":0.064333173666068,""mysql_deadlocks"":""0"",""mysql_wait_locks"":""0"",""mysql_current_locks"":""0"",""mysql_total_locks"":""0"",""mysql_lock_time_avg"":""0"",""mysql_lock_time_max"":""0"",""mysql_select_scans"":""2186"",""mysql_sort_scans"":""4713"",""mysql_join_scans"":""395"",""sys_load_avg"":1.39,""sys_memory_used"":1278.9296875,""sys_memory_used_buffers"":85.26171875,""sys_memory_used_cache"":364.9296875,""sys_memory_swap_used"":0,""sys_memory_swap_used_cache"":0,""fpm_listen_queue"":""0"",""fpm_listen_queue_length"":""128"",""fpm_total_processes"":""4"",""fpm_active_processes"":""3""}"
1472030965,"{""mysql_table_scans_pct"":0.064706360617889,""mysql_deadlocks"":""0"",""mysql_wait_locks"":""0"",""mysql_current_locks"":""0"",""mysql_total_locks"":""0"",""mysql_lock_time_avg"":""0"",""mysql_lock_time_max"":""0"",""mysql_select_scans"":""2231"",""mysql_sort_scans"":""4789"",""mysql_join_scans"":""408"",""sys_load_avg"":1.27,""sys_memory_used"":1292.390625,""sys_memory_used_buffers"":85.59375,""sys_memory_used_cache"":366.46484375,""sys_memory_swap_used"":0,""sys_memory_swap_used_cache"":0,""fpm_listen_queue"":""0"",""fpm_listen_queue_length"":""128"",""fpm_total_processes"":""5"",""fpm_active_processes"":""5""}"
1472030970,"{""mysql_table_scans_pct"":0.065233938124908,""mysql_deadlocks"":""0"",""mysql_wait_locks"":""0"",""mysql_current_locks"":""3"",""mysql_total_locks"":""0"",""mysql_lock_time_avg"":""0"",""mysql_lock_time_max"":""0"",""mysql_select_scans"":""2296"",""mysql_sort_scans"":""4919"",""mysql_join_scans"":""422"",""sys_load_avg"":1.41,""sys_memory_used"":1315.7421875,""sys_memory_used_buffers"":86.046875,""sys_memory_used_cache"":368.1328125,""sys_memory_swap_used"":0,""sys_memory_swap_used_cache"":0,""fpm_listen_queue"":""0"",""fpm_listen_queue_length"":""128"",""fpm_total_processes"":""6"",""fpm_active_processes"":""4""}"
1472030975,"{""mysql_table_scans_pct"":0.065608256110895,""mysql_deadlocks"":""0"",""mysql_wait_locks"":""0"",""mysql_current_locks"":""0"",""mysql_total_locks"":""0"",""mysql_lock_time_avg"":""0"",""mysql_lock_time_max"":""0"",""mysql_select_scans"":""2347"",""mysql_sort_scans"":""5011"",""mysql_join_scans"":""432"",""sys_load_avg"":1.62,""sys_memory_used"":1319.8046875,""sys_memory_used_buffers"":86.40625,""sys_memory_used_cache"":369.65625,""sys_memory_swap_used"":0,""sys_memory_swap_used_cache"":0,""fpm_listen_queue"":""0"",""fpm_listen_queue_length"":""128"",""fpm_total_processes"":""6"",""fpm_active_processes"":""4""}"
1472030980,"{""mysql_table_scans_pct"":0.066028359575638,""mysql_deadlocks"":""0"",""mysql_wait_locks"":""0"",""mysql_current_locks"":""0"",""mysql_total_locks"":""0"",""mysql_lock_time_avg"":""0"",""mysql_lock_time_max"":""0"",""mysql_select_scans"":""2397"",""mysql_sort_scans"":""5101"",""mysql_join_scans"":""445"",""sys_load_avg"":1.65,""sys_memory_used"":1306.5,""sys_memory_used_buffers"":86.64453125,""sys_memory_used_cache"":371.45703125,""sys_memory_swap_used"":0,""sys_memory_swap_used_cache"":0,""fpm_listen_queue"":""0"",""fpm_listen_queue_length"":""128"",""fpm_total_processes"":""5"",""fpm_active_processes"":""4""}"
1472030985,"{""mysql_table_scans_pct"":0.066445424960223,""mysql_deadlocks"":""0"",""mysql_wait_locks"":""0"",""mysql_current_locks"":""0"",""mysql_total_locks"":""0"",""mysql_lock_time_avg"":""0"",""mysql_lock_time_max"":""0"",""mysql_select_scans"":""2449"",""mysql_sort_scans"":""5191"",""mysql_join_scans"":""456"",""sys_load_avg"":1.84,""sys_memory_used"":1311.1796875,""sys_memory_used_buffers"":86.81640625,""sys_memory_used_cache"":372.96875,""sys_memory_swap_used"":0,""sys_memory_swap_used_cache"":0,""fpm_listen_queue"":""0"",""fpm_listen_queue_length"":""128"",""fpm_total_processes"":""6"",""fpm_active_processes"":""3""}"
1472030990,"{""mysql_table_scans_pct"":0.066859548722129,""mysql_deadlocks"":""0"",""mysql_wait_locks"":""0"",""mysql_current_locks"":""1"",""mysql_total_locks"":""0"",""mysql_lock_time_avg"":""0"",""mysql_lock_time_max"":""0"",""mysql_select_scans"":""2504"",""mysql_sort_scans"":""5297"",""mysql_join_scans"":""472"",""sys_load_avg"":2.09,""sys_memory_used"":1318.9765625,""sys_memory_used_buffers"":87.21875,""sys_memory_used_cache"":374.578125,""sys_memory_swap_used"":0,""sys_memory_swap_used_cache"":0,""fpm_listen_queue"":""0"",""fpm_listen_queue_length"":""128"",""fpm_total_processes"":""5"",""fpm_active_processes"":""2""}"
1472030995,"{""mysql_table_scans_pct"":0.067175484969311,""mysql_deadlocks"":""0"",""mysql_wait_locks"":""0"",""mysql_current_locks"":""7"",""mysql_total_locks"":""0"",""mysql_lock_time_avg"":""0"",""mysql_lock_time_max"":""0"",""mysql_select_scans"":""2545"",""mysql_sort_scans"":""5366"",""mysql_join_scans"":""486"",""sys_load_avg"":2.08,""sys_memory_used"":1323.8828125,""sys_memory_used_buffers"":87.42578125,""sys_memory_used_cache"":376.15234375,""sys_memory_swap_used"":0,""sys_memory_swap_used_cache"":0,""fpm_listen_queue"":""0"",""fpm_listen_queue_length"":""128"",""fpm_total_processes"":""5"",""fpm_active_processes"":""5""}"
1472031000,"{""mysql_table_scans_pct"":0.067716368918021,""mysql_deadlocks"":""0"",""mysql_wait_locks"":""0"",""mysql_current_locks"":""0"",""mysql_total_locks"":""0"",""mysql_lock_time_avg"":""0"",""mysql_lock_time_max"":""0"",""mysql_select_scans"":""2605"",""mysql_sort_scans"":""5472"",""mysql_join_scans"":""504"",""sys_load_avg"":2,""sys_memory_used"":1327.2265625,""sys_memory_used_buffers"":87.63671875,""sys_memory_used_cache"":377.9375,""sys_memory_swap_used"":0,""sys_memory_swap_used_cache"":0,""fpm_listen_queue"":""0"",""fpm_listen_queue_length"":""128"",""fpm_total_processes"":""5"",""fpm_active_processes"":""3""}"
1472031005,"{""mysql_table_scans_pct"":0.068078882253062,""mysql_deadlocks"":""0"",""mysql_wait_locks"":""0"",""mysql_current_locks"":""0"",""mysql_total_locks"":""0"",""mysql_lock_time_avg"":""0"",""mysql_lock_time_max"":""0"",""mysql_select_scans"":""2644"",""mysql_sort_scans"":""5533"",""mysql_join_scans"":""513"",""sys_load_avg"":2.08,""sys_memory_used"":1360.92578125,""sys_memory_used_buffers"":88.0390625,""sys_memory_used_cache"":380.01953125,""sys_memory_swap_used"":0,""sys_memory_swap_used_cache"":0,""fpm_listen_queue"":""1"",""fpm_listen_queue_length"":""128"",""fpm_total_processes"":""7"",""fpm_active_processes"":""7""}"
1472031010,"{""mysql_table_scans_pct"":0.068380452300827,""mysql_deadlocks"":""0"",""mysql_wait_locks"":""0"",""mysql_current_locks"":""0"",""mysql_total_locks"":""0"",""mysql_lock_time_avg"":""0"",""mysql_lock_time_max"":""0"",""mysql_select_scans"":""2684"",""mysql_sort_scans"":""5586"",""mysql_join_scans"":""526"",""sys_load_avg"":2.15,""sys_memory_used"":1351.46484375,""sys_memory_used_buffers"":88.33203125,""sys_memory_used_cache"":381.59765625,""sys_memory_swap_used"":0,""sys_memory_swap_used_cache"":0,""fpm_listen_queue"":""0"",""fpm_listen_queue_length"":""128"",""fpm_total_processes"":""5"",""fpm_active_processes"":""3""}"
1472031015,"{""mysql_table_scans_pct"":0.068825869266123,""mysql_deadlocks"":""0"",""mysql_wait_locks"":""0"",""mysql_current_locks"":""0"",""mysql_total_locks"":""0"",""mysql_lock_time_avg"":""0"",""mysql_lock_time_max"":""0"",""mysql_select_scans"":""2731"",""mysql_sort_scans"":""5661"",""mysql_join_scans"":""536"",""sys_load_avg"":2.06,""sys_memory_used"":1353.734375,""sys_memory_used_buffers"":88.55078125,""sys_memory_used_cache"":383.046875,""sys_memory_swap_used"":0,""sys_memory_swap_used_cache"":0,""fpm_listen_queue"":""0"",""fpm_listen_queue_length"":""128"",""fpm_total_processes"":""6"",""fpm_active_processes"":""3""}"
1472031021,"{""mysql_table_scans_pct"":0.069197175397409,""mysql_deadlocks"":""0"",""mysql_wait_locks"":""0"",""mysql_current_locks"":""0"",""mysql_total_locks"":""0"",""mysql_lock_time_avg"":""0"",""mysql_lock_time_max"":""0"",""mysql_select_scans"":""2782"",""mysql_sort_scans"":""5753"",""mysql_join_scans"":""553"",""sys_load_avg"":1.97,""sys_memory_used"":1339.984375,""sys_memory_used_buffers"":88.73046875,""sys_memory_used_cache"":384.22265625,""sys_memory_swap_used"":0,""sys_memory_swap_used_cache"":0,""fpm_listen_queue"":""0"",""fpm_listen_queue_length"":""128"",""fpm_total_processes"":""4"",""fpm_active_processes"":""2""}"
1472031026,"{""mysql_table_scans_pct"":0.069418062754527,""mysql_deadlocks"":""0"",""mysql_wait_locks"":""0"",""mysql_current_locks"":""0"",""mysql_total_locks"":""0"",""mysql_lock_time_avg"":""0"",""mysql_lock_time_max"":""0"",""mysql_select_scans"":""2820"",""mysql_sort_scans"":""5794"",""mysql_join_scans"":""566"",""sys_load_avg"":1.82,""sys_memory_used"":1342.60546875,""sys_memory_used_buffers"":88.8515625,""sys_memory_used_cache"":385.4609375,""sys_memory_swap_used"":0,""sys_memory_swap_used_cache"":0,""fpm_listen_queue"":""0"",""fpm_listen_queue_length"":""128"",""fpm_total_processes"":""4"",""fpm_active_processes"":""2""}"
1472031031,"{""mysql_table_scans_pct"":0.069785096939967,""mysql_deadlocks"":""0"",""mysql_wait_locks"":""0"",""mysql_current_locks"":""0"",""mysql_total_locks"":""0"",""mysql_lock_time_avg"":""0"",""mysql_lock_time_max"":""0"",""mysql_select_scans"":""2867"",""mysql_sort_scans"":""5872"",""mysql_join_scans"":""578"",""sys_load_avg"":1.75,""sys_memory_used"":1347.75390625,""sys_memory_used_buffers"":89.14453125,""sys_memory_used_cache"":386.91796875,""sys_memory_swap_used"":0,""sys_memory_swap_used_cache"":0,""fpm_listen_queue"":""0"",""fpm_listen_queue_length"":""128"",""fpm_total_processes"":""4"",""fpm_active_processes"":""4""}"
1472031036,"{""mysql_table_scans_pct"":0.070093523514183,""mysql_deadlocks"":""0"",""mysql_wait_locks"":""0"",""mysql_current_locks"":""0"",""mysql_total_locks"":""0"",""mysql_lock_time_avg"":""0"",""mysql_lock_time_max"":""0"",""mysql_select_scans"":""2916"",""mysql_sort_scans"":""5939"",""mysql_join_scans"":""594"",""sys_load_avg"":1.61,""sys_memory_used"":1382.04296875,""sys_memory_used_buffers"":89.3125,""sys_memory_used_cache"":388.4453125,""sys_memory_swap_used"":0,""sys_memory_swap_used_cache"":0,""fpm_listen_queue"":""0"",""fpm_listen_queue_length"":""128"",""fpm_total_processes"":""6"",""fpm_active_processes"":""4""}"
1472031041,"{""mysql_table_scans_pct"":0.070345716472027,""mysql_deadlocks"":""0"",""mysql_wait_locks"":""0"",""mysql_current_locks"":""0"",""mysql_total_locks"":""0"",""mysql_lock_time_avg"":""0"",""mysql_lock_time_max"":""0"",""mysql_select_scans"":""2952"",""mysql_sort_scans"":""5981"",""mysql_join_scans"":""605"",""sys_load_avg"":1.48,""sys_memory_used"":1366.48828125,""sys_memory_used_buffers"":89.48046875,""sys_memory_used_cache"":389.8046875,""sys_memory_swap_used"":0,""sys_memory_swap_used_cache"":0,""fpm_listen_queue"":""0"",""fpm_listen_queue_length"":""128"",""fpm_total_processes"":""6"",""fpm_active_processes"":""3""}"
1472031046,"{""mysql_table_scans_pct"":0.070665142799729,""mysql_deadlocks"":""0"",""mysql_wait_locks"":""0"",""mysql_current_locks"":""0"",""mysql_total_locks"":""0"",""mysql_lock_time_avg"":""0"",""mysql_lock_time_max"":""0"",""mysql_select_scans"":""3003"",""mysql_sort_scans"":""6059"",""mysql_join_scans"":""622"",""sys_load_avg"":1.44,""sys_memory_used"":1369.0546875,""sys_memory_used_buffers"":89.73046875,""sys_memory_used_cache"":391.19140625,""sys_memory_swap_used"":0,""sys_memory_swap_used_cache"":0,""fpm_listen_queue"":""0"",""fpm_listen_queue_length"":""128"",""fpm_total_processes"":""5"",""fpm_active_processes"":""5""}"
1472031051,"{""mysql_table_scans_pct"":0.07105524361932,""mysql_deadlocks"":""0"",""mysql_wait_locks"":""0"",""mysql_current_locks"":""0"",""mysql_total_locks"":""0"",""mysql_lock_time_avg"":""0"",""mysql_lock_time_max"":""0"",""mysql_select_scans"":""3054"",""mysql_sort_scans"":""6144"",""mysql_join_scans"":""635"",""sys_load_avg"":1.33,""sys_memory_used"":1373.27734375,""sys_memory_used_buffers"":89.8828125,""sys_memory_used_cache"":392.69140625,""sys_memory_swap_used"":0,""sys_memory_swap_used_cache"":0,""fpm_listen_queue"":""0"",""fpm_listen_queue_length"":""128"",""fpm_total_processes"":""6"",""fpm_active_processes"":""5""}"
1472031056,"{""mysql_table_scans_pct"":0.071380704377904,""mysql_deadlocks"":""0"",""mysql_wait_locks"":""0"",""mysql_current_locks"":""0"",""mysql_total_locks"":""0"",""mysql_lock_time_avg"":""0"",""mysql_lock_time_max"":""0"",""mysql_select_scans"":""3103"",""mysql_sort_scans"":""6211"",""mysql_join_scans"":""647"",""sys_load_avg"":1.46,""sys_memory_used"":1375.91015625,""sys_memory_used_buffers"":90.03125,""sys_memory_used_cache"":393.96484375,""sys_memory_swap_used"":0,""sys_memory_swap_used_cache"":0,""fpm_listen_queue"":""0"",""fpm_listen_queue_length"":""128"",""fpm_total_processes"":""5"",""fpm_active_processes"":""3""}"
1472031061,"{""mysql_table_scans_pct"":0.071767562286543,""mysql_deadlocks"":""0"",""mysql_wait_locks"":""0"",""mysql_current_locks"":""0"",""mysql_total_locks"":""0"",""mysql_lock_time_avg"":""0"",""mysql_lock_time_max"":""0"",""mysql_select_scans"":""3156"",""mysql_sort_scans"":""6298"",""mysql_join_scans"":""657"",""sys_load_avg"":1.58,""sys_memory_used"":1367.53125,""sys_memory_used_buffers"":90.19140625,""sys_memory_used_cache"":395.35546875,""sys_memory_swap_used"":0,""sys_memory_swap_used_cache"":0,""fpm_listen_queue"":""0"",""fpm_listen_queue_length"":""128"",""fpm_total_processes"":""5"",""fpm_active_processes"":""4""}"
1472031066,"{""mysql_table_scans_pct"":0.072101698445994,""mysql_deadlocks"":""0"",""mysql_wait_locks"":""0"",""mysql_current_locks"":""3"",""mysql_total_locks"":""0"",""mysql_lock_time_avg"":""0"",""mysql_lock_time_max"":""0"",""mysql_select_scans"":""3209"",""mysql_sort_scans"":""6383"",""mysql_join_scans"":""670"",""sys_load_avg"":1.86,""sys_memory_used"":1352.40234375,""sys_memory_used_buffers"":90.3125,""sys_memory_used_cache"":396.62109375,""sys_memory_swap_used"":0,""sys_memory_swap_used_cache"":0,""fpm_listen_queue"":""0"",""fpm_listen_queue_length"":""128"",""fpm_total_processes"":""5"",""fpm_active_processes"":""4""}"
1472031071,"{""mysql_table_scans_pct"":0.072472888700692,""mysql_deadlocks"":""0"",""mysql_wait_locks"":""0"",""mysql_current_locks"":""0"",""mysql_total_locks"":""0"",""mysql_lock_time_avg"":""0"",""mysql_lock_time_max"":""0"",""mysql_select_scans"":""3266"",""mysql_sort_scans"":""6482"",""mysql_join_scans"":""687"",""sys_load_avg"":1.71,""sys_memory_used"":1378.55859375,""sys_memory_used_buffers"":90.484375,""sys_memory_used_cache"":398.51953125,""sys_memory_swap_used"":0,""sys_memory_swap_used_cache"":0,""fpm_listen_queue"":""0"",""fpm_listen_queue_length"":""128"",""fpm_total_processes"":""6"",""fpm_active_processes"":""3""}"
1472031076,"{""mysql_table_scans_pct"":0.072895685037449,""mysql_deadlocks"":""0"",""mysql_wait_locks"":""0"",""mysql_current_locks"":""0"",""mysql_total_locks"":""0"",""mysql_lock_time_avg"":""0"",""mysql_lock_time_max"":""0"",""mysql_select_scans"":""3316"",""mysql_sort_scans"":""6566"",""mysql_join_scans"":""702"",""sys_load_avg"":1.73,""sys_memory_used"":1359.4140625,""sys_memory_used_buffers"":90.62890625,""sys_memory_used_cache"":399.890625,""sys_memory_swap_used"":0,""sys_memory_swap_used_cache"":0,""fpm_listen_queue"":""0"",""fpm_listen_queue_length"":""128"",""fpm_total_processes"":""4"",""fpm_active_processes"":""4""}"
1472031081,"{""mysql_table_scans_pct"":0.073076795503219,""mysql_deadlocks"":""0"",""mysql_wait_locks"":""0"",""mysql_current_locks"":""0"",""mysql_total_locks"":""0"",""mysql_lock_time_avg"":""0"",""mysql_lock_time_max"":""0"",""mysql_select_scans"":""3347"",""mysql_sort_scans"":""6612"",""mysql_join_scans"":""711"",""sys_load_avg"":1.59,""sys_memory_used"":1349.3515625,""sys_memory_used_buffers"":90.84765625,""sys_memory_used_cache"":400.87890625,""sys_memory_swap_used"":0,""sys_memory_swap_used_cache"":0,""fpm_listen_queue"":""0"",""fpm_listen_queue_length"":""128"",""fpm_total_processes"":""4"",""fpm_active_processes"":""2""}"
1472031087,"{""mysql_table_scans_pct"":0.073335111815833,""mysql_deadlocks"":""0"",""mysql_wait_locks"":""0"",""mysql_current_locks"":""0"",""mysql_total_locks"":""0"",""mysql_lock_time_avg"":""0"",""mysql_lock_time_max"":""0"",""mysql_select_scans"":""3380"",""mysql_sort_scans"":""6666"",""mysql_join_scans"":""718"",""sys_load_avg"":1.47,""sys_memory_used"":1349.01171875,""sys_memory_used_buffers"":91,""sys_memory_used_cache"":401.8671875,""sys_memory_swap_used"":0,""sys_memory_swap_used_cache"":0,""fpm_listen_queue"":""0"",""fpm_listen_queue_length"":""128"",""fpm_total_processes"":""3"",""fpm_active_processes"":""3""}"
1472031092,"{""mysql_table_scans_pct"":0.073583241425286,""mysql_deadlocks"":""0"",""mysql_wait_locks"":""0"",""mysql_current_locks"":""0"",""mysql_total_locks"":""0"",""mysql_lock_time_avg"":""0"",""mysql_lock_time_max"":""0"",""mysql_select_scans"":""3408"",""mysql_sort_scans"":""6689"",""mysql_join_scans"":""723"",""sys_load_avg"":1.59,""sys_memory_used"":1351.2578125,""sys_memory_used_buffers"":91.05859375,""sys_memory_used_cache"":402.32421875,""sys_memory_swap_used"":0,""sys_memory_swap_used_cache"":0,""fpm_listen_queue"":""0"",""fpm_listen_queue_length"":""128"",""fpm_total_processes"":""3"",""fpm_active_processes"":""2""}"
1472031097,"{""mysql_table_scans_pct"":0.073764534636214,""mysql_deadlocks"":""0"",""mysql_wait_locks"":""0"",""mysql_current_locks"":""0"",""mysql_total_locks"":""0"",""mysql_lock_time_avg"":""0"",""mysql_lock_time_max"":""0"",""mysql_select_scans"":""3423"",""mysql_sort_scans"":""6708"",""mysql_join_scans"":""726"",""sys_load_avg"":1.46,""sys_memory_used"":1351.078125,""sys_memory_used_buffers"":91.11328125,""sys_memory_used_cache"":402.66796875,""sys_memory_swap_used"":0,""sys_memory_swap_used_cache"":0,""fpm_listen_queue"":""0"",""fpm_listen_queue_length"":""128"",""fpm_total_processes"":""3"",""fpm_active_processes"":""1""}"
1472031102,"{""mysql_table_scans_pct"":0.073945050074248,""mysql_deadlocks"":""0"",""mysql_wait_locks"":""0"",""mysql_current_locks"":""0"",""mysql_total_locks"":""0"",""mysql_lock_time_avg"":""0"",""mysql_lock_time_max"":""0"",""mysql_select_scans"":""3436"",""mysql_sort_scans"":""6721"",""mysql_join_scans"":""727"",""sys_load_avg"":1.42,""sys_memory_used"":1355.0078125,""sys_memory_used_buffers"":91.17578125,""sys_memory_used_cache"":402.8515625,""sys_memory_swap_used"":0,""sys_memory_swap_used_cache"":0,""fpm_listen_queue"":""0"",""fpm_listen_queue_length"":""128"",""fpm_total_processes"":""3"",""fpm_active_processes"":""1""}"
