1471508826,"{""mysql_table_scans_pct"":0.36906620857722,""mysql_deadlocks"":""0"",""mysql_wait_locks"":""0"",""mysql_current_locks"":""6078"",""mysql_total_locks"":""0"",""mysql_lock_time_avg"":""0"",""mysql_lock_time_max"":""0"",""mysql_select_scans"":""2188"",""mysql_sort_scans"":""2850"",""mysql_join_scans"":""38"",""sys_load_avg"":3.73,""sys_memory_used"":1954.9921875,""sys_memory_used_buffers"":163.84765625,""sys_memory_used_cache"":650.80078125,""sys_memory_swap_used"":0,""sys_memory_swap_used_cache"":0,""fpm_listen_queue"":""0"",""fpm_listen_queue_length"":""128"",""fpm_total_processes"":""9"",""fpm_active_processes"":""5""}"
1471508831,"{""mysql_table_scans_pct"":0.36808492463565,""mysql_deadlocks"":""0"",""mysql_wait_locks"":""0"",""mysql_current_locks"":""6238"",""mysql_total_locks"":""0"",""mysql_lock_time_avg"":""0"",""mysql_lock_time_max"":""0"",""mysql_select_scans"":""2496"",""mysql_sort_scans"":""3297"",""mysql_join_scans"":""43"",""sys_load_avg"":3.91,""sys_memory_used"":1960.359375,""sys_memory_used_buffers"":165.828125,""sys_memory_used_cache"":657.99609375,""sys_memory_swap_used"":0,""sys_memory_swap_used_cache"":0,""fpm_listen_queue"":""0"",""fpm_listen_queue_length"":""128"",""fpm_total_processes"":""10"",""fpm_active_processes"":""7""}"
1471508836,"{""mysql_table_scans_pct"":0.36772248996569,""mysql_deadlocks"":""0"",""mysql_wait_locks"":""0"",""mysql_current_locks"":""6406"",""mysql_total_locks"":""0"",""mysql_lock_time_avg"":""0"",""mysql_lock_time_max"":""0"",""mysql_select_scans"":""2737"",""mysql_sort_scans"":""3700"",""mysql_join_scans"":""45"",""sys_load_avg"":4.16,""sys_memory_used"":1949.50390625,""sys_memory_used_buffers"":167.64453125,""sys_memory_used_cache"":663.62109375,""sys_memory_swap_used"":0,""sys_memory_swap_used_cache"":0,""fpm_listen_queue"":""0"",""fpm_listen_queue_length"":""128"",""fpm_total_processes"":""8"",""fpm_active_processes"":""8""}"
1471508841,"{""mysql_table_scans_pct"":0.36745984507142,""mysql_deadlocks"":""0"",""mysql_wait_locks"":""0"",""mysql_current_locks"":""6584"",""mysql_total_locks"":""0"",""mysql_lock_time_avg"":""0"",""mysql_lock_time_max"":""0"",""mysql_select_scans"":""2979"",""mysql_sort_scans"":""4022"",""mysql_join_scans"":""50"",""sys_load_avg"":4.39,""sys_memory_used"":1933.91015625,""sys_memory_used_buffers"":169.4765625,""sys_memory_used_cache"":669.19921875,""sys_memory_swap_used"":0,""sys_memory_swap_used_cache"":0,""fpm_listen_queue"":""0"",""fpm_listen_queue_length"":""128"",""fpm_total_processes"":""8"",""fpm_active_processes"":""5""}"
1471508847,"{""mysql_table_scans_pct"":0.36676617963563,""mysql_deadlocks"":""0"",""mysql_wait_locks"":""0"",""mysql_current_locks"":""6737"",""mysql_total_locks"":""0"",""mysql_lock_time_avg"":""0"",""mysql_lock_time_max"":""0"",""mysql_select_scans"":""3237"",""mysql_sort_scans"":""4536"",""mysql_join_scans"":""53"",""sys_load_avg"":4.68,""sys_memory_used"":1979.85546875,""sys_memory_used_buffers"":171.67578125,""sys_memory_used_cache"":677.484375,""sys_memory_swap_used"":0,""sys_memory_swap_used_cache"":0,""fpm_listen_queue"":""1"",""fpm_listen_queue_length"":""128"",""fpm_total_processes"":""7"",""fpm_active_processes"":""4""}"
1471508852,"{""mysql_table_scans_pct"":0.36538016328463,""mysql_deadlocks"":""0"",""mysql_wait_locks"":""0"",""mysql_current_locks"":""6860"",""mysql_total_locks"":""0"",""mysql_lock_time_avg"":""0"",""mysql_lock_time_max"":""0"",""mysql_select_scans"":""3444"",""mysql_sort_scans"":""4951"",""mysql_join_scans"":""55"",""sys_load_avg"":4.86,""sys_memory_used"":1957.9765625,""sys_memory_used_buffers"":173.46484375,""sys_memory_used_cache"":685.265625,""sys_memory_swap_used"":0,""sys_memory_swap_used_cache"":0,""fpm_listen_queue"":""0"",""fpm_listen_queue_length"":""128"",""fpm_total_processes"":""7"",""fpm_active_processes"":""3""}"
1471508857,"{""mysql_table_scans_pct"":0.36282208327879,""mysql_deadlocks"":""0"",""mysql_wait_locks"":""0"",""mysql_current_locks"":""6890"",""mysql_total_locks"":""0"",""mysql_lock_time_avg"":""0"",""mysql_lock_time_max"":""0"",""mysql_select_scans"":""3687"",""mysql_sort_scans"":""5451"",""mysql_join_scans"":""56"",""sys_load_avg"":4.63,""sys_memory_used"":2031.0078125,""sys_memory_used_buffers"":175.7265625,""sys_memory_used_cache"":693.87109375,""sys_memory_swap_used"":0,""sys_memory_swap_used_cache"":0,""fpm_listen_queue"":""0"",""fpm_listen_queue_length"":""128"",""fpm_total_processes"":""8"",""fpm_active_processes"":""8""}"
1471508862,"{""mysql_table_scans_pct"":0.36102474061819,""mysql_deadlocks"":""0"",""mysql_wait_locks"":""0"",""mysql_current_locks"":""6950"",""mysql_total_locks"":""0"",""mysql_lock_time_avg"":""0"",""mysql_lock_time_max"":""0"",""mysql_select_scans"":""3897"",""mysql_sort_scans"":""5893"",""mysql_join_scans"":""58"",""sys_load_avg"":4.66,""sys_memory_used"":1999.87109375,""sys_memory_used_buffers"":177.0703125,""sys_memory_used_cache"":701.4296875,""sys_memory_swap_used"":0,""sys_memory_swap_used_cache"":0,""fpm_listen_queue"":""0"",""fpm_listen_queue_length"":""128"",""fpm_total_processes"":""7"",""fpm_active_processes"":""6""}"
1471508867,"{""mysql_table_scans_pct"":0.35937400406648,""mysql_deadlocks"":""0"",""mysql_wait_locks"":""0"",""mysql_current_locks"":""7013"",""mysql_total_locks"":""0"",""mysql_lock_time_avg"":""0"",""mysql_lock_time_max"":""0"",""mysql_select_scans"":""4101"",""mysql_sort_scans"":""6286"",""mysql_join_scans"":""61"",""sys_load_avg"":5.09,""sys_memory_used"":2010.44140625,""sys_memory_used_buffers"":178.51953125,""sys_memory_used_cache"":708.6171875,""sys_memory_swap_used"":0,""sys_memory_swap_used_cache"":0,""fpm_listen_queue"":""0"",""fpm_listen_queue_length"":""128"",""fpm_total_processes"":""8"",""fpm_active_processes"":""7""}"
1471508872,"{""mysql_table_scans_pct"":0.35655292243618,""mysql_deadlocks"":""0"",""mysql_wait_locks"":""0"",""mysql_current_locks"":""7072"",""mysql_total_locks"":""0"",""mysql_lock_time_avg"":""0"",""mysql_lock_time_max"":""0"",""mysql_select_scans"":""4286"",""mysql_sort_scans"":""6646"",""mysql_join_scans"":""62"",""sys_load_avg"":5.24,""sys_memory_used"":2056.16015625,""sys_memory_used_buffers"":179.6328125,""sys_memory_used_cache"":714.60546875,""sys_memory_swap_used"":0,""sys_memory_swap_used_cache"":0,""fpm_listen_queue"":""0"",""fpm_listen_queue_length"":""128"",""fpm_total_processes"":""8"",""fpm_active_processes"":""8""}"
1471508877,"{""mysql_table_scans_pct"":0.35487498639657,""mysql_deadlocks"":""0"",""mysql_wait_locks"":""0"",""mysql_current_locks"":""7174"",""mysql_total_locks"":""0"",""mysql_lock_time_avg"":""0"",""mysql_lock_time_max"":""0"",""mysql_select_scans"":""4484"",""mysql_sort_scans"":""6961"",""mysql_join_scans"":""66"",""sys_load_avg"":5.38,""sys_memory_used"":2035.5703125,""sys_memory_used_buffers"":180.71875,""sys_memory_used_cache"":719.921875,""sys_memory_swap_used"":0,""sys_memory_swap_used_cache"":0,""fpm_listen_queue"":""0"",""fpm_listen_queue_length"":""128"",""fpm_total_processes"":""8"",""fpm_active_processes"":""4""}"
1471508882,"{""mysql_table_scans_pct"":0.35323216163976,""mysql_deadlocks"":""0"",""mysql_wait_locks"":""0"",""mysql_current_locks"":""7270"",""mysql_total_locks"":""0"",""mysql_lock_time_avg"":""0"",""mysql_lock_time_max"":""0"",""mysql_select_scans"":""4662"",""mysql_sort_scans"":""7291"",""mysql_join_scans"":""68"",""sys_load_avg"":5.67,""sys_memory_used"":2065.296875,""sys_memory_used_buffers"":181.64453125,""sys_memory_used_cache"":724.95703125,""sys_memory_swap_used"":0,""sys_memory_swap_used_cache"":0,""fpm_listen_queue"":""2"",""fpm_listen_queue_length"":""128"",""fpm_total_processes"":""7"",""fpm_active_processes"":""7""}"
1471508887,"{""mysql_table_scans_pct"":0.3516631685625,""mysql_deadlocks"":""0"",""mysql_wait_locks"":""0"",""mysql_current_locks"":""7414"",""mysql_total_locks"":""0"",""mysql_lock_time_avg"":""0"",""mysql_lock_time_max"":""0"",""mysql_select_scans"":""4776"",""mysql_sort_scans"":""7502"",""mysql_join_scans"":""68"",""sys_load_avg"":5.62,""sys_memory_used"":2068.4296875,""sys_memory_used_buffers"":182.56640625,""sys_memory_used_cache"":730.7109375,""sys_memory_swap_used"":0,""sys_memory_swap_used_cache"":0,""fpm_listen_queue"":""0"",""fpm_listen_queue_length"":""128"",""fpm_total_processes"":""8"",""fpm_active_processes"":""7""}"
1471508892,"{""mysql_table_scans_pct"":0.34981272384062,""mysql_deadlocks"":""0"",""mysql_wait_locks"":""0"",""mysql_current_locks"":""7572"",""mysql_total_locks"":""0"",""mysql_lock_time_avg"":""0"",""mysql_lock_time_max"":""0"",""mysql_select_scans"":""4923"",""mysql_sort_scans"":""7823"",""mysql_join_scans"":""69"",""sys_load_avg"":5.49,""sys_memory_used"":2080.5390625,""sys_memory_used_buffers"":183.484375,""sys_memory_used_cache"":737.26171875,""sys_memory_swap_used"":0,""sys_memory_swap_used_cache"":0,""fpm_listen_queue"":""0"",""fpm_listen_queue_length"":""128"",""fpm_total_processes"":""8"",""fpm_active_processes"":""5""}"
1471508898,"{""mysql_table_scans_pct"":0.34822940316634,""mysql_deadlocks"":""0"",""mysql_wait_locks"":""0"",""mysql_current_locks"":""7740"",""mysql_total_locks"":""0"",""mysql_lock_time_avg"":""0"",""mysql_lock_time_max"":""0"",""mysql_select_scans"":""5047"",""mysql_sort_scans"":""8079"",""mysql_join_scans"":""71"",""sys_load_avg"":5.37,""sys_memory_used"":2070.60546875,""sys_memory_used_buffers"":184.1953125,""sys_memory_used_cache"":741.44921875,""sys_memory_swap_used"":0,""sys_memory_swap_used_cache"":0,""fpm_listen_queue"":""0"",""fpm_listen_queue_length"":""128"",""fpm_total_processes"":""8"",""fpm_active_processes"":""7""}"
1471508903,"{""mysql_table_scans_pct"":0.34627348565605,""mysql_deadlocks"":""0"",""mysql_wait_locks"":""0"",""mysql_current_locks"":""0"",""mysql_total_locks"":""0"",""mysql_lock_time_avg"":""0"",""mysql_lock_time_max"":""0"",""mysql_select_scans"":""5220"",""mysql_sort_scans"":""8371"",""mysql_join_scans"":""72"",""sys_load_avg"":5.5,""sys_memory_used"":2045.62109375,""sys_memory_used_buffers"":185.2265625,""sys_memory_used_cache"":747.3671875,""sys_memory_swap_used"":0,""sys_memory_swap_used_cache"":0,""fpm_listen_queue"":""0"",""fpm_listen_queue_length"":""128"",""fpm_total_processes"":""7"",""fpm_active_processes"":""6""}"
1471508908,"{""mysql_table_scans_pct"":0.34485167277827,""mysql_deadlocks"":""0"",""mysql_wait_locks"":""0"",""mysql_current_locks"":""334"",""mysql_total_locks"":""0"",""mysql_lock_time_avg"":""0"",""mysql_lock_time_max"":""0"",""mysql_select_scans"":""5286"",""mysql_sort_scans"":""8576"",""mysql_join_scans"":""72"",""sys_load_avg"":5.78,""sys_memory_used"":2112.30859375,""sys_memory_used_buffers"":187.56640625,""sys_memory_used_cache"":751.65234375,""sys_memory_swap_used"":0,""sys_memory_swap_used_cache"":0,""fpm_listen_queue"":""0"",""fpm_listen_queue_length"":""128"",""fpm_total_processes"":""7"",""fpm_active_processes"":""6""}"
1471508913,"{""mysql_table_scans_pct"":0.33957535710443,""mysql_deadlocks"":""0"",""mysql_wait_locks"":""0"",""mysql_current_locks"":""3146"",""mysql_total_locks"":""0"",""mysql_lock_time_avg"":""0"",""mysql_lock_time_max"":""0"",""mysql_select_scans"":""5385"",""mysql_sort_scans"":""8806"",""mysql_join_scans"":""76"",""sys_load_avg"":6.04,""sys_memory_used"":2116.4375,""sys_memory_used_buffers"":188.7890625,""sys_memory_used_cache"":756.0859375,""sys_memory_swap_used"":0,""sys_memory_swap_used_cache"":0,""fpm_listen_queue"":""0"",""fpm_listen_queue_length"":""128"",""fpm_total_processes"":""7"",""fpm_active_processes"":""7""}"
1471508918,"{""mysql_table_scans_pct"":0.33265110315951,""mysql_deadlocks"":""0"",""mysql_wait_locks"":""0"",""mysql_current_locks"":""1029"",""mysql_total_locks"":""0"",""mysql_lock_time_avg"":""0"",""mysql_lock_time_max"":""0"",""mysql_select_scans"":""5524"",""mysql_sort_scans"":""8970"",""mysql_join_scans"":""78"",""sys_load_avg"":6.2,""sys_memory_used"":2161.69140625,""sys_memory_used_buffers"":190.5234375,""sys_memory_used_cache"":762.6796875,""sys_memory_swap_used"":0,""sys_memory_swap_used_cache"":0,""fpm_listen_queue"":""0"",""fpm_listen_queue_length"":""128"",""fpm_total_processes"":""7"",""fpm_active_processes"":""7""}"
1471508923,"{""mysql_table_scans_pct"":0.32522319288037,""mysql_deadlocks"":""0"",""mysql_wait_locks"":""0"",""mysql_current_locks"":""0"",""mysql_total_locks"":""0"",""mysql_lock_time_avg"":""0"",""mysql_lock_time_max"":""0"",""mysql_select_scans"":""5634"",""mysql_sort_scans"":""9180"",""mysql_join_scans"":""80"",""sys_load_avg"":6.34,""sys_memory_used"":2110.296875,""sys_memory_used_buffers"":191.26171875,""sys_memory_used_cache"":771.78125,""sys_memory_swap_used"":0,""sys_memory_swap_used_cache"":0,""fpm_listen_queue"":""0"",""fpm_listen_queue_length"":""128"",""fpm_total_processes"":""8"",""fpm_active_processes"":""7""}"
1471508928,"{""mysql_table_scans_pct"":0.30324032545867,""mysql_deadlocks"":""0"",""mysql_wait_locks"":""0"",""mysql_current_locks"":""0"",""mysql_total_locks"":""0"",""mysql_lock_time_avg"":""0"",""mysql_lock_time_max"":""0"",""mysql_select_scans"":""5722"",""mysql_sort_scans"":""9449"",""mysql_join_scans"":""80"",""sys_load_avg"":6.31,""sys_memory_used"":2087.7265625,""sys_memory_used_buffers"":191.98046875,""sys_memory_used_cache"":778.828125,""sys_memory_swap_used"":0,""sys_memory_swap_used_cache"":0,""fpm_listen_queue"":""0"",""fpm_listen_queue_length"":""128"",""fpm_total_processes"":""8"",""fpm_active_processes"":""4""}"
1471508933,"{""mysql_table_scans_pct"":0.28513200659561,""mysql_deadlocks"":""0"",""mysql_wait_locks"":""0"",""mysql_current_locks"":""0"",""mysql_total_locks"":""0"",""mysql_lock_time_avg"":""0"",""mysql_lock_time_max"":""0"",""mysql_select_scans"":""5797"",""mysql_sort_scans"":""9656"",""mysql_join_scans"":""80"",""sys_load_avg"":6.29,""sys_memory_used"":2093.8203125,""sys_memory_used_buffers"":192.48046875,""sys_memory_used_cache"":783.83203125,""sys_memory_swap_used"":0,""sys_memory_swap_used_cache"":0,""fpm_listen_queue"":""0"",""fpm_listen_queue_length"":""128"",""fpm_total_processes"":""8"",""fpm_active_processes"":""4""}"
1471508938,"{""mysql_table_scans_pct"":0.26842440085291,""mysql_deadlocks"":""0"",""mysql_wait_locks"":""0"",""mysql_current_locks"":""0"",""mysql_total_locks"":""0"",""mysql_lock_time_avg"":""0"",""mysql_lock_time_max"":""0"",""mysql_select_scans"":""5909"",""mysql_sort_scans"":""9860"",""mysql_join_scans"":""82"",""sys_load_avg"":6.1,""sys_memory_used"":2131.48828125,""sys_memory_used_buffers"":193,""sys_memory_used_cache"":786.84765625,""sys_memory_swap_used"":0,""sys_memory_swap_used_cache"":0,""fpm_listen_queue"":""0"",""fpm_listen_queue_length"":""128"",""fpm_total_processes"":""8"",""fpm_active_processes"":""8""}"
1471508944,"{""mysql_table_scans_pct"":0.25579374851232,""mysql_deadlocks"":""0"",""mysql_wait_locks"":""0"",""mysql_current_locks"":""0"",""mysql_total_locks"":""0"",""mysql_lock_time_avg"":""0"",""mysql_lock_time_max"":""0"",""mysql_select_scans"":""5978"",""mysql_sort_scans"":""10038"",""mysql_join_scans"":""83"",""sys_load_avg"":6.1,""sys_memory_used"":2138.52734375,""sys_memory_used_buffers"":193.453125,""sys_memory_used_cache"":791.2578125,""sys_memory_swap_used"":0,""sys_memory_swap_used_cache"":0,""fpm_listen_queue"":""0"",""fpm_listen_queue_length"":""128"",""fpm_total_processes"":""8"",""fpm_active_processes"":""6""}"
1471508949,"{""mysql_table_scans_pct"":0.2454499469661,""mysql_deadlocks"":""0"",""mysql_wait_locks"":""0"",""mysql_current_locks"":""0"",""mysql_total_locks"":""0"",""mysql_lock_time_avg"":""0"",""mysql_lock_time_max"":""0"",""mysql_select_scans"":""6050"",""mysql_sort_scans"":""10203"",""mysql_join_scans"":""88"",""sys_load_avg"":5.77,""sys_memory_used"":2121.0234375,""sys_memory_used_buffers"":193.90625,""sys_memory_used_cache"":793.75390625,""sys_memory_swap_used"":0,""sys_memory_swap_used_cache"":0,""fpm_listen_queue"":""0"",""fpm_listen_queue_length"":""128"",""fpm_total_processes"":""7"",""fpm_active_processes"":""7""}"
1471508954,"{""mysql_table_scans_pct"":0.23212509356944,""mysql_deadlocks"":""0"",""mysql_wait_locks"":""0"",""mysql_current_locks"":""0"",""mysql_total_locks"":""0"",""mysql_lock_time_avg"":""0"",""mysql_lock_time_max"":""0"",""mysql_select_scans"":""6141"",""mysql_sort_scans"":""10418"",""mysql_join_scans"":""90"",""sys_load_avg"":5.71,""sys_memory_used"":2132.02734375,""sys_memory_used_buffers"":194.359375,""sys_memory_used_cache"":798.5703125,""sys_memory_swap_used"":0,""sys_memory_swap_used_cache"":0,""fpm_listen_queue"":""0"",""fpm_listen_queue_length"":""128"",""fpm_total_processes"":""8"",""fpm_active_processes"":""7""}"
1471508959,"{""mysql_table_scans_pct"":0.22300426833015,""mysql_deadlocks"":""0"",""mysql_wait_locks"":""0"",""mysql_current_locks"":""0"",""mysql_total_locks"":""0"",""mysql_lock_time_avg"":""0"",""mysql_lock_time_max"":""0"",""mysql_select_scans"":""6213"",""mysql_sort_scans"":""10565"",""mysql_join_scans"":""90"",""sys_load_avg"":5.65,""sys_memory_used"":2115.77734375,""sys_memory_used_buffers"":195.140625,""sys_memory_used_cache"":802.55078125,""sys_memory_swap_used"":0,""sys_memory_swap_used_cache"":0,""fpm_listen_queue"":""0"",""fpm_listen_queue_length"":""128"",""fpm_total_processes"":""7"",""fpm_active_processes"":""6""}"
1471508964,"{""mysql_table_scans_pct"":0.22057237045,""mysql_deadlocks"":""0"",""mysql_wait_locks"":""0"",""mysql_current_locks"":""0"",""mysql_total_locks"":""0"",""mysql_lock_time_avg"":""0"",""mysql_lock_time_max"":""0"",""mysql_select_scans"":""6258"",""mysql_sort_scans"":""10696"",""mysql_join_scans"":""90"",""sys_load_avg"":5.36,""sys_memory_used"":2131.35546875,""sys_memory_used_buffers"":195.5546875,""sys_memory_used_cache"":805.3671875,""sys_memory_swap_used"":0,""sys_memory_swap_used_cache"":0,""fpm_listen_queue"":""0"",""fpm_listen_queue_length"":""128"",""fpm_total_processes"":""6"",""fpm_active_processes"":""4""}"
1471508969,"{""mysql_table_scans_pct"":0.22052813694047,""mysql_deadlocks"":""0"",""mysql_wait_locks"":""0"",""mysql_current_locks"":""0"",""mysql_total_locks"":""0"",""mysql_lock_time_avg"":""0"",""mysql_lock_time_max"":""0"",""mysql_select_scans"":""6309"",""mysql_sort_scans"":""10952"",""mysql_join_scans"":""95"",""sys_load_avg"":5.01,""sys_memory_used"":2188.57421875,""sys_memory_used_buffers"":196.1640625,""sys_memory_used_cache"":811.1640625,""sys_memory_swap_used"":0,""sys_memory_swap_used_cache"":0,""fpm_listen_queue"":""0"",""fpm_listen_queue_length"":""128"",""fpm_total_processes"":""7"",""fpm_active_processes"":""6""}"
1471508974,"{""mysql_table_scans_pct"":0.2205417421722,""mysql_deadlocks"":""0"",""mysql_wait_locks"":""0"",""mysql_current_locks"":""0"",""mysql_total_locks"":""0"",""mysql_lock_time_avg"":""0"",""mysql_lock_time_max"":""0"",""mysql_select_scans"":""6385"",""mysql_sort_scans"":""11182"",""mysql_join_scans"":""96"",""sys_load_avg"":5.17,""sys_memory_used"":2141.32421875,""sys_memory_used_buffers"":196.47265625,""sys_memory_used_cache"":815.55078125,""sys_memory_swap_used"":0,""sys_memory_swap_used_cache"":0,""fpm_listen_queue"":""0"",""fpm_listen_queue_length"":""128"",""fpm_total_processes"":""7"",""fpm_active_processes"":""5""}"
1471508979,"{""mysql_table_scans_pct"":0.22052960581149,""mysql_deadlocks"":""0"",""mysql_wait_locks"":""0"",""mysql_current_locks"":""0"",""mysql_total_locks"":""0"",""mysql_lock_time_avg"":""0"",""mysql_lock_time_max"":""0"",""mysql_select_scans"":""6427"",""mysql_sort_scans"":""11357"",""mysql_join_scans"":""98"",""sys_load_avg"":4.75,""sys_memory_used"":2175.5390625,""sys_memory_used_buffers"":196.66796875,""sys_memory_used_cache"":819.08203125,""sys_memory_swap_used"":0,""sys_memory_swap_used_cache"":0,""fpm_listen_queue"":""0"",""fpm_listen_queue_length"":""128"",""fpm_total_processes"":""8"",""fpm_active_processes"":""7""}"
1471508984,"{""mysql_table_scans_pct"":0.21995674454054,""mysql_deadlocks"":""0"",""mysql_wait_locks"":""0"",""mysql_current_locks"":""464"",""mysql_total_locks"":""1"",""mysql_lock_time_avg"":""122"",""mysql_lock_time_max"":""122"",""mysql_select_scans"":""6485"",""mysql_sort_scans"":""11527"",""mysql_join_scans"":""101"",""sys_load_avg"":4.53,""sys_memory_used"":2289.2734375,""sys_memory_used_buffers"":196.875,""sys_memory_used_cache"":822.0234375,""sys_memory_swap_used"":0,""sys_memory_swap_used_cache"":0,""fpm_listen_queue"":""0"",""fpm_listen_queue_length"":""128"",""fpm_total_processes"":""8"",""fpm_active_processes"":""8""}"
1471508989,"{""mysql_table_scans_pct"":0.22017020347254,""mysql_deadlocks"":""0"",""mysql_wait_locks"":""0"",""mysql_current_locks"":""520"",""mysql_total_locks"":""1"",""mysql_lock_time_avg"":""122"",""mysql_lock_time_max"":""122"",""mysql_select_scans"":""6590"",""mysql_sort_scans"":""11686"",""mysql_join_scans"":""105"",""sys_load_avg"":4.73,""sys_memory_used"":2254.1171875,""sys_memory_used_buffers"":197.0234375,""sys_memory_used_cache"":827.29296875,""sys_memory_swap_used"":0,""sys_memory_swap_used_cache"":0,""fpm_listen_queue"":""0"",""fpm_listen_queue_length"":""128"",""fpm_total_processes"":""7"",""fpm_active_processes"":""4""}"
1471508994,"{""mysql_table_scans_pct"":0.22070951374383,""mysql_deadlocks"":""0"",""mysql_wait_locks"":""0"",""mysql_current_locks"":""1230"",""mysql_total_locks"":""1"",""mysql_lock_time_avg"":""122"",""mysql_lock_time_max"":""122"",""mysql_select_scans"":""6705"",""mysql_sort_scans"":""11982"",""mysql_join_scans"":""108"",""sys_load_avg"":4.51,""sys_memory_used"":2264.5859375,""sys_memory_used_buffers"":197.24609375,""sys_memory_used_cache"":832.64453125,""sys_memory_swap_used"":0,""sys_memory_swap_used_cache"":0,""fpm_listen_queue"":""0"",""fpm_listen_queue_length"":""128"",""fpm_total_processes"":""7"",""fpm_active_processes"":""7""}"
1471509000,"{""mysql_table_scans_pct"":0.22342811575678,""mysql_deadlocks"":""0"",""mysql_wait_locks"":""0"",""mysql_current_locks"":""20"",""mysql_total_locks"":""1"",""mysql_lock_time_avg"":""122"",""mysql_lock_time_max"":""122"",""mysql_select_scans"":""6783"",""mysql_sort_scans"":""12172"",""mysql_join_scans"":""109"",""sys_load_avg"":4.87,""sys_memory_used"":2306.72265625,""sys_memory_used_buffers"":197.48828125,""sys_memory_used_cache"":837.9921875,""sys_memory_swap_used"":0,""sys_memory_swap_used_cache"":0,""fpm_listen_queue"":""0"",""fpm_listen_queue_length"":""128"",""fpm_total_processes"":""8"",""fpm_active_processes"":""6""}"
1471509005,"{""mysql_table_scans_pct"":0.22239071484961,""mysql_deadlocks"":""0"",""mysql_wait_locks"":""0"",""mysql_current_locks"":""226"",""mysql_total_locks"":""1"",""mysql_lock_time_avg"":""122"",""mysql_lock_time_max"":""122"",""mysql_select_scans"":""6833"",""mysql_sort_scans"":""12326"",""mysql_join_scans"":""113"",""sys_load_avg"":4.88,""sys_memory_used"":2287.90234375,""sys_memory_used_buffers"":197.61328125,""sys_memory_used_cache"":842.515625,""sys_memory_swap_used"":0,""sys_memory_swap_used_cache"":0,""fpm_listen_queue"":""0"",""fpm_listen_queue_length"":""128"",""fpm_total_processes"":""8"",""fpm_active_processes"":""7""}"
1471509010,"{""mysql_table_scans_pct"":0.22021802221205,""mysql_deadlocks"":""0"",""mysql_wait_locks"":""0"",""mysql_current_locks"":""0"",""mysql_total_locks"":""4"",""mysql_lock_time_avg"":""390"",""mysql_lock_time_max"":""944"",""mysql_select_scans"":""6918"",""mysql_sort_scans"":""12470"",""mysql_join_scans"":""121"",""sys_load_avg"":4.81,""sys_memory_used"":2271.51171875,""sys_memory_used_buffers"":197.71875,""sys_memory_used_cache"":845.03515625,""sys_memory_swap_used"":0,""sys_memory_swap_used_cache"":0,""fpm_listen_queue"":""0"",""fpm_listen_queue_length"":""128"",""fpm_total_processes"":""7"",""fpm_active_processes"":""7""}"
1471509015,"{""mysql_table_scans_pct"":0.22083693995321,""mysql_deadlocks"":""0"",""mysql_wait_locks"":""0"",""mysql_current_locks"":""133"",""mysql_total_locks"":""4"",""mysql_lock_time_avg"":""390"",""mysql_lock_time_max"":""944"",""mysql_select_scans"":""6957"",""mysql_sort_scans"":""12630"",""mysql_join_scans"":""122"",""sys_load_avg"":4.91,""sys_memory_used"":2304.0703125,""sys_memory_used_buffers"":197.93359375,""sys_memory_used_cache"":848.22265625,""sys_memory_swap_used"":0,""sys_memory_swap_used_cache"":0,""fpm_listen_queue"":""0"",""fpm_listen_queue_length"":""128"",""fpm_total_processes"":""7"",""fpm_active_processes"":""4""}"
1471509020,"{""mysql_table_scans_pct"":0.22141072472721,""mysql_deadlocks"":""0"",""mysql_wait_locks"":""0"",""mysql_current_locks"":""253"",""mysql_total_locks"":""4"",""mysql_lock_time_avg"":""390"",""mysql_lock_time_max"":""944"",""mysql_select_scans"":""7002"",""mysql_sort_scans"":""12771"",""mysql_join_scans"":""125"",""sys_load_avg"":5.23,""sys_memory_used"":2271.1484375,""sys_memory_used_buffers"":198.20703125,""sys_memory_used_cache"":851.4453125,""sys_memory_swap_used"":0,""sys_memory_swap_used_cache"":0,""fpm_listen_queue"":""0"",""fpm_listen_queue_length"":""128"",""fpm_total_processes"":""7"",""fpm_active_processes"":""6""}"
1471509025,"{""mysql_table_scans_pct"":0.22198291257515,""mysql_deadlocks"":""0"",""mysql_wait_locks"":""0"",""mysql_current_locks"":""376"",""mysql_total_locks"":""4"",""mysql_lock_time_avg"":""390"",""mysql_lock_time_max"":""944"",""mysql_select_scans"":""7053"",""mysql_sort_scans"":""12939"",""mysql_join_scans"":""127"",""sys_load_avg"":5.3,""sys_memory_used"":2263.24609375,""sys_memory_used_buffers"":198.5078125,""sys_memory_used_cache"":855.5390625,""sys_memory_swap_used"":0,""sys_memory_swap_used_cache"":0,""fpm_listen_queue"":""5"",""fpm_listen_queue_length"":""128"",""fpm_total_processes"":""5"",""fpm_active_processes"":""5""}"
1471509030,"{""mysql_table_scans_pct"":0.22258998321394,""mysql_deadlocks"":""0"",""mysql_wait_locks"":""0"",""mysql_current_locks"":""503"",""mysql_total_locks"":""4"",""mysql_lock_time_avg"":""390"",""mysql_lock_time_max"":""944"",""mysql_select_scans"":""7093"",""mysql_sort_scans"":""13088"",""mysql_join_scans"":""128"",""sys_load_avg"":5.43,""sys_memory_used"":2312.34765625,""sys_memory_used_buffers"":198.76171875,""sys_memory_used_cache"":858.77734375,""sys_memory_swap_used"":0,""sys_memory_swap_used_cache"":0,""fpm_listen_queue"":""0"",""fpm_listen_queue_length"":""128"",""fpm_total_processes"":""6"",""fpm_active_processes"":""6""}"
1471509035,"{""mysql_table_scans_pct"":0.22322929658459,""mysql_deadlocks"":""0"",""mysql_wait_locks"":""0"",""mysql_current_locks"":""20"",""mysql_total_locks"":""4"",""mysql_lock_time_avg"":""390"",""mysql_lock_time_max"":""944"",""mysql_select_scans"":""7139"",""mysql_sort_scans"":""13231"",""mysql_join_scans"":""131"",""sys_load_avg"":5.64,""sys_memory_used"":2349.26171875,""sys_memory_used_buffers"":198.953125,""sys_memory_used_cache"":861.36328125,""sys_memory_swap_used"":0,""sys_memory_swap_used_cache"":0,""fpm_listen_queue"":""0"",""fpm_listen_queue_length"":""128"",""fpm_total_processes"":""7"",""fpm_active_processes"":""5""}"
1471509041,"{""mysql_table_scans_pct"":0.22569960092876,""mysql_deadlocks"":""0"",""mysql_wait_locks"":""1"",""mysql_current_locks"":""1741"",""mysql_total_locks"":""5"",""mysql_lock_time_avg"":""312"",""mysql_lock_time_max"":""944"",""mysql_select_scans"":""7193"",""mysql_sort_scans"":""13402"",""mysql_join_scans"":""135"",""sys_load_avg"":5.67,""sys_memory_used"":2326.20703125,""sys_memory_used_buffers"":199.1953125,""sys_memory_used_cache"":866.36328125,""sys_memory_swap_used"":0,""sys_memory_swap_used_cache"":0,""fpm_listen_queue"":""0"",""fpm_listen_queue_length"":""128"",""fpm_total_processes"":""7"",""fpm_active_processes"":""3""}"
1471509046,"{""mysql_table_scans_pct"":0.22229278531325,""mysql_deadlocks"":""0"",""mysql_wait_locks"":""1"",""mysql_current_locks"":""3064"",""mysql_total_locks"":""5"",""mysql_lock_time_avg"":""312"",""mysql_lock_time_max"":""944"",""mysql_select_scans"":""7275"",""mysql_sort_scans"":""13581"",""mysql_join_scans"":""135"",""sys_load_avg"":5.77,""sys_memory_used"":2354.98828125,""sys_memory_used_buffers"":199.42578125,""sys_memory_used_cache"":869.44921875,""sys_memory_swap_used"":0,""sys_memory_swap_used_cache"":0,""fpm_listen_queue"":""0"",""fpm_listen_queue_length"":""128"",""fpm_total_processes"":""7"",""fpm_active_processes"":""7""}"
1471509051,"{""mysql_table_scans_pct"":0.21816369122003,""mysql_deadlocks"":""0"",""mysql_wait_locks"":""1"",""mysql_current_locks"":""4090"",""mysql_total_locks"":""5"",""mysql_lock_time_avg"":""312"",""mysql_lock_time_max"":""944"",""mysql_select_scans"":""7358"",""mysql_sort_scans"":""13722"",""mysql_join_scans"":""135"",""sys_load_avg"":5.63,""sys_memory_used"":2318.8828125,""sys_memory_used_buffers"":199.66796875,""sys_memory_used_cache"":871.515625,""sys_memory_swap_used"":0,""sys_memory_swap_used_cache"":0,""fpm_listen_queue"":""0"",""fpm_listen_queue_length"":""128"",""fpm_total_processes"":""6"",""fpm_active_processes"":""4""}"
1471509056,"{""mysql_table_scans_pct"":0.22125476127645,""mysql_deadlocks"":""0"",""mysql_wait_locks"":""0"",""mysql_current_locks"":""614"",""mysql_total_locks"":""6"",""mysql_lock_time_avg"":""2915"",""mysql_lock_time_max"":""13497"",""mysql_select_scans"":""7459"",""mysql_sort_scans"":""13896"",""mysql_join_scans"":""138"",""sys_load_avg"":5.74,""sys_memory_used"":2352.70703125,""sys_memory_used_buffers"":199.93359375,""sys_memory_used_cache"":874.33203125,""sys_memory_swap_used"":0,""sys_memory_swap_used_cache"":0,""fpm_listen_queue"":""0"",""fpm_listen_queue_length"":""128"",""fpm_total_processes"":""8"",""fpm_active_processes"":""7""}"
1471509061,"{""mysql_table_scans_pct"":0.22240848237884,""mysql_deadlocks"":""0"",""mysql_wait_locks"":""0"",""mysql_current_locks"":""3024"",""mysql_total_locks"":""6"",""mysql_lock_time_avg"":""2915"",""mysql_lock_time_max"":""13497"",""mysql_select_scans"":""7593"",""mysql_sort_scans"":""14137"",""mysql_join_scans"":""138"",""sys_load_avg"":6.3,""sys_memory_used"":2354.04296875,""sys_memory_used_buffers"":200.1796875,""sys_memory_used_cache"":882.87890625,""sys_memory_swap_used"":0,""sys_memory_swap_used_cache"":0,""fpm_listen_queue"":""0"",""fpm_listen_queue_length"":""128"",""fpm_total_processes"":""6"",""fpm_active_processes"":""5""}"
1471509066,"{""mysql_table_scans_pct"":0.22745892064758,""mysql_deadlocks"":""0"",""mysql_wait_locks"":""2"",""mysql_current_locks"":""9740"",""mysql_total_locks"":""8"",""mysql_lock_time_avg"":""2186"",""mysql_lock_time_max"":""13497"",""mysql_select_scans"":""7729"",""mysql_sort_scans"":""14283"",""mysql_join_scans"":""138"",""sys_load_avg"":5.88,""sys_memory_used"":2424.4375,""sys_memory_used_buffers"":200.43359375,""sys_memory_used_cache"":889.98046875,""sys_memory_swap_used"":0,""sys_memory_swap_used_cache"":0,""fpm_listen_queue"":""0"",""fpm_listen_queue_length"":""128"",""fpm_total_processes"":""8"",""fpm_active_processes"":""8""}"
1471509071,"{""mysql_table_scans_pct"":0.24283712611204,""mysql_deadlocks"":""0"",""mysql_wait_locks"":""0"",""mysql_current_locks"":""226"",""mysql_total_locks"":""11"",""mysql_lock_time_avg"":""3382"",""mysql_lock_time_max"":""13497"",""mysql_select_scans"":""7830"",""mysql_sort_scans"":""14402"",""mysql_join_scans"":""143"",""sys_load_avg"":5.57,""sys_memory_used"":2419.16015625,""sys_memory_used_buffers"":200.69140625,""sys_memory_used_cache"":889.75390625,""sys_memory_swap_used"":0,""sys_memory_swap_used_cache"":0,""fpm_listen_queue"":""2"",""fpm_listen_queue_length"":""128"",""fpm_total_processes"":""8"",""fpm_active_processes"":""8""}"
1471509076,"{""mysql_table_scans_pct"":0.24585650434709,""mysql_deadlocks"":""0"",""mysql_wait_locks"":""0"",""mysql_current_locks"":""9"",""mysql_total_locks"":""11"",""mysql_lock_time_avg"":""3382"",""mysql_lock_time_max"":""13497"",""mysql_select_scans"":""7879"",""mysql_sort_scans"":""14567"",""mysql_join_scans"":""144"",""sys_load_avg"":5.84,""sys_memory_used"":2443.65625,""sys_memory_used_buffers"":201.22265625,""sys_memory_used_cache"":893.14453125,""sys_memory_swap_used"":0,""sys_memory_swap_used_cache"":0,""fpm_listen_queue"":""0"",""fpm_listen_queue_length"":""128"",""fpm_total_processes"":""8"",""fpm_active_processes"":""6""}"
1471509082,"{""mysql_table_scans_pct"":0.24637804905201,""mysql_deadlocks"":""0"",""mysql_wait_locks"":""0"",""mysql_current_locks"":""97"",""mysql_total_locks"":""11"",""mysql_lock_time_avg"":""3382"",""mysql_lock_time_max"":""13497"",""mysql_select_scans"":""7921"",""mysql_sort_scans"":""14719"",""mysql_join_scans"":""146"",""sys_load_avg"":5.61,""sys_memory_used"":2345.6796875,""sys_memory_used_buffers"":201.59765625,""sys_memory_used_cache"":896.890625,""sys_memory_swap_used"":0,""sys_memory_swap_used_cache"":0,""fpm_listen_queue"":""0"",""fpm_listen_queue_length"":""128"",""fpm_total_processes"":""6"",""fpm_active_processes"":""6""}"
1471509087,"{""mysql_table_scans_pct"":0.24689073785764,""mysql_deadlocks"":""0"",""mysql_wait_locks"":""0"",""mysql_current_locks"":""188"",""mysql_total_locks"":""11"",""mysql_lock_time_avg"":""3382"",""mysql_lock_time_max"":""13497"",""mysql_select_scans"":""7960"",""mysql_sort_scans"":""14889"",""mysql_join_scans"":""146"",""sys_load_avg"":5.57,""sys_memory_used"":2412.26171875,""sys_memory_used_buffers"":201.90234375,""sys_memory_used_cache"":899.88671875,""sys_memory_swap_used"":0,""sys_memory_swap_used_cache"":0,""fpm_listen_queue"":""1"",""fpm_listen_queue_length"":""128"",""fpm_total_processes"":""7"",""fpm_active_processes"":""7""}"
1471509092,"{""mysql_table_scans_pct"":0.24743084945763,""mysql_deadlocks"":""0"",""mysql_wait_locks"":""0"",""mysql_current_locks"":""284"",""mysql_total_locks"":""11"",""mysql_lock_time_avg"":""3382"",""mysql_lock_time_max"":""13497"",""mysql_select_scans"":""7996"",""mysql_sort_scans"":""15029"",""mysql_join_scans"":""148"",""sys_load_avg"":5.68,""sys_memory_used"":2353.5546875,""sys_memory_used_buffers"":202.23828125,""sys_memory_used_cache"":902.453125,""sys_memory_swap_used"":0,""sys_memory_swap_used_cache"":0,""fpm_listen_queue"":""0"",""fpm_listen_queue_length"":""128"",""fpm_total_processes"":""6"",""fpm_active_processes"":""4""}"
1471509097,"{""mysql_table_scans_pct"":0.24796872636004,""mysql_deadlocks"":""0"",""mysql_wait_locks"":""0"",""mysql_current_locks"":""388"",""mysql_total_locks"":""11"",""mysql_lock_time_avg"":""3382"",""mysql_lock_time_max"":""13497"",""mysql_select_scans"":""8026"",""mysql_sort_scans"":""15127"",""mysql_join_scans"":""148"",""sys_load_avg"":5.55,""sys_memory_used"":2286.82421875,""sys_memory_used_buffers"":202.53515625,""sys_memory_used_cache"":904.85546875,""sys_memory_swap_used"":0,""sys_memory_swap_used_cache"":0,""fpm_listen_queue"":""0"",""fpm_listen_queue_length"":""128"",""fpm_total_processes"":""5"",""fpm_active_processes"":""4""}"
1471509102,"{""mysql_table_scans_pct"":0.24854004961026,""mysql_deadlocks"":""0"",""mysql_wait_locks"":""0"",""mysql_current_locks"":""552"",""mysql_total_locks"":""11"",""mysql_lock_time_avg"":""3382"",""mysql_lock_time_max"":""13497"",""mysql_select_scans"":""8055"",""mysql_sort_scans"":""15238"",""mysql_join_scans"":""149"",""sys_load_avg"":5.26,""sys_memory_used"":2289.8828125,""sys_memory_used_buffers"":202.8828125,""sys_memory_used_cache"":906.953125,""sys_memory_swap_used"":0,""sys_memory_swap_used_cache"":0,""fpm_listen_queue"":""0"",""fpm_listen_queue_length"":""128"",""fpm_total_processes"":""5"",""fpm_active_processes"":""4""}"
1471509107,"{""mysql_table_scans_pct"":0.2491345034363,""mysql_deadlocks"":""0"",""mysql_wait_locks"":""0"",""mysql_current_locks"":""717"",""mysql_total_locks"":""11"",""mysql_lock_time_avg"":""3382"",""mysql_lock_time_max"":""13497"",""mysql_select_scans"":""8074"",""mysql_sort_scans"":""15320"",""mysql_join_scans"":""149"",""sys_load_avg"":4.92,""sys_memory_used"":2293.2578125,""sys_memory_used_buffers"":203.359375,""sys_memory_used_cache"":908.5234375,""sys_memory_swap_used"":0,""sys_memory_swap_used_cache"":0,""fpm_listen_queue"":""0"",""fpm_listen_queue_length"":""128"",""fpm_total_processes"":""4"",""fpm_active_processes"":""2""}"
1471509112,"{""mysql_table_scans_pct"":0.24974248460289,""mysql_deadlocks"":""0"",""mysql_wait_locks"":""0"",""mysql_current_locks"":""881"",""mysql_total_locks"":""11"",""mysql_lock_time_avg"":""3382"",""mysql_lock_time_max"":""13497"",""mysql_select_scans"":""8099"",""mysql_sort_scans"":""15356"",""mysql_join_scans"":""150"",""sys_load_avg"":4.53,""sys_memory_used"":2260.9765625,""sys_memory_used_buffers"":203.65625,""sys_memory_used_cache"":909.32421875,""sys_memory_swap_used"":0,""sys_memory_swap_used_cache"":0,""fpm_listen_queue"":""0"",""fpm_listen_queue_length"":""128"",""fpm_total_processes"":""3"",""fpm_active_processes"":""2""}"
1471509117,"{""mysql_table_scans_pct"":0.25022610199083,""mysql_deadlocks"":""0"",""mysql_wait_locks"":""0"",""mysql_current_locks"":""1018"",""mysql_total_locks"":""11"",""mysql_lock_time_avg"":""3382"",""mysql_lock_time_max"":""13497"",""mysql_select_scans"":""8109"",""mysql_sort_scans"":""15371"",""mysql_join_scans"":""150"",""sys_load_avg"":4.32,""sys_memory_used"":2124.70703125,""sys_memory_used_buffers"":222.0546875,""sys_memory_used_cache"":830.734375,""sys_memory_swap_used"":0,""sys_memory_swap_used_cache"":0,""fpm_listen_queue"":""0"",""fpm_listen_queue_length"":""128"",""fpm_total_processes"":""3"",""fpm_active_processes"":""1""}"
