1471524066,"{""mysql_table_scans_pct"":0.26479183591245,""mysql_deadlocks"":""0"",""mysql_wait_locks"":""0"",""mysql_current_locks"":""266"",""mysql_total_locks"":""6"",""mysql_lock_time_avg"":""451"",""mysql_lock_time_max"":""1238"",""mysql_select_scans"":""1250"",""mysql_sort_scans"":""1323"",""mysql_join_scans"":""6"",""sys_load_avg"":2.07,""sys_memory_used"":1486.94140625,""sys_memory_used_buffers"":99.48046875,""sys_memory_used_cache"":387.703125,""sys_memory_swap_used"":0,""sys_memory_swap_used_cache"":0,""fpm_listen_queue"":""0"",""fpm_listen_queue_length"":""128"",""fpm_total_processes"":""8"",""fpm_active_processes"":""7""}"
1471524071,"{""mysql_table_scans_pct"":0.26977074751775,""mysql_deadlocks"":""0"",""mysql_wait_locks"":""0"",""mysql_current_locks"":""385"",""mysql_total_locks"":""6"",""mysql_lock_time_avg"":""451"",""mysql_lock_time_max"":""1238"",""mysql_select_scans"":""1518"",""mysql_sort_scans"":""1742"",""mysql_join_scans"":""6"",""sys_load_avg"":2.3,""sys_memory_used"":1590.87890625,""sys_memory_used_buffers"":102.21875,""sys_memory_used_cache"":403.140625,""sys_memory_swap_used"":0,""sys_memory_swap_used_cache"":0,""fpm_listen_queue"":""0"",""fpm_listen_queue_length"":""128"",""fpm_total_processes"":""8"",""fpm_active_processes"":""4""}"
1471524076,"{""mysql_table_scans_pct"":0.27389815156785,""mysql_deadlocks"":""0"",""mysql_wait_locks"":""0"",""mysql_current_locks"":""505"",""mysql_total_locks"":""6"",""mysql_lock_time_avg"":""451"",""mysql_lock_time_max"":""1238"",""mysql_select_scans"":""1819"",""mysql_sort_scans"":""2201"",""mysql_join_scans"":""6"",""sys_load_avg"":2.68,""sys_memory_used"":1576.30078125,""sys_memory_used_buffers"":104.3515625,""sys_memory_used_cache"":416.96875,""sys_memory_swap_used"":0,""sys_memory_swap_used_cache"":0,""fpm_listen_queue"":""0"",""fpm_listen_queue_length"":""128"",""fpm_total_processes"":""7"",""fpm_active_processes"":""7""}"
1471524081,"{""mysql_table_scans_pct"":0.27790423915061,""mysql_deadlocks"":""0"",""mysql_wait_locks"":""0"",""mysql_current_locks"":""19"",""mysql_total_locks"":""6"",""mysql_lock_time_avg"":""451"",""mysql_lock_time_max"":""1238"",""mysql_select_scans"":""2048"",""mysql_sort_scans"":""2541"",""mysql_join_scans"":""6"",""sys_load_avg"":3.1,""sys_memory_used"":1612,""sys_memory_used_buffers"":105.84375,""sys_memory_used_cache"":435.62890625,""sys_memory_swap_used"":0,""sys_memory_swap_used_cache"":0,""fpm_listen_queue"":""0"",""fpm_listen_queue_length"":""128"",""fpm_total_processes"":""8"",""fpm_active_processes"":""5""}"
1471524086,"{""mysql_table_scans_pct"":0.28227672878191,""mysql_deadlocks"":""0"",""mysql_wait_locks"":""0"",""mysql_current_locks"":""1278"",""mysql_total_locks"":""6"",""mysql_lock_time_avg"":""451"",""mysql_lock_time_max"":""1238"",""mysql_select_scans"":""2421"",""mysql_sort_scans"":""2960"",""mysql_join_scans"":""8"",""sys_load_avg"":3.01,""sys_memory_used"":1681.28515625,""sys_memory_used_buffers"":108.1484375,""sys_memory_used_cache"":467.64453125,""sys_memory_swap_used"":0,""sys_memory_swap_used_cache"":0,""fpm_listen_queue"":""0"",""fpm_listen_queue_length"":""128"",""fpm_total_processes"":""7"",""fpm_active_processes"":""5""}"
1471524091,"{""mysql_table_scans_pct"":0.26234056708652,""mysql_deadlocks"":""0"",""mysql_wait_locks"":""0"",""mysql_current_locks"":""2945"",""mysql_total_locks"":""6"",""mysql_lock_time_avg"":""451"",""mysql_lock_time_max"":""1238"",""mysql_select_scans"":""3036"",""mysql_sort_scans"":""3415"",""mysql_join_scans"":""8"",""sys_load_avg"":3.33,""sys_memory_used"":1743.15234375,""sys_memory_used_buffers"":109.96484375,""sys_memory_used_cache"":490.94921875,""sys_memory_swap_used"":0,""sys_memory_swap_used_cache"":0,""fpm_listen_queue"":""0"",""fpm_listen_queue_length"":""128"",""fpm_total_processes"":""9"",""fpm_active_processes"":""7""}"
1471524096,"{""mysql_table_scans_pct"":0.23905164623619,""mysql_deadlocks"":""0"",""mysql_wait_locks"":""1"",""mysql_current_locks"":""3915"",""mysql_total_locks"":""7"",""mysql_lock_time_avg"":""386"",""mysql_lock_time_max"":""1238"",""mysql_select_scans"":""3466"",""mysql_sort_scans"":""3772"",""mysql_join_scans"":""8"",""sys_load_avg"":3.71,""sys_memory_used"":1777.890625,""sys_memory_used_buffers"":111.67578125,""sys_memory_used_cache"":505.7890625,""sys_memory_swap_used"":0,""sys_memory_swap_used_cache"":0,""fpm_listen_queue"":""0"",""fpm_listen_queue_length"":""128"",""fpm_total_processes"":""9"",""fpm_active_processes"":""7""}"
1471524102,"{""mysql_table_scans_pct"":0.25793385377958,""mysql_deadlocks"":""0"",""mysql_wait_locks"":""0"",""mysql_current_locks"":""467"",""mysql_total_locks"":""7"",""mysql_lock_time_avg"":""1522"",""mysql_lock_time_max"":""7951"",""mysql_select_scans"":""3916"",""mysql_sort_scans"":""4098"",""mysql_join_scans"":""8"",""sys_load_avg"":3.65,""sys_memory_used"":1825.8046875,""sys_memory_used_buffers"":112.9140625,""sys_memory_used_cache"":549.55859375,""sys_memory_swap_used"":0,""sys_memory_swap_used_cache"":0,""fpm_listen_queue"":""0"",""fpm_listen_queue_length"":""128"",""fpm_total_processes"":""9"",""fpm_active_processes"":""8""}"
1471524107,"{""mysql_table_scans_pct"":0.23459163350175,""mysql_deadlocks"":""0"",""mysql_wait_locks"":""1"",""mysql_current_locks"":""1262"",""mysql_total_locks"":""8"",""mysql_lock_time_avg"":""1332"",""mysql_lock_time_max"":""7951"",""mysql_select_scans"":""4322"",""mysql_sort_scans"":""4435"",""mysql_join_scans"":""9"",""sys_load_avg"":4.08,""sys_memory_used"":1795.14453125,""sys_memory_used_buffers"":114.31640625,""sys_memory_used_cache"":572.71484375,""sys_memory_swap_used"":0,""sys_memory_swap_used_cache"":0,""fpm_listen_queue"":""0"",""fpm_listen_queue_length"":""128"",""fpm_total_processes"":""8"",""fpm_active_processes"":""7""}"
1471524112,"{""mysql_table_scans_pct"":0.26345911855136,""mysql_deadlocks"":""0"",""mysql_wait_locks"":""1"",""mysql_current_locks"":""7329"",""mysql_total_locks"":""9"",""mysql_lock_time_avg"":""1741"",""mysql_lock_time_max"":""7951"",""mysql_select_scans"":""4728"",""mysql_sort_scans"":""4748"",""mysql_join_scans"":""9"",""sys_load_avg"":4.47,""sys_memory_used"":1891.9921875,""sys_memory_used_buffers"":115.85546875,""sys_memory_used_cache"":605.67578125,""sys_memory_swap_used"":0,""sys_memory_swap_used_cache"":0,""fpm_listen_queue"":""0"",""fpm_listen_queue_length"":""128"",""fpm_total_processes"":""8"",""fpm_active_processes"":""7""}"
1471524117,"{""mysql_table_scans_pct"":0.30477891008699,""mysql_deadlocks"":""0"",""mysql_wait_locks"":""3"",""mysql_current_locks"":""14673"",""mysql_total_locks"":""11"",""mysql_lock_time_avg"":""1424"",""mysql_lock_time_max"":""7951"",""mysql_select_scans"":""5075"",""mysql_sort_scans"":""5016"",""mysql_join_scans"":""9"",""sys_load_avg"":4.6,""sys_memory_used"":1913.96484375,""sys_memory_used_buffers"":117.0703125,""sys_memory_used_cache"":610.0546875,""sys_memory_swap_used"":0,""sys_memory_swap_used_cache"":0,""fpm_listen_queue"":""0"",""fpm_listen_queue_length"":""128"",""fpm_total_processes"":""9"",""fpm_active_processes"":""9""}"
1471524122,"{""mysql_table_scans_pct"":0.32063614740518,""mysql_deadlocks"":""0"",""mysql_wait_locks"":""0"",""mysql_current_locks"":""2246"",""mysql_total_locks"":""11"",""mysql_lock_time_avg"":""3662"",""mysql_lock_time_max"":""11684"",""mysql_select_scans"":""5430"",""mysql_sort_scans"":""5273"",""mysql_join_scans"":""9"",""sys_load_avg"":4.79,""sys_memory_used"":1925.06640625,""sys_memory_used_buffers"":118.0703125,""sys_memory_used_cache"":614.28125,""sys_memory_swap_used"":0,""sys_memory_swap_used_cache"":0,""fpm_listen_queue"":""0"",""fpm_listen_queue_length"":""128"",""fpm_total_processes"":""9"",""fpm_active_processes"":""9""}"
1471524127,"{""mysql_table_scans_pct"":0.32247390583348,""mysql_deadlocks"":""0"",""mysql_wait_locks"":""0"",""mysql_current_locks"":""43"",""mysql_total_locks"":""11"",""mysql_lock_time_avg"":""3662"",""mysql_lock_time_max"":""11684"",""mysql_select_scans"":""5547"",""mysql_sort_scans"":""5485"",""mysql_join_scans"":""9"",""sys_load_avg"":5.2,""sys_memory_used"":1877.0234375,""sys_memory_used_buffers"":118.875,""sys_memory_used_cache"":616.671875,""sys_memory_swap_used"":0,""sys_memory_swap_used_cache"":0,""fpm_listen_queue"":""0"",""fpm_listen_queue_length"":""128"",""fpm_total_processes"":""9"",""fpm_active_processes"":""6""}"
1471524132,"{""mysql_table_scans_pct"":0.32380891393518,""mysql_deadlocks"":""0"",""mysql_wait_locks"":""0"",""mysql_current_locks"":""125"",""mysql_total_locks"":""11"",""mysql_lock_time_avg"":""3662"",""mysql_lock_time_max"":""11684"",""mysql_select_scans"":""5604"",""mysql_sort_scans"":""5689"",""mysql_join_scans"":""9"",""sys_load_avg"":5.03,""sys_memory_used"":1910.52734375,""sys_memory_used_buffers"":119.8125,""sys_memory_used_cache"":620.921875,""sys_memory_swap_used"":0,""sys_memory_swap_used_cache"":0,""fpm_listen_queue"":""0"",""fpm_listen_queue_length"":""128"",""fpm_total_processes"":""8"",""fpm_active_processes"":""5""}"
1471524137,"{""mysql_table_scans_pct"":0.32504552135138,""mysql_deadlocks"":""0"",""mysql_wait_locks"":""0"",""mysql_current_locks"":""212"",""mysql_total_locks"":""11"",""mysql_lock_time_avg"":""3662"",""mysql_lock_time_max"":""11684"",""mysql_select_scans"":""5678"",""mysql_sort_scans"":""5895"",""mysql_join_scans"":""9"",""sys_load_avg"":5.27,""sys_memory_used"":1857.046875,""sys_memory_used_buffers"":120.4140625,""sys_memory_used_cache"":625.0234375,""sys_memory_swap_used"":0,""sys_memory_swap_used_cache"":0,""fpm_listen_queue"":""0"",""fpm_listen_queue_length"":""128"",""fpm_total_processes"":""8"",""fpm_active_processes"":""6""}"
1471524142,"{""mysql_table_scans_pct"":0.32646948220832,""mysql_deadlocks"":""0"",""mysql_wait_locks"":""0"",""mysql_current_locks"":""303"",""mysql_total_locks"":""11"",""mysql_lock_time_avg"":""3662"",""mysql_lock_time_max"":""11684"",""mysql_select_scans"":""5751"",""mysql_sort_scans"":""6133"",""mysql_join_scans"":""9"",""sys_load_avg"":5,""sys_memory_used"":1909.53515625,""sys_memory_used_buffers"":121.13671875,""sys_memory_used_cache"":629.55078125,""sys_memory_swap_used"":0,""sys_memory_swap_used_cache"":0,""fpm_listen_queue"":""0"",""fpm_listen_queue_length"":""128"",""fpm_total_processes"":""8"",""fpm_active_processes"":""8""}"
1471524147,"{""mysql_table_scans_pct"":0.32756293384255,""mysql_deadlocks"":""0"",""mysql_wait_locks"":""0"",""mysql_current_locks"":""400"",""mysql_total_locks"":""11"",""mysql_lock_time_avg"":""3662"",""mysql_lock_time_max"":""11684"",""mysql_select_scans"":""5843"",""mysql_sort_scans"":""6446"",""mysql_join_scans"":""9"",""sys_load_avg"":4.76,""sys_memory_used"":1930.1640625,""sys_memory_used_buffers"":122.1796875,""sys_memory_used_cache"":635.9375,""sys_memory_swap_used"":0,""sys_memory_swap_used_cache"":0,""fpm_listen_queue"":""0"",""fpm_listen_queue_length"":""128"",""fpm_total_processes"":""8"",""fpm_active_processes"":""5""}"
1471524152,"{""mysql_table_scans_pct"":0.32887227889037,""mysql_deadlocks"":""0"",""mysql_wait_locks"":""0"",""mysql_current_locks"":""555"",""mysql_total_locks"":""11"",""mysql_lock_time_avg"":""3662"",""mysql_lock_time_max"":""11684"",""mysql_select_scans"":""5973"",""mysql_sort_scans"":""6768"",""mysql_join_scans"":""9"",""sys_load_avg"":4.86,""sys_memory_used"":1956.99609375,""sys_memory_used_buffers"":123.19921875,""sys_memory_used_cache"":642.6015625,""sys_memory_swap_used"":0,""sys_memory_swap_used_cache"":0,""fpm_listen_queue"":""2"",""fpm_listen_queue_length"":""128"",""fpm_total_processes"":""7"",""fpm_active_processes"":""7""}"
1471524158,"{""mysql_table_scans_pct"":0.32985837929598,""mysql_deadlocks"":""0"",""mysql_wait_locks"":""0"",""mysql_current_locks"":""703"",""mysql_total_locks"":""11"",""mysql_lock_time_avg"":""3662"",""mysql_lock_time_max"":""11684"",""mysql_select_scans"":""6132"",""mysql_sort_scans"":""7143"",""mysql_join_scans"":""9"",""sys_load_avg"":4.71,""sys_memory_used"":1952.67578125,""sys_memory_used_buffers"":124.20703125,""sys_memory_used_cache"":650.01953125,""sys_memory_swap_used"":0,""sys_memory_swap_used_cache"":0,""fpm_listen_queue"":""2"",""fpm_listen_queue_length"":""128"",""fpm_total_processes"":""7"",""fpm_active_processes"":""5""}"
1471524163,"{""mysql_table_scans_pct"":0.3312862059981,""mysql_deadlocks"":""0"",""mysql_wait_locks"":""0"",""mysql_current_locks"":""853"",""mysql_total_locks"":""11"",""mysql_lock_time_avg"":""3662"",""mysql_lock_time_max"":""11684"",""mysql_select_scans"":""6190"",""mysql_sort_scans"":""7360"",""mysql_join_scans"":""9"",""sys_load_avg"":4.74,""sys_memory_used"":1916.48046875,""sys_memory_used_buffers"":124.9921875,""sys_memory_used_cache"":655.30859375,""sys_memory_swap_used"":0,""sys_memory_swap_used_cache"":0,""fpm_listen_queue"":""0"",""fpm_listen_queue_length"":""128"",""fpm_total_processes"":""8"",""fpm_active_processes"":""4""}"
1471524168,"{""mysql_table_scans_pct"":0.33258594056861,""mysql_deadlocks"":""0"",""mysql_wait_locks"":""0"",""mysql_current_locks"":""990"",""mysql_total_locks"":""11"",""mysql_lock_time_avg"":""3662"",""mysql_lock_time_max"":""11684"",""mysql_select_scans"":""6251"",""mysql_sort_scans"":""7554"",""mysql_join_scans"":""9"",""sys_load_avg"":5,""sys_memory_used"":1969.33203125,""sys_memory_used_buffers"":125.640625,""sys_memory_used_cache"":659.41796875,""sys_memory_swap_used"":0,""sys_memory_swap_used_cache"":0,""fpm_listen_queue"":""0"",""fpm_listen_queue_length"":""128"",""fpm_total_processes"":""8"",""fpm_active_processes"":""4""}"
1471524173,"{""mysql_table_scans_pct"":0.33395232037944,""mysql_deadlocks"":""0"",""mysql_wait_locks"":""0"",""mysql_current_locks"":""1148"",""mysql_total_locks"":""11"",""mysql_lock_time_avg"":""3662"",""mysql_lock_time_max"":""11684"",""mysql_select_scans"":""6347"",""mysql_sort_scans"":""7879"",""mysql_join_scans"":""9"",""sys_load_avg"":4.84,""sys_memory_used"":1993.36328125,""sys_memory_used_buffers"":126.4453125,""sys_memory_used_cache"":666.328125,""sys_memory_swap_used"":0,""sys_memory_swap_used_cache"":0,""fpm_listen_queue"":""0"",""fpm_listen_queue_length"":""128"",""fpm_total_processes"":""7"",""fpm_active_processes"":""4""}"
1471524178,"{""mysql_table_scans_pct"":0.33511153682936,""mysql_deadlocks"":""0"",""mysql_wait_locks"":""0"",""mysql_current_locks"":""1317"",""mysql_total_locks"":""11"",""mysql_lock_time_avg"":""3662"",""mysql_lock_time_max"":""11684"",""mysql_select_scans"":""6472"",""mysql_sort_scans"":""8119"",""mysql_join_scans"":""9"",""sys_load_avg"":5.01,""sys_memory_used"":1956.3359375,""sys_memory_used_buffers"":127.03515625,""sys_memory_used_cache"":669.7578125,""sys_memory_swap_used"":0,""sys_memory_swap_used_cache"":0,""fpm_listen_queue"":""0"",""fpm_listen_queue_length"":""128"",""fpm_total_processes"":""7"",""fpm_active_processes"":""4""}"
1471524183,"{""mysql_table_scans_pct"":0.33647303805723,""mysql_deadlocks"":""0"",""mysql_wait_locks"":""0"",""mysql_current_locks"":""1472"",""mysql_total_locks"":""11"",""mysql_lock_time_avg"":""3662"",""mysql_lock_time_max"":""11684"",""mysql_select_scans"":""6524"",""mysql_sort_scans"":""8292"",""mysql_join_scans"":""9"",""sys_load_avg"":5.25,""sys_memory_used"":2029.36328125,""sys_memory_used_buffers"":127.625,""sys_memory_used_cache"":673.61328125,""sys_memory_swap_used"":0,""sys_memory_swap_used_cache"":0,""fpm_listen_queue"":""1"",""fpm_listen_queue_length"":""128"",""fpm_total_processes"":""8"",""fpm_active_processes"":""4""}"
1471524188,"{""mysql_table_scans_pct"":0.33777222180653,""mysql_deadlocks"":""0"",""mysql_wait_locks"":""0"",""mysql_current_locks"":""1607"",""mysql_total_locks"":""11"",""mysql_lock_time_avg"":""3662"",""mysql_lock_time_max"":""11684"",""mysql_select_scans"":""6572"",""mysql_sort_scans"":""8464"",""mysql_join_scans"":""9"",""sys_load_avg"":4.91,""sys_memory_used"":1987.53125,""sys_memory_used_buffers"":128.2734375,""sys_memory_used_cache"":677.54296875,""sys_memory_swap_used"":0,""sys_memory_swap_used_cache"":0,""fpm_listen_queue"":""0"",""fpm_listen_queue_length"":""128"",""fpm_total_processes"":""7"",""fpm_active_processes"":""7""}"
1471524193,"{""mysql_table_scans_pct"":0.33600251447919,""mysql_deadlocks"":""0"",""mysql_wait_locks"":""0"",""mysql_current_locks"":""2113"",""mysql_total_locks"":""11"",""mysql_lock_time_avg"":""3662"",""mysql_lock_time_max"":""11684"",""mysql_select_scans"":""6667"",""mysql_sort_scans"":""8631"",""mysql_join_scans"":""9"",""sys_load_avg"":5.08,""sys_memory_used"":1960.5,""sys_memory_used_buffers"":128.8359375,""sys_memory_used_cache"":680.93359375,""sys_memory_swap_used"":0,""sys_memory_swap_used_cache"":0,""fpm_listen_queue"":""0"",""fpm_listen_queue_length"":""128"",""fpm_total_processes"":""7"",""fpm_active_processes"":""6""}"
1471524198,"{""mysql_table_scans_pct"":0.33866948779826,""mysql_deadlocks"":""0"",""mysql_wait_locks"":""0"",""mysql_current_locks"":""3639"",""mysql_total_locks"":""11"",""mysql_lock_time_avg"":""3662"",""mysql_lock_time_max"":""11684"",""mysql_select_scans"":""7113"",""mysql_sort_scans"":""8912"",""mysql_join_scans"":""9"",""sys_load_avg"":5.05,""sys_memory_used"":2027.44140625,""sys_memory_used_buffers"":129.55078125,""sys_memory_used_cache"":688.28125,""sys_memory_swap_used"":0,""sys_memory_swap_used_cache"":0,""fpm_listen_queue"":""0"",""fpm_listen_queue_length"":""128"",""fpm_total_processes"":""7"",""fpm_active_processes"":""6""}"
1471524203,"{""mysql_table_scans_pct"":0.34092985465708,""mysql_deadlocks"":""0"",""mysql_wait_locks"":""0"",""mysql_current_locks"":""3639"",""mysql_total_locks"":""11"",""mysql_lock_time_avg"":""3662"",""mysql_lock_time_max"":""11684"",""mysql_select_scans"":""7474"",""mysql_sort_scans"":""9061"",""mysql_join_scans"":""9"",""sys_load_avg"":4.97,""sys_memory_used"":2063.15234375,""sys_memory_used_buffers"":130.16015625,""sys_memory_used_cache"":690.625,""sys_memory_swap_used"":0,""sys_memory_swap_used_cache"":0,""fpm_listen_queue"":""0"",""fpm_listen_queue_length"":""128"",""fpm_total_processes"":""8"",""fpm_active_processes"":""6""}"
1471524208,"{""mysql_table_scans_pct"":0.34359996174629,""mysql_deadlocks"":""0"",""mysql_wait_locks"":""2"",""mysql_current_locks"":""3641"",""mysql_total_locks"":""13"",""mysql_lock_time_avg"":""3098"",""mysql_lock_time_max"":""11684"",""mysql_select_scans"":""7792"",""mysql_sort_scans"":""9201"",""mysql_join_scans"":""9"",""sys_load_avg"":4.81,""sys_memory_used"":2076.0703125,""sys_memory_used_buffers"":130.86328125,""sys_memory_used_cache"":693.6484375,""sys_memory_swap_used"":0,""sys_memory_swap_used_cache"":0,""fpm_listen_queue"":""0"",""fpm_listen_queue_length"":""128"",""fpm_total_processes"":""8"",""fpm_active_processes"":""7""}"
1471524213,"{""mysql_table_scans_pct"":0.33731178547633,""mysql_deadlocks"":""0"",""mysql_wait_locks"":""3"",""mysql_current_locks"":""3694"",""mysql_total_locks"":""14"",""mysql_lock_time_avg"":""2877"",""mysql_lock_time_max"":""11684"",""mysql_select_scans"":""8072"",""mysql_sort_scans"":""9377"",""mysql_join_scans"":""10"",""sys_load_avg"":4.59,""sys_memory_used"":2082.80859375,""sys_memory_used_buffers"":131.71484375,""sys_memory_used_cache"":700.6171875,""sys_memory_swap_used"":0,""sys_memory_swap_used_cache"":0,""fpm_listen_queue"":""0"",""fpm_listen_queue_length"":""128"",""fpm_total_processes"":""8"",""fpm_active_processes"":""6""}"
1471524219,"{""mysql_table_scans_pct"":0.34273310256911,""mysql_deadlocks"":""0"",""mysql_wait_locks"":""6"",""mysql_current_locks"":""3699"",""mysql_total_locks"":""17"",""mysql_lock_time_avg"":""2369"",""mysql_lock_time_max"":""11684"",""mysql_select_scans"":""8275"",""mysql_sort_scans"":""9487"",""mysql_join_scans"":""10"",""sys_load_avg"":4.3,""sys_memory_used"":2121.94921875,""sys_memory_used_buffers"":132.34375,""sys_memory_used_cache"":705.56640625,""sys_memory_swap_used"":0,""sys_memory_swap_used_cache"":0,""fpm_listen_queue"":""0"",""fpm_listen_queue_length"":""128"",""fpm_total_processes"":""9"",""fpm_active_processes"":""9""}"
1471524224,"{""mysql_table_scans_pct"":0.33590401880278,""mysql_deadlocks"":""0"",""mysql_wait_locks"":""7"",""mysql_current_locks"":""3718"",""mysql_total_locks"":""18"",""mysql_lock_time_avg"":""2238"",""mysql_lock_time_max"":""11684"",""mysql_select_scans"":""8467"",""mysql_sort_scans"":""9634"",""mysql_join_scans"":""10"",""sys_load_avg"":4.11,""sys_memory_used"":2160.39453125,""sys_memory_used_buffers"":133.03125,""sys_memory_used_cache"":708.21875,""sys_memory_swap_used"":0,""sys_memory_swap_used_cache"":0,""fpm_listen_queue"":""0"",""fpm_listen_queue_length"":""128"",""fpm_total_processes"":""10"",""fpm_active_processes"":""10""}"
1471524229,"{""mysql_table_scans_pct"":0.33183706451653,""mysql_deadlocks"":""0"",""mysql_wait_locks"":""7"",""mysql_current_locks"":""3845"",""mysql_total_locks"":""18"",""mysql_lock_time_avg"":""2238"",""mysql_lock_time_max"":""11684"",""mysql_select_scans"":""8600"",""mysql_sort_scans"":""9701"",""mysql_join_scans"":""10"",""sys_load_avg"":3.86,""sys_memory_used"":2161.36328125,""sys_memory_used_buffers"":133.51171875,""sys_memory_used_cache"":709.875,""sys_memory_swap_used"":0,""sys_memory_swap_used_cache"":0,""fpm_listen_queue"":""0"",""fpm_listen_queue_length"":""128"",""fpm_total_processes"":""10"",""fpm_active_processes"":""9""}"
1471524234,"{""mysql_table_scans_pct"":0.33329169042839,""mysql_deadlocks"":""0"",""mysql_wait_locks"":""8"",""mysql_current_locks"":""3968"",""mysql_total_locks"":""19"",""mysql_lock_time_avg"":""2120"",""mysql_lock_time_max"":""11684"",""mysql_select_scans"":""8654"",""mysql_sort_scans"":""9725"",""mysql_join_scans"":""10"",""sys_load_avg"":3.64,""sys_memory_used"":2164.12109375,""sys_memory_used_buffers"":133.78125,""sys_memory_used_cache"":710.3203125,""sys_memory_swap_used"":0,""sys_memory_swap_used_cache"":0,""fpm_listen_queue"":""0"",""fpm_listen_queue_length"":""128"",""fpm_total_processes"":""10"",""fpm_active_processes"":""10""}"
1471524239,"{""mysql_table_scans_pct"":0.33471681014246,""mysql_deadlocks"":""0"",""mysql_wait_locks"":""9"",""mysql_current_locks"":""4110"",""mysql_total_locks"":""20"",""mysql_lock_time_avg"":""2014"",""mysql_lock_time_max"":""11684"",""mysql_select_scans"":""8724"",""mysql_sort_scans"":""9761"",""mysql_join_scans"":""10"",""sys_load_avg"":3.42,""sys_memory_used"":2172.765625,""sys_memory_used_buffers"":134.05859375,""sys_memory_used_cache"":710.73046875,""sys_memory_swap_used"":0,""sys_memory_swap_used_cache"":0,""fpm_listen_queue"":""0"",""fpm_listen_queue_length"":""128"",""fpm_total_processes"":""10"",""fpm_active_processes"":""10""}"
1471524244,"{""mysql_table_scans_pct"":0.33595415001811,""mysql_deadlocks"":""0"",""mysql_wait_locks"":""10"",""mysql_current_locks"":""4277"",""mysql_total_locks"":""21"",""mysql_lock_time_avg"":""1918"",""mysql_lock_time_max"":""11684"",""mysql_select_scans"":""8733"",""mysql_sort_scans"":""9765"",""mysql_join_scans"":""10"",""sys_load_avg"":3.23,""sys_memory_used"":2176.734375,""sys_memory_used_buffers"":134.37890625,""sys_memory_used_cache"":710.75,""sys_memory_swap_used"":0,""sys_memory_swap_used_cache"":0,""fpm_listen_queue"":""0"",""fpm_listen_queue_length"":""128"",""fpm_total_processes"":""11"",""fpm_active_processes"":""11""}"
1471524249,"{""mysql_table_scans_pct"":0.33728128588901,""mysql_deadlocks"":""0"",""mysql_wait_locks"":""10"",""mysql_current_locks"":""4456"",""mysql_total_locks"":""21"",""mysql_lock_time_avg"":""1918"",""mysql_lock_time_max"":""11684"",""mysql_select_scans"":""8734"",""mysql_sort_scans"":""9765"",""mysql_join_scans"":""10"",""sys_load_avg"":3.05,""sys_memory_used"":2176.625,""sys_memory_used_buffers"":134.79296875,""sys_memory_used_cache"":710.6875,""sys_memory_swap_used"":0,""sys_memory_swap_used_cache"":0,""fpm_listen_queue"":""0"",""fpm_listen_queue_length"":""128"",""fpm_total_processes"":""11"",""fpm_active_processes"":""11""}"
1471524254,"{""mysql_table_scans_pct"":0.33854941131215,""mysql_deadlocks"":""0"",""mysql_wait_locks"":""10"",""mysql_current_locks"":""4624"",""mysql_total_locks"":""21"",""mysql_lock_time_avg"":""1918"",""mysql_lock_time_max"":""11684"",""mysql_select_scans"":""8735"",""mysql_sort_scans"":""9765"",""mysql_join_scans"":""10"",""sys_load_avg"":2.89,""sys_memory_used"":2176.6484375,""sys_memory_used_buffers"":135.16015625,""sys_memory_used_cache"":710.71484375,""sys_memory_swap_used"":0,""sys_memory_swap_used_cache"":0,""fpm_listen_queue"":""0"",""fpm_listen_queue_length"":""128"",""fpm_total_processes"":""11"",""fpm_active_processes"":""11""}"
1471524259,"{""mysql_table_scans_pct"":0.33980103689384,""mysql_deadlocks"":""0"",""mysql_wait_locks"":""8"",""mysql_current_locks"":""4793"",""mysql_total_locks"":""21"",""mysql_lock_time_avg"":""6806"",""mysql_lock_time_max"":""51554"",""mysql_select_scans"":""8785"",""mysql_sort_scans"":""9777"",""mysql_join_scans"":""10"",""sys_load_avg"":2.74,""sys_memory_used"":2210.671875,""sys_memory_used_buffers"":136.09375,""sys_memory_used_cache"":711.13671875,""sys_memory_swap_used"":0,""sys_memory_swap_used_cache"":0,""fpm_listen_queue"":""0"",""fpm_listen_queue_length"":""128"",""fpm_total_processes"":""11"",""fpm_active_processes"":""10""}"
1471524264,"{""mysql_table_scans_pct"":0.34104468499912,""mysql_deadlocks"":""0"",""mysql_wait_locks"":""7"",""mysql_current_locks"":""4956"",""mysql_total_locks"":""21"",""mysql_lock_time_avg"":""9227"",""mysql_lock_time_max"":""51554"",""mysql_select_scans"":""8912"",""mysql_sort_scans"":""9880"",""mysql_join_scans"":""10"",""sys_load_avg"":2.6,""sys_memory_used"":2183.2109375,""sys_memory_used_buffers"":136.57421875,""sys_memory_used_cache"":713.6484375,""sys_memory_swap_used"":0,""sys_memory_swap_used_cache"":0,""fpm_listen_queue"":""0"",""fpm_listen_queue_length"":""128"",""fpm_total_processes"":""10"",""fpm_active_processes"":""9""}"
1471524269,"{""mysql_table_scans_pct"":0.34228476802343,""mysql_deadlocks"":""0"",""mysql_wait_locks"":""4"",""mysql_current_locks"":""5129"",""mysql_total_locks"":""21"",""mysql_lock_time_avg"":""16557"",""mysql_lock_time_max"":""51685"",""mysql_select_scans"":""9095"",""mysql_sort_scans"":""9992"",""mysql_join_scans"":""10"",""sys_load_avg"":2.47,""sys_memory_used"":2151.33984375,""sys_memory_used_buffers"":137.03125,""sys_memory_used_cache"":715.95703125,""sys_memory_swap_used"":0,""sys_memory_swap_used_cache"":0,""fpm_listen_queue"":""0"",""fpm_listen_queue_length"":""128"",""fpm_total_processes"":""9"",""fpm_active_processes"":""7""}"
1471524274,"{""mysql_table_scans_pct"":0.343468872689,""mysql_deadlocks"":""0"",""mysql_wait_locks"":""6"",""mysql_current_locks"":""5299"",""mysql_total_locks"":""24"",""mysql_lock_time_avg"":""16595"",""mysql_lock_time_max"":""51685"",""mysql_select_scans"":""9259"",""mysql_sort_scans"":""10063"",""mysql_join_scans"":""10"",""sys_load_avg"":2.27,""sys_memory_used"":2141.53125,""sys_memory_used_buffers"":137.59765625,""sys_memory_used_cache"":718.1875,""sys_memory_swap_used"":0,""sys_memory_swap_used_cache"":0,""fpm_listen_queue"":""0"",""fpm_listen_queue_length"":""128"",""fpm_total_processes"":""9"",""fpm_active_processes"":""9""}"
1471524280,"{""mysql_table_scans_pct"":0.34467483116565,""mysql_deadlocks"":""0"",""mysql_wait_locks"":""6"",""mysql_current_locks"":""5485"",""mysql_total_locks"":""24"",""mysql_lock_time_avg"":""16595"",""mysql_lock_time_max"":""51685"",""mysql_select_scans"":""9407"",""mysql_sort_scans"":""10126"",""mysql_join_scans"":""10"",""sys_load_avg"":2.17,""sys_memory_used"":2151.31640625,""sys_memory_used_buffers"":138.15625,""sys_memory_used_cache"":719.234375,""sys_memory_swap_used"":0,""sys_memory_swap_used_cache"":0,""fpm_listen_queue"":""0"",""fpm_listen_queue_length"":""128"",""fpm_total_processes"":""9"",""fpm_active_processes"":""9""}"
1471524285,"{""mysql_table_scans_pct"":0.34430151704818,""mysql_deadlocks"":""0"",""mysql_wait_locks"":""6"",""mysql_current_locks"":""5537"",""mysql_total_locks"":""25"",""mysql_lock_time_avg"":""17978"",""mysql_lock_time_max"":""51685"",""mysql_select_scans"":""9554"",""mysql_sort_scans"":""10214"",""mysql_join_scans"":""10"",""sys_load_avg"":2.16,""sys_memory_used"":2185.6640625,""sys_memory_used_buffers"":138.99609375,""sys_memory_used_cache"":721.57421875,""sys_memory_swap_used"":0,""sys_memory_swap_used_cache"":0,""fpm_listen_queue"":""0"",""fpm_listen_queue_length"":""128"",""fpm_total_processes"":""10"",""fpm_active_processes"":""7""}"
1471524290,"{""mysql_table_scans_pct"":0.34347875400458,""mysql_deadlocks"":""0"",""mysql_wait_locks"":""7"",""mysql_current_locks"":""5652"",""mysql_total_locks"":""27"",""mysql_lock_time_avg"":""18522"",""mysql_lock_time_max"":""51685"",""mysql_select_scans"":""9684"",""mysql_sort_scans"":""10279"",""mysql_join_scans"":""10"",""sys_load_avg"":2.3,""sys_memory_used"":2193.55078125,""sys_memory_used_buffers"":139.68359375,""sys_memory_used_cache"":723.08203125,""sys_memory_swap_used"":0,""sys_memory_swap_used_cache"":0,""fpm_listen_queue"":""0"",""fpm_listen_queue_length"":""128"",""fpm_total_processes"":""10"",""fpm_active_processes"":""10""}"
1471524295,"{""mysql_table_scans_pct"":0.34223842970277,""mysql_deadlocks"":""0"",""mysql_wait_locks"":""7"",""mysql_current_locks"":""5838"",""mysql_total_locks"":""28"",""mysql_lock_time_avg"":""19658"",""mysql_lock_time_max"":""51685"",""mysql_select_scans"":""9834"",""mysql_sort_scans"":""10329"",""mysql_join_scans"":""10"",""sys_load_avg"":2.2,""sys_memory_used"":2197.796875,""sys_memory_used_buffers"":140.1875,""sys_memory_used_cache"":724.6015625,""sys_memory_swap_used"":0,""sys_memory_swap_used_cache"":0,""fpm_listen_queue"":""0"",""fpm_listen_queue_length"":""128"",""fpm_total_processes"":""10"",""fpm_active_processes"":""8""}"
1471524300,"{""mysql_table_scans_pct"":0.34078851510101,""mysql_deadlocks"":""0"",""mysql_wait_locks"":""8"",""mysql_current_locks"":""6053"",""mysql_total_locks"":""29"",""mysql_lock_time_avg"":""18980"",""mysql_lock_time_max"":""51685"",""mysql_select_scans"":""9925"",""mysql_sort_scans"":""10406"",""mysql_join_scans"":""10"",""sys_load_avg"":2.18,""sys_memory_used"":2203.015625,""sys_memory_used_buffers"":140.796875,""sys_memory_used_cache"":727.27734375,""sys_memory_swap_used"":0,""sys_memory_swap_used_cache"":0,""fpm_listen_queue"":""0"",""fpm_listen_queue_length"":""128"",""fpm_total_processes"":""10"",""fpm_active_processes"":""10""}"
1471524305,"{""mysql_table_scans_pct"":0.3395778814947,""mysql_deadlocks"":""0"",""mysql_wait_locks"":""8"",""mysql_current_locks"":""6235"",""mysql_total_locks"":""29"",""mysql_lock_time_avg"":""18980"",""mysql_lock_time_max"":""51685"",""mysql_select_scans"":""10008"",""mysql_sort_scans"":""10436"",""mysql_join_scans"":""10"",""sys_load_avg"":2.09,""sys_memory_used"":2245.79296875,""sys_memory_used_buffers"":141.44140625,""sys_memory_used_cache"":730.16015625,""sys_memory_swap_used"":0,""sys_memory_swap_used_cache"":0,""fpm_listen_queue"":""0"",""fpm_listen_queue_length"":""128"",""fpm_total_processes"":""11"",""fpm_active_processes"":""10""}"
1471524310,"{""mysql_table_scans_pct"":0.33829720274669,""mysql_deadlocks"":""0"",""mysql_wait_locks"":""8"",""mysql_current_locks"":""6427"",""mysql_total_locks"":""29"",""mysql_lock_time_avg"":""18980"",""mysql_lock_time_max"":""51685"",""mysql_select_scans"":""10100"",""mysql_sort_scans"":""10509"",""mysql_join_scans"":""10"",""sys_load_avg"":1.92,""sys_memory_used"":2257.828125,""sys_memory_used_buffers"":141.92578125,""sys_memory_used_cache"":732.9375,""sys_memory_swap_used"":0,""sys_memory_swap_used_cache"":0,""fpm_listen_queue"":""0"",""fpm_listen_queue_length"":""128"",""fpm_total_processes"":""11"",""fpm_active_processes"":""10""}"
1471524315,"{""mysql_table_scans_pct"":0.33801573378324,""mysql_deadlocks"":""0"",""mysql_wait_locks"":""0"",""mysql_current_locks"":""9"",""mysql_total_locks"":""29"",""mysql_lock_time_avg"":""27320"",""mysql_lock_time_max"":""51685"",""mysql_select_scans"":""10194"",""mysql_sort_scans"":""10595"",""mysql_join_scans"":""10"",""sys_load_avg"":2.01,""sys_memory_used"":2266.23828125,""sys_memory_used_buffers"":142.98046875,""sys_memory_used_cache"":734.55859375,""sys_memory_swap_used"":0,""sys_memory_swap_used_cache"":0,""fpm_listen_queue"":""0"",""fpm_listen_queue_length"":""128"",""fpm_total_processes"":""11"",""fpm_active_processes"":""8""}"
1471524320,"{""mysql_table_scans_pct"":0.33458577683301,""mysql_deadlocks"":""0"",""mysql_wait_locks"":""0"",""mysql_current_locks"":""923"",""mysql_total_locks"":""29"",""mysql_lock_time_avg"":""27320"",""mysql_lock_time_max"":""51685"",""mysql_select_scans"":""10495"",""mysql_sort_scans"":""10758"",""mysql_join_scans"":""10"",""sys_load_avg"":2.41,""sys_memory_used"":2184.48046875,""sys_memory_used_buffers"":144.7890625,""sys_memory_used_cache"":739.046875,""sys_memory_swap_used"":0,""sys_memory_swap_used_cache"":0,""fpm_listen_queue"":""1"",""fpm_listen_queue_length"":""128"",""fpm_total_processes"":""7"",""fpm_active_processes"":""3""}"
1471524325,"{""mysql_table_scans_pct"":0.32972953023243,""mysql_deadlocks"":""0"",""mysql_wait_locks"":""0"",""mysql_current_locks"":""860"",""mysql_total_locks"":""29"",""mysql_lock_time_avg"":""27320"",""mysql_lock_time_max"":""51685"",""mysql_select_scans"":""10770"",""mysql_sort_scans"":""10934"",""mysql_join_scans"":""10"",""sys_load_avg"":2.85,""sys_memory_used"":2179.55078125,""sys_memory_used_buffers"":145.75390625,""sys_memory_used_cache"":743.203125,""sys_memory_swap_used"":0,""sys_memory_swap_used_cache"":0,""fpm_listen_queue"":""0"",""fpm_listen_queue_length"":""128"",""fpm_total_processes"":""8"",""fpm_active_processes"":""8""}"
1471524330,"{""mysql_table_scans_pct"":0.32351567992314,""mysql_deadlocks"":""0"",""mysql_wait_locks"":""0"",""mysql_current_locks"":""1051"",""mysql_total_locks"":""29"",""mysql_lock_time_avg"":""27320"",""mysql_lock_time_max"":""51685"",""mysql_select_scans"":""11167"",""mysql_sort_scans"":""11118"",""mysql_join_scans"":""10"",""sys_load_avg"":3.27,""sys_memory_used"":2229.5390625,""sys_memory_used_buffers"":147.3359375,""sys_memory_used_cache"":748.61328125,""sys_memory_swap_used"":0,""sys_memory_swap_used_cache"":0,""fpm_listen_queue"":""0"",""fpm_listen_queue_length"":""128"",""fpm_total_processes"":""8"",""fpm_active_processes"":""7""}"
1471524336,"{""mysql_table_scans_pct"":0.31791251194995,""mysql_deadlocks"":""0"",""mysql_wait_locks"":""0"",""mysql_current_locks"":""0"",""mysql_total_locks"":""29"",""mysql_lock_time_avg"":""27320"",""mysql_lock_time_max"":""51685"",""mysql_select_scans"":""11439"",""mysql_sort_scans"":""11255"",""mysql_join_scans"":""10"",""sys_load_avg"":3.41,""sys_memory_used"":2101.67578125,""sys_memory_used_buffers"":147.9296875,""sys_memory_used_cache"":758.0234375,""sys_memory_swap_used"":0,""sys_memory_swap_used_cache"":0,""fpm_listen_queue"":""2"",""fpm_listen_queue_length"":""128"",""fpm_total_processes"":""6"",""fpm_active_processes"":""6""}"
1471524341,"{""mysql_table_scans_pct"":0.29787080268434,""mysql_deadlocks"":""0"",""mysql_wait_locks"":""0"",""mysql_current_locks"":""0"",""mysql_total_locks"":""29"",""mysql_lock_time_avg"":""27320"",""mysql_lock_time_max"":""51685"",""mysql_select_scans"":""11528"",""mysql_sort_scans"":""11372"",""mysql_join_scans"":""10"",""sys_load_avg"":3.29,""sys_memory_used"":2121.8359375,""sys_memory_used_buffers"":148.2890625,""sys_memory_used_cache"":760.08984375,""sys_memory_swap_used"":0,""sys_memory_swap_used_cache"":0,""fpm_listen_queue"":""1"",""fpm_listen_queue_length"":""128"",""fpm_total_processes"":""7"",""fpm_active_processes"":""4""}"
1471524346,"{""mysql_table_scans_pct"":0.28898868852611,""mysql_deadlocks"":""0"",""mysql_wait_locks"":""0"",""mysql_current_locks"":""0"",""mysql_total_locks"":""29"",""mysql_lock_time_avg"":""27320"",""mysql_lock_time_max"":""51685"",""mysql_select_scans"":""11591"",""mysql_sort_scans"":""11469"",""mysql_join_scans"":""10"",""sys_load_avg"":3.19,""sys_memory_used"":2065.09765625,""sys_memory_used_buffers"":148.75390625,""sys_memory_used_cache"":762.34765625,""sys_memory_swap_used"":0,""sys_memory_swap_used_cache"":0,""fpm_listen_queue"":""0"",""fpm_listen_queue_length"":""128"",""fpm_total_processes"":""7"",""fpm_active_processes"":""2""}"
1471524351,"{""mysql_table_scans_pct"":0.28802084301667,""mysql_deadlocks"":""0"",""mysql_wait_locks"":""0"",""mysql_current_locks"":""0"",""mysql_total_locks"":""29"",""mysql_lock_time_avg"":""27320"",""mysql_lock_time_max"":""51685"",""mysql_select_scans"":""11639"",""mysql_sort_scans"":""11554"",""mysql_join_scans"":""10"",""sys_load_avg"":3.33,""sys_memory_used"":2019.46875,""sys_memory_used_buffers"":149.41796875,""sys_memory_used_cache"":763.5078125,""sys_memory_swap_used"":0,""sys_memory_swap_used_cache"":0,""fpm_listen_queue"":""0"",""fpm_listen_queue_length"":""128"",""fpm_total_processes"":""5"",""fpm_active_processes"":""4""}"
1471524356,"{""mysql_table_scans_pct"":0.28802247066704,""mysql_deadlocks"":""0"",""mysql_wait_locks"":""0"",""mysql_current_locks"":""0"",""mysql_total_locks"":""29"",""mysql_lock_time_avg"":""27320"",""mysql_lock_time_max"":""51685"",""mysql_select_scans"":""11669"",""mysql_sort_scans"":""11617"",""mysql_join_scans"":""10"",""sys_load_avg"":3.07,""sys_memory_used"":2045.99609375,""sys_memory_used_buffers"":150.1796875,""sys_memory_used_cache"":764.67578125,""sys_memory_swap_used"":0,""sys_memory_swap_used_cache"":0,""fpm_listen_queue"":""0"",""fpm_listen_queue_length"":""128"",""fpm_total_processes"":""5"",""fpm_active_processes"":""3""}"
1471524361,"{""mysql_table_scans_pct"":0.28801814240776,""mysql_deadlocks"":""0"",""mysql_wait_locks"":""0"",""mysql_current_locks"":""0"",""mysql_total_locks"":""29"",""mysql_lock_time_avg"":""27320"",""mysql_lock_time_max"":""51685"",""mysql_select_scans"":""11703"",""mysql_sort_scans"":""11740"",""mysql_join_scans"":""10"",""sys_load_avg"":2.98,""sys_memory_used"":1987.12890625,""sys_memory_used_buffers"":150.31640625,""sys_memory_used_cache"":767.71484375,""sys_memory_swap_used"":0,""sys_memory_swap_used_cache"":0,""fpm_listen_queue"":""0"",""fpm_listen_queue_length"":""128"",""fpm_total_processes"":""4"",""fpm_active_processes"":""2""}"
1471524366,"{""mysql_table_scans_pct"":0.28802522746881,""mysql_deadlocks"":""0"",""mysql_wait_locks"":""0"",""mysql_current_locks"":""0"",""mysql_total_locks"":""29"",""mysql_lock_time_avg"":""27320"",""mysql_lock_time_max"":""51685"",""mysql_select_scans"":""11715"",""mysql_sort_scans"":""11752"",""mysql_join_scans"":""10"",""sys_load_avg"":2.74,""sys_memory_used"":1981.17578125,""sys_memory_used_buffers"":150.40625,""sys_memory_used_cache"":767.93359375,""sys_memory_swap_used"":0,""sys_memory_swap_used_cache"":0,""fpm_listen_queue"":""0"",""fpm_listen_queue_length"":""128"",""fpm_total_processes"":""3"",""fpm_active_processes"":""2""}"
1471524371,"{""mysql_table_scans_pct"":0.28803550991702,""mysql_deadlocks"":""0"",""mysql_wait_locks"":""0"",""mysql_current_locks"":""0"",""mysql_total_locks"":""29"",""mysql_lock_time_avg"":""27320"",""mysql_lock_time_max"":""51685"",""mysql_select_scans"":""11722"",""mysql_sort_scans"":""11752"",""mysql_join_scans"":""10"",""sys_load_avg"":2.52,""sys_memory_used"":1976.8203125,""sys_memory_used_buffers"":190.390625,""sys_memory_used_cache"":741.33984375,""sys_memory_swap_used"":0,""sys_memory_swap_used_cache"":0,""fpm_listen_queue"":""0"",""fpm_listen_queue_length"":""128"",""fpm_total_processes"":""3"",""fpm_active_processes"":""1""}"
