1477818426,"{""mysql_table_scans_pct"":0.26403122410947,""mysql_deadlocks"":""0"",""mysql_wait_locks"":""0"",""mysql_current_locks"":""25"",""mysql_total_locks"":""0"",""mysql_lock_time_avg"":""0"",""mysql_lock_time_max"":""0"",""mysql_select_scans"":""2687"",""mysql_sort_scans"":""4342"",""mysql_join_scans"":""15"",""sys_load_avg"":5.75,""sys_memory_used"":2123.04296875,""sys_memory_used_buffers"":166.48046875,""sys_memory_used_cache"":570.37109375,""sys_memory_swap_used"":0,""sys_memory_swap_used_cache"":0,""fpm_listen_queue"":""0"",""fpm_listen_queue_length"":""128"",""fpm_total_processes"":""15"",""fpm_active_processes"":""15""}"
1477818432,"{""mysql_table_scans_pct"":0.27764956815134,""mysql_deadlocks"":""0"",""mysql_wait_locks"":""0"",""mysql_current_locks"":""1263"",""mysql_total_locks"":""2"",""mysql_lock_time_avg"":""534"",""mysql_lock_time_max"":""720"",""mysql_select_scans"":""2952"",""mysql_sort_scans"":""4928"",""mysql_join_scans"":""21"",""sys_load_avg"":6.41,""sys_memory_used"":2158.07421875,""sys_memory_used_buffers"":168.78125,""sys_memory_used_cache"":599.34375,""sys_memory_swap_used"":0,""sys_memory_swap_used_cache"":0,""fpm_listen_queue"":""0"",""fpm_listen_queue_length"":""128"",""fpm_total_processes"":""14"",""fpm_active_processes"":""14""}"
1477818437,"{""mysql_table_scans_pct"":0.26400145678554,""mysql_deadlocks"":""0"",""mysql_wait_locks"":""1"",""mysql_current_locks"":""2725"",""mysql_total_locks"":""3"",""mysql_lock_time_avg"":""356"",""mysql_lock_time_max"":""720"",""mysql_select_scans"":""3338"",""mysql_sort_scans"":""5546"",""mysql_join_scans"":""21"",""sys_load_avg"":7.1,""sys_memory_used"":2224.23828125,""sys_memory_used_buffers"":170.48046875,""sys_memory_used_cache"":624.46875,""sys_memory_swap_used"":0,""sys_memory_swap_used_cache"":0,""fpm_listen_queue"":""0"",""fpm_listen_queue_length"":""128"",""fpm_total_processes"":""16"",""fpm_active_processes"":""14""}"
1477818442,"{""mysql_table_scans_pct"":0.24776749744994,""mysql_deadlocks"":""0"",""mysql_wait_locks"":""2"",""mysql_current_locks"":""3584"",""mysql_total_locks"":""4"",""mysql_lock_time_avg"":""267"",""mysql_lock_time_max"":""720"",""mysql_select_scans"":""3634"",""mysql_sort_scans"":""6155"",""mysql_join_scans"":""21"",""sys_load_avg"":7.01,""sys_memory_used"":2237.1484375,""sys_memory_used_buffers"":171.8671875,""sys_memory_used_cache"":642.0859375,""sys_memory_swap_used"":0,""sys_memory_swap_used_cache"":0,""fpm_listen_queue"":""0"",""fpm_listen_queue_length"":""128"",""fpm_total_processes"":""17"",""fpm_active_processes"":""15""}"
1477818447,"{""mysql_table_scans_pct"":0.24209143142689,""mysql_deadlocks"":""0"",""mysql_wait_locks"":""2"",""mysql_current_locks"":""4605"",""mysql_total_locks"":""4"",""mysql_lock_time_avg"":""267"",""mysql_lock_time_max"":""720"",""mysql_select_scans"":""3950"",""mysql_sort_scans"":""6760"",""mysql_join_scans"":""21"",""sys_load_avg"":7.49,""sys_memory_used"":2220.8125,""sys_memory_used_buffers"":173.4921875,""sys_memory_used_cache"":669.328125,""sys_memory_swap_used"":0,""sys_memory_swap_used_cache"":0,""fpm_listen_queue"":""0"",""fpm_listen_queue_length"":""128"",""fpm_total_processes"":""14"",""fpm_active_processes"":""12""}"
1477818452,"{""mysql_table_scans_pct"":0.24590552449714,""mysql_deadlocks"":""0"",""mysql_wait_locks"":""1"",""mysql_current_locks"":""743"",""mysql_total_locks"":""5"",""mysql_lock_time_avg"":""4683"",""mysql_lock_time_max"":""15198"",""mysql_select_scans"":""4232"",""mysql_sort_scans"":""7392"",""mysql_join_scans"":""24"",""sys_load_avg"":7.53,""sys_memory_used"":2260.28515625,""sys_memory_used_buffers"":175.09765625,""sys_memory_used_cache"":713.80078125,""sys_memory_swap_used"":0,""sys_memory_swap_used_cache"":0,""fpm_listen_queue"":""0"",""fpm_listen_queue_length"":""128"",""fpm_total_processes"":""13"",""fpm_active_processes"":""13""}"
1477818457,"{""mysql_table_scans_pct"":0.24777418455288,""mysql_deadlocks"":""0"",""mysql_wait_locks"":""1"",""mysql_current_locks"":""2521"",""mysql_total_locks"":""5"",""mysql_lock_time_avg"":""4683"",""mysql_lock_time_max"":""15198"",""mysql_select_scans"":""4522"",""mysql_sort_scans"":""7941"",""mysql_join_scans"":""24"",""sys_load_avg"":8.05,""sys_memory_used"":2276.546875,""sys_memory_used_buffers"":176.95703125,""sys_memory_used_cache"":732.6875,""sys_memory_swap_used"":0,""sys_memory_swap_used_cache"":0,""fpm_listen_queue"":""0"",""fpm_listen_queue_length"":""128"",""fpm_total_processes"":""14"",""fpm_active_processes"":""12""}"
1477818462,"{""mysql_table_scans_pct"":0.26772884497195,""mysql_deadlocks"":""0"",""mysql_wait_locks"":""5"",""mysql_current_locks"":""10886"",""mysql_total_locks"":""9"",""mysql_lock_time_avg"":""2601"",""mysql_lock_time_max"":""15198"",""mysql_select_scans"":""4821"",""mysql_sort_scans"":""8461"",""mysql_join_scans"":""24"",""sys_load_avg"":7.96,""sys_memory_used"":2332.21875,""sys_memory_used_buffers"":177.96484375,""sys_memory_used_cache"":766.1796875,""sys_memory_swap_used"":0,""sys_memory_swap_used_cache"":0,""fpm_listen_queue"":""0"",""fpm_listen_queue_length"":""128"",""fpm_total_processes"":""13"",""fpm_active_processes"":""13""}"
1477818467,"{""mysql_table_scans_pct"":0.30309111579061,""mysql_deadlocks"":""0"",""mysql_wait_locks"":""0"",""mysql_current_locks"":""364"",""mysql_total_locks"":""11"",""mysql_lock_time_avg"":""6489"",""mysql_lock_time_max"":""15486"",""mysql_select_scans"":""5150"",""mysql_sort_scans"":""8942"",""mysql_join_scans"":""33"",""sys_load_avg"":8.05,""sys_memory_used"":2383.1015625,""sys_memory_used_buffers"":179.1875,""sys_memory_used_cache"":772.34375,""sys_memory_swap_used"":0,""sys_memory_swap_used_cache"":0,""fpm_listen_queue"":""0"",""fpm_listen_queue_length"":""128"",""fpm_total_processes"":""15"",""fpm_active_processes"":""14""}"
1477818473,"{""mysql_table_scans_pct"":0.30844256325695,""mysql_deadlocks"":""0"",""mysql_wait_locks"":""0"",""mysql_current_locks"":""0"",""mysql_total_locks"":""13"",""mysql_lock_time_avg"":""5618"",""mysql_lock_time_max"":""15486"",""mysql_select_scans"":""5259"",""mysql_sort_scans"":""9291"",""mysql_join_scans"":""38"",""sys_load_avg"":8.6,""sys_memory_used"":2308.453125,""sys_memory_used_buffers"":180.44140625,""sys_memory_used_cache"":778.53515625,""sys_memory_swap_used"":0,""sys_memory_swap_used_cache"":0,""fpm_listen_queue"":""0"",""fpm_listen_queue_length"":""128"",""fpm_total_processes"":""14"",""fpm_active_processes"":""13""}"
1477818478,"{""mysql_table_scans_pct"":0.30935437607746,""mysql_deadlocks"":""0"",""mysql_wait_locks"":""0"",""mysql_current_locks"":""76"",""mysql_total_locks"":""13"",""mysql_lock_time_avg"":""5618"",""mysql_lock_time_max"":""15486"",""mysql_select_scans"":""5342"",""mysql_sort_scans"":""9674"",""mysql_join_scans"":""41"",""sys_load_avg"":9.28,""sys_memory_used"":2338.81640625,""sys_memory_used_buffers"":181.38671875,""sys_memory_used_cache"":785.9453125,""sys_memory_swap_used"":0,""sys_memory_swap_used_cache"":0,""fpm_listen_queue"":""0"",""fpm_listen_queue_length"":""128"",""fpm_total_processes"":""13"",""fpm_active_processes"":""13""}"
1477818483,"{""mysql_table_scans_pct"":0.30998142564501,""mysql_deadlocks"":""0"",""mysql_wait_locks"":""0"",""mysql_current_locks"":""156"",""mysql_total_locks"":""13"",""mysql_lock_time_avg"":""5618"",""mysql_lock_time_max"":""15486"",""mysql_select_scans"":""5428"",""mysql_sort_scans"":""10158"",""mysql_join_scans"":""43"",""sys_load_avg"":9.82,""sys_memory_used"":2405.0859375,""sys_memory_used_buffers"":182.28125,""sys_memory_used_cache"":796.6171875,""sys_memory_swap_used"":0,""sys_memory_swap_used_cache"":0,""fpm_listen_queue"":""0"",""fpm_listen_queue_length"":""128"",""fpm_total_processes"":""14"",""fpm_active_processes"":""14""}"
1477818488,"{""mysql_table_scans_pct"":0.31084047880312,""mysql_deadlocks"":""0"",""mysql_wait_locks"":""0"",""mysql_current_locks"":""239"",""mysql_total_locks"":""13"",""mysql_lock_time_avg"":""5618"",""mysql_lock_time_max"":""15486"",""mysql_select_scans"":""5541"",""mysql_sort_scans"":""10467"",""mysql_join_scans"":""47"",""sys_load_avg"":10.31,""sys_memory_used"":2382.36328125,""sys_memory_used_buffers"":182.94921875,""sys_memory_used_cache"":802.32421875,""sys_memory_swap_used"":0,""sys_memory_swap_used_cache"":0,""fpm_listen_queue"":""0"",""fpm_listen_queue_length"":""128"",""fpm_total_processes"":""14"",""fpm_active_processes"":""11""}"
1477818493,"{""mysql_table_scans_pct"":0.31159834293575,""mysql_deadlocks"":""0"",""mysql_wait_locks"":""0"",""mysql_current_locks"":""324"",""mysql_total_locks"":""13"",""mysql_lock_time_avg"":""5618"",""mysql_lock_time_max"":""15486"",""mysql_select_scans"":""5633"",""mysql_sort_scans"":""10891"",""mysql_join_scans"":""51"",""sys_load_avg"":10.69,""sys_memory_used"":2410.72265625,""sys_memory_used_buffers"":183.8203125,""sys_memory_used_cache"":811.0078125,""sys_memory_swap_used"":0,""sys_memory_swap_used_cache"":0,""fpm_listen_queue"":""0"",""fpm_listen_queue_length"":""128"",""fpm_total_processes"":""13"",""fpm_active_processes"":""13""}"
1477818498,"{""mysql_table_scans_pct"":0.31258793759083,""mysql_deadlocks"":""0"",""mysql_wait_locks"":""0"",""mysql_current_locks"":""440"",""mysql_total_locks"":""13"",""mysql_lock_time_avg"":""5618"",""mysql_lock_time_max"":""15486"",""mysql_select_scans"":""5704"",""mysql_sort_scans"":""11204"",""mysql_join_scans"":""52"",""sys_load_avg"":11.03,""sys_memory_used"":2361.40625,""sys_memory_used_buffers"":184.62109375,""sys_memory_used_cache"":817.03125,""sys_memory_swap_used"":0,""sys_memory_swap_used_cache"":0,""fpm_listen_queue"":""0"",""fpm_listen_queue_length"":""128"",""fpm_total_processes"":""12"",""fpm_active_processes"":""7""}"
1477818503,"{""mysql_table_scans_pct"":0.31335959573453,""mysql_deadlocks"":""0"",""mysql_wait_locks"":""0"",""mysql_current_locks"":""588"",""mysql_total_locks"":""13"",""mysql_lock_time_avg"":""5618"",""mysql_lock_time_max"":""15486"",""mysql_select_scans"":""5805"",""mysql_sort_scans"":""11647"",""mysql_join_scans"":""56"",""sys_load_avg"":11.27,""sys_memory_used"":2461.109375,""sys_memory_used_buffers"":185.4609375,""sys_memory_used_cache"":826.08984375,""sys_memory_swap_used"":0,""sys_memory_swap_used_cache"":0,""fpm_listen_queue"":""0"",""fpm_listen_queue_length"":""128"",""fpm_total_processes"":""13"",""fpm_active_processes"":""13""}"
1477818508,"{""mysql_table_scans_pct"":0.31432974638758,""mysql_deadlocks"":""0"",""mysql_wait_locks"":""0"",""mysql_current_locks"":""734"",""mysql_total_locks"":""13"",""mysql_lock_time_avg"":""5618"",""mysql_lock_time_max"":""15486"",""mysql_select_scans"":""5883"",""mysql_sort_scans"":""12007"",""mysql_join_scans"":""57"",""sys_load_avg"":11.49,""sys_memory_used"":2444.453125,""sys_memory_used_buffers"":186.04296875,""sys_memory_used_cache"":834.5625,""sys_memory_swap_used"":0,""sys_memory_swap_used_cache"":0,""fpm_listen_queue"":""0"",""fpm_listen_queue_length"":""128"",""fpm_total_processes"":""14"",""fpm_active_processes"":""13""}"
1477818514,"{""mysql_table_scans_pct"":0.3151905457764,""mysql_deadlocks"":""0"",""mysql_wait_locks"":""0"",""mysql_current_locks"":""861"",""mysql_total_locks"":""13"",""mysql_lock_time_avg"":""5618"",""mysql_lock_time_max"":""15486"",""mysql_select_scans"":""5967"",""mysql_sort_scans"":""12364"",""mysql_join_scans"":""59"",""sys_load_avg"":11.61,""sys_memory_used"":2464.31640625,""sys_memory_used_buffers"":186.6484375,""sys_memory_used_cache"":841.96484375,""sys_memory_swap_used"":0,""sys_memory_swap_used_cache"":0,""fpm_listen_queue"":""0"",""fpm_listen_queue_length"":""128"",""fpm_total_processes"":""13"",""fpm_active_processes"":""13""}"
1477818519,"{""mysql_table_scans_pct"":0.31594139725504,""mysql_deadlocks"":""0"",""mysql_wait_locks"":""0"",""mysql_current_locks"":""1004"",""mysql_total_locks"":""13"",""mysql_lock_time_avg"":""5618"",""mysql_lock_time_max"":""15486"",""mysql_select_scans"":""6079"",""mysql_sort_scans"":""12753"",""mysql_join_scans"":""61"",""sys_load_avg"":11.72,""sys_memory_used"":2389.54296875,""sys_memory_used_buffers"":187.28515625,""sys_memory_used_cache"":848.76171875,""sys_memory_swap_used"":0,""sys_memory_swap_used_cache"":0,""fpm_listen_queue"":""0"",""fpm_listen_queue_length"":""128"",""fpm_total_processes"":""11"",""fpm_active_processes"":""10""}"
1477818524,"{""mysql_table_scans_pct"":0.31679499413827,""mysql_deadlocks"":""0"",""mysql_wait_locks"":""0"",""mysql_current_locks"":""1141"",""mysql_total_locks"":""13"",""mysql_lock_time_avg"":""5618"",""mysql_lock_time_max"":""15486"",""mysql_select_scans"":""6169"",""mysql_sort_scans"":""13134"",""mysql_join_scans"":""65"",""sys_load_avg"":11.66,""sys_memory_used"":2534.515625,""sys_memory_used_buffers"":188.00390625,""sys_memory_used_cache"":856.359375,""sys_memory_swap_used"":0,""sys_memory_swap_used_cache"":0,""fpm_listen_queue"":""0"",""fpm_listen_queue_length"":""128"",""fpm_total_processes"":""14"",""fpm_active_processes"":""12""}"
1477818529,"{""mysql_table_scans_pct"":0.31777167686183,""mysql_deadlocks"":""0"",""mysql_wait_locks"":""0"",""mysql_current_locks"":""1296"",""mysql_total_locks"":""13"",""mysql_lock_time_avg"":""5618"",""mysql_lock_time_max"":""15486"",""mysql_select_scans"":""6255"",""mysql_sort_scans"":""13504"",""mysql_join_scans"":""69"",""sys_load_avg"":11.93,""sys_memory_used"":2559.1796875,""sys_memory_used_buffers"":188.51953125,""sys_memory_used_cache"":863.98828125,""sys_memory_swap_used"":0,""sys_memory_swap_used_cache"":0,""fpm_listen_queue"":""3"",""fpm_listen_queue_length"":""128"",""fpm_total_processes"":""14"",""fpm_active_processes"":""11""}"
1477818534,"{""mysql_table_scans_pct"":0.31867124084905,""mysql_deadlocks"":""0"",""mysql_wait_locks"":""0"",""mysql_current_locks"":""1441"",""mysql_total_locks"":""13"",""mysql_lock_time_avg"":""5618"",""mysql_lock_time_max"":""15486"",""mysql_select_scans"":""6335"",""mysql_sort_scans"":""13830"",""mysql_join_scans"":""69"",""sys_load_avg"":12.18,""sys_memory_used"":2506.82421875,""sys_memory_used_buffers"":189.12890625,""sys_memory_used_cache"":870.6953125,""sys_memory_swap_used"":0,""sys_memory_swap_used_cache"":0,""fpm_listen_queue"":""0"",""fpm_listen_queue_length"":""128"",""fpm_total_processes"":""13"",""fpm_active_processes"":""10""}"
1477818539,"{""mysql_table_scans_pct"":0.31979001632108,""mysql_deadlocks"":""0"",""mysql_wait_locks"":""0"",""mysql_current_locks"":""1593"",""mysql_total_locks"":""13"",""mysql_lock_time_avg"":""5618"",""mysql_lock_time_max"":""15486"",""mysql_select_scans"":""6421"",""mysql_sort_scans"":""14081"",""mysql_join_scans"":""73"",""sys_load_avg"":12.32,""sys_memory_used"":2498.7109375,""sys_memory_used_buffers"":189.74609375,""sys_memory_used_cache"":874.16796875,""sys_memory_swap_used"":0,""sys_memory_swap_used_cache"":0,""fpm_listen_queue"":""0"",""fpm_listen_queue_length"":""128"",""fpm_total_processes"":""14"",""fpm_active_processes"":""7""}"
1477818544,"{""mysql_table_scans_pct"":0.31987836831905,""mysql_deadlocks"":""0"",""mysql_wait_locks"":""0"",""mysql_current_locks"":""1995"",""mysql_total_locks"":""13"",""mysql_lock_time_avg"":""5618"",""mysql_lock_time_max"":""15486"",""mysql_select_scans"":""6505"",""mysql_sort_scans"":""14348"",""mysql_join_scans"":""76"",""sys_load_avg"":12.06,""sys_memory_used"":2572.66015625,""sys_memory_used_buffers"":194.25,""sys_memory_used_cache"":880.3046875,""sys_memory_swap_used"":0,""sys_memory_swap_used_cache"":0,""fpm_listen_queue"":""0"",""fpm_listen_queue_length"":""128"",""fpm_total_processes"":""14"",""fpm_active_processes"":""14""}"
1477818549,"{""mysql_table_scans_pct"":0.33641838636925,""mysql_deadlocks"":""0"",""mysql_wait_locks"":""0"",""mysql_current_locks"":""3009"",""mysql_total_locks"":""13"",""mysql_lock_time_avg"":""5618"",""mysql_lock_time_max"":""15486"",""mysql_select_scans"":""6732"",""mysql_sort_scans"":""14781"",""mysql_join_scans"":""78"",""sys_load_avg"":12.21,""sys_memory_used"":2576.48828125,""sys_memory_used_buffers"":194.72265625,""sys_memory_used_cache"":886.3984375,""sys_memory_swap_used"":0,""sys_memory_swap_used_cache"":0,""fpm_listen_queue"":""0"",""fpm_listen_queue_length"":""128"",""fpm_total_processes"":""13"",""fpm_active_processes"":""13""}"
1477818554,"{""mysql_table_scans_pct"":0.33782719186615,""mysql_deadlocks"":""0"",""mysql_wait_locks"":""0"",""mysql_current_locks"":""3009"",""mysql_total_locks"":""13"",""mysql_lock_time_avg"":""5618"",""mysql_lock_time_max"":""15486"",""mysql_select_scans"":""6969"",""mysql_sort_scans"":""15105"",""mysql_join_scans"":""81"",""sys_load_avg"":12.35,""sys_memory_used"":2593.28515625,""sys_memory_used_buffers"":195.34765625,""sys_memory_used_cache"":890.4453125,""sys_memory_swap_used"":0,""sys_memory_swap_used_cache"":0,""fpm_listen_queue"":""0"",""fpm_listen_queue_length"":""128"",""fpm_total_processes"":""14"",""fpm_active_processes"":""9""}"
1477818559,"{""mysql_table_scans_pct"":0.33745786558906,""mysql_deadlocks"":""0"",""mysql_wait_locks"":""0"",""mysql_current_locks"":""3066"",""mysql_total_locks"":""13"",""mysql_lock_time_avg"":""5618"",""mysql_lock_time_max"":""15486"",""mysql_select_scans"":""7212"",""mysql_sort_scans"":""15499"",""mysql_join_scans"":""86"",""sys_load_avg"":12.49,""sys_memory_used"":2581.19921875,""sys_memory_used_buffers"":196.01953125,""sys_memory_used_cache"":895.99609375,""sys_memory_swap_used"":0,""sys_memory_swap_used_cache"":0,""fpm_listen_queue"":""0"",""fpm_listen_queue_length"":""128"",""fpm_total_processes"":""14"",""fpm_active_processes"":""12""}"
1477818564,"{""mysql_table_scans_pct"":0.32656680302674,""mysql_deadlocks"":""0"",""mysql_wait_locks"":""0"",""mysql_current_locks"":""4546"",""mysql_total_locks"":""13"",""mysql_lock_time_avg"":""5618"",""mysql_lock_time_max"":""15486"",""mysql_select_scans"":""7471"",""mysql_sort_scans"":""15870"",""mysql_join_scans"":""89"",""sys_load_avg"":12.69,""sys_memory_used"":2606.2421875,""sys_memory_used_buffers"":196.7734375,""sys_memory_used_cache"":900.55078125,""sys_memory_swap_used"":0,""sys_memory_swap_used_cache"":0,""fpm_listen_queue"":""0"",""fpm_listen_queue_length"":""128"",""fpm_total_processes"":""15"",""fpm_active_processes"":""12""}"
1477818570,"{""mysql_table_scans_pct"":0.33795335559141,""mysql_deadlocks"":""0"",""mysql_wait_locks"":""0"",""mysql_current_locks"":""5050"",""mysql_total_locks"":""13"",""mysql_lock_time_avg"":""5618"",""mysql_lock_time_max"":""15486"",""mysql_select_scans"":""7755"",""mysql_sort_scans"":""16285"",""mysql_join_scans"":""93"",""sys_load_avg"":12.47,""sys_memory_used"":2663.8203125,""sys_memory_used_buffers"":197.421875,""sys_memory_used_cache"":909.46484375,""sys_memory_swap_used"":0,""sys_memory_swap_used_cache"":0,""fpm_listen_queue"":""2"",""fpm_listen_queue_length"":""128"",""fpm_total_processes"":""14"",""fpm_active_processes"":""13""}"
1477818575,"{""mysql_table_scans_pct"":0.34099662647378,""mysql_deadlocks"":""0"",""mysql_wait_locks"":""0"",""mysql_current_locks"":""5050"",""mysql_total_locks"":""13"",""mysql_lock_time_avg"":""5618"",""mysql_lock_time_max"":""15486"",""mysql_select_scans"":""8007"",""mysql_sort_scans"":""16693"",""mysql_join_scans"":""97"",""sys_load_avg"":12.29,""sys_memory_used"":2598.875,""sys_memory_used_buffers"":198.04296875,""sys_memory_used_cache"":917.1796875,""sys_memory_swap_used"":0,""sys_memory_swap_used_cache"":0,""fpm_listen_queue"":""0"",""fpm_listen_queue_length"":""128"",""fpm_total_processes"":""14"",""fpm_active_processes"":""7""}"
1477818580,"{""mysql_table_scans_pct"":0.34545942810697,""mysql_deadlocks"":""0"",""mysql_wait_locks"":""0"",""mysql_current_locks"":""5056"",""mysql_total_locks"":""13"",""mysql_lock_time_avg"":""5618"",""mysql_lock_time_max"":""15486"",""mysql_select_scans"":""8260"",""mysql_sort_scans"":""17157"",""mysql_join_scans"":""98"",""sys_load_avg"":12.1,""sys_memory_used"":2594.125,""sys_memory_used_buffers"":198.76953125,""sys_memory_used_cache"":921.390625,""sys_memory_swap_used"":0,""sys_memory_swap_used_cache"":0,""fpm_listen_queue"":""2"",""fpm_listen_queue_length"":""128"",""fpm_total_processes"":""11"",""fpm_active_processes"":""10""}"
1477818585,"{""mysql_table_scans_pct"":0.34842407437988,""mysql_deadlocks"":""0"",""mysql_wait_locks"":""0"",""mysql_current_locks"":""5144"",""mysql_total_locks"":""13"",""mysql_lock_time_avg"":""5618"",""mysql_lock_time_max"":""15486"",""mysql_select_scans"":""8524"",""mysql_sort_scans"":""17578"",""mysql_join_scans"":""101"",""sys_load_avg"":12.02,""sys_memory_used"":2633.9296875,""sys_memory_used_buffers"":199.3828125,""sys_memory_used_cache"":927.33203125,""sys_memory_swap_used"":0,""sys_memory_swap_used_cache"":0,""fpm_listen_queue"":""0"",""fpm_listen_queue_length"":""128"",""fpm_total_processes"":""13"",""fpm_active_processes"":""11""}"
1477818590,"{""mysql_table_scans_pct"":0.3486943140323,""mysql_deadlocks"":""0"",""mysql_wait_locks"":""0"",""mysql_current_locks"":""5236"",""mysql_total_locks"":""13"",""mysql_lock_time_avg"":""5618"",""mysql_lock_time_max"":""15486"",""mysql_select_scans"":""8766"",""mysql_sort_scans"":""17988"",""mysql_join_scans"":""104"",""sys_load_avg"":12.01,""sys_memory_used"":2587.234375,""sys_memory_used_buffers"":199.8984375,""sys_memory_used_cache"":930.890625,""sys_memory_swap_used"":0,""sys_memory_swap_used_cache"":0,""fpm_listen_queue"":""0"",""fpm_listen_queue_length"":""128"",""fpm_total_processes"":""12"",""fpm_active_processes"":""11""}"
1477818595,"{""mysql_table_scans_pct"":0.34862854266156,""mysql_deadlocks"":""0"",""mysql_wait_locks"":""0"",""mysql_current_locks"":""5326"",""mysql_total_locks"":""13"",""mysql_lock_time_avg"":""5618"",""mysql_lock_time_max"":""15486"",""mysql_select_scans"":""9041"",""mysql_sort_scans"":""18362"",""mysql_join_scans"":""107"",""sys_load_avg"":12.09,""sys_memory_used"":2665.8671875,""sys_memory_used_buffers"":200.3671875,""sys_memory_used_cache"":935.4921875,""sys_memory_swap_used"":0,""sys_memory_swap_used_cache"":0,""fpm_listen_queue"":""0"",""fpm_listen_queue_length"":""128"",""fpm_total_processes"":""13"",""fpm_active_processes"":""13""}"
1477818600,"{""mysql_table_scans_pct"":0.34821387261877,""mysql_deadlocks"":""0"",""mysql_wait_locks"":""0"",""mysql_current_locks"":""5407"",""mysql_total_locks"":""13"",""mysql_lock_time_avg"":""5618"",""mysql_lock_time_max"":""15486"",""mysql_select_scans"":""9321"",""mysql_sort_scans"":""18784"",""mysql_join_scans"":""110"",""sys_load_avg"":12.25,""sys_memory_used"":2618.0625,""sys_memory_used_buffers"":200.7421875,""sys_memory_used_cache"":940.375,""sys_memory_swap_used"":0,""sys_memory_swap_used_cache"":0,""fpm_listen_queue"":""0"",""fpm_listen_queue_length"":""128"",""fpm_total_processes"":""13"",""fpm_active_processes"":""12""}"
1477818605,"{""mysql_table_scans_pct"":0.34811979768559,""mysql_deadlocks"":""0"",""mysql_wait_locks"":""0"",""mysql_current_locks"":""5482"",""mysql_total_locks"":""13"",""mysql_lock_time_avg"":""5618"",""mysql_lock_time_max"":""15486"",""mysql_select_scans"":""9511"",""mysql_sort_scans"":""19062"",""mysql_join_scans"":""112"",""sys_load_avg"":12.31,""sys_memory_used"":2652.8125,""sys_memory_used_buffers"":201.203125,""sys_memory_used_cache"":944.27734375,""sys_memory_swap_used"":0,""sys_memory_swap_used_cache"":0,""fpm_listen_queue"":""2"",""fpm_listen_queue_length"":""128"",""fpm_total_processes"":""12"",""fpm_active_processes"":""12""}"
1477818611,"{""mysql_table_scans_pct"":0.34817627121466,""mysql_deadlocks"":""0"",""mysql_wait_locks"":""0"",""mysql_current_locks"":""5592"",""mysql_total_locks"":""13"",""mysql_lock_time_avg"":""5618"",""mysql_lock_time_max"":""15486"",""mysql_select_scans"":""9735"",""mysql_sort_scans"":""19319"",""mysql_join_scans"":""116"",""sys_load_avg"":12.44,""sys_memory_used"":2695.58984375,""sys_memory_used_buffers"":201.62109375,""sys_memory_used_cache"":946.51953125,""sys_memory_swap_used"":0,""sys_memory_swap_used_cache"":0,""fpm_listen_queue"":""0"",""fpm_listen_queue_length"":""128"",""fpm_total_processes"":""14"",""fpm_active_processes"":""9""}"
1477818616,"{""mysql_table_scans_pct"":0.34785264241184,""mysql_deadlocks"":""0"",""mysql_wait_locks"":""0"",""mysql_current_locks"":""5710"",""mysql_total_locks"":""13"",""mysql_lock_time_avg"":""5618"",""mysql_lock_time_max"":""15486"",""mysql_select_scans"":""9961"",""mysql_sort_scans"":""19707"",""mysql_join_scans"":""118"",""sys_load_avg"":12.97,""sys_memory_used"":2730.7578125,""sys_memory_used_buffers"":202.1484375,""sys_memory_used_cache"":950.84375,""sys_memory_swap_used"":0,""sys_memory_swap_used_cache"":0,""fpm_listen_queue"":""0"",""fpm_listen_queue_length"":""128"",""fpm_total_processes"":""15"",""fpm_active_processes"":""14""}"
1477818621,"{""mysql_table_scans_pct"":0.34768164474912,""mysql_deadlocks"":""0"",""mysql_wait_locks"":""0"",""mysql_current_locks"":""5834"",""mysql_total_locks"":""13"",""mysql_lock_time_avg"":""5618"",""mysql_lock_time_max"":""15486"",""mysql_select_scans"":""10203"",""mysql_sort_scans"":""20003"",""mysql_join_scans"":""121"",""sys_load_avg"":12.65,""sys_memory_used"":2680.01171875,""sys_memory_used_buffers"":202.5,""sys_memory_used_cache"":954.1640625,""sys_memory_swap_used"":0,""sys_memory_swap_used_cache"":0,""fpm_listen_queue"":""0"",""fpm_listen_queue_length"":""128"",""fpm_total_processes"":""14"",""fpm_active_processes"":""10""}"
1477818626,"{""mysql_table_scans_pct"":0.3477858630856,""mysql_deadlocks"":""0"",""mysql_wait_locks"":""0"",""mysql_current_locks"":""5941"",""mysql_total_locks"":""13"",""mysql_lock_time_avg"":""5618"",""mysql_lock_time_max"":""15486"",""mysql_select_scans"":""10411"",""mysql_sort_scans"":""20343"",""mysql_join_scans"":""121"",""sys_load_avg"":12.52,""sys_memory_used"":2712.69921875,""sys_memory_used_buffers"":202.921875,""sys_memory_used_cache"":957.36328125,""sys_memory_swap_used"":0,""sys_memory_swap_used_cache"":0,""fpm_listen_queue"":""0"",""fpm_listen_queue_length"":""128"",""fpm_total_processes"":""14"",""fpm_active_processes"":""12""}"
1477818631,"{""mysql_table_scans_pct"":0.34781545880751,""mysql_deadlocks"":""0"",""mysql_wait_locks"":""0"",""mysql_current_locks"":""6091"",""mysql_total_locks"":""13"",""mysql_lock_time_avg"":""5618"",""mysql_lock_time_max"":""15486"",""mysql_select_scans"":""10657"",""mysql_sort_scans"":""20774"",""mysql_join_scans"":""123"",""sys_load_avg"":12.56,""sys_memory_used"":2694.69921875,""sys_memory_used_buffers"":203.3515625,""sys_memory_used_cache"":961.0625,""sys_memory_swap_used"":0,""sys_memory_swap_used_cache"":0,""fpm_listen_queue"":""0"",""fpm_listen_queue_length"":""128"",""fpm_total_processes"":""14"",""fpm_active_processes"":""13""}"
1477818636,"{""mysql_table_scans_pct"":0.34755943360533,""mysql_deadlocks"":""0"",""mysql_wait_locks"":""0"",""mysql_current_locks"":""6235"",""mysql_total_locks"":""13"",""mysql_lock_time_avg"":""5618"",""mysql_lock_time_max"":""15486"",""mysql_select_scans"":""10940"",""mysql_sort_scans"":""21145"",""mysql_join_scans"":""127"",""sys_load_avg"":12.59,""sys_memory_used"":2761.8046875,""sys_memory_used_buffers"":203.75390625,""sys_memory_used_cache"":965.66015625,""sys_memory_swap_used"":0,""sys_memory_swap_used_cache"":0,""fpm_listen_queue"":""0"",""fpm_listen_queue_length"":""128"",""fpm_total_processes"":""15"",""fpm_active_processes"":""14""}"
1477818641,"{""mysql_table_scans_pct"":0.34774448908331,""mysql_deadlocks"":""0"",""mysql_wait_locks"":""0"",""mysql_current_locks"":""6383"",""mysql_total_locks"":""13"",""mysql_lock_time_avg"":""5618"",""mysql_lock_time_max"":""15486"",""mysql_select_scans"":""11183"",""mysql_sort_scans"":""21468"",""mysql_join_scans"":""128"",""sys_load_avg"":12.78,""sys_memory_used"":2725.8671875,""sys_memory_used_buffers"":204.140625,""sys_memory_used_cache"":968.77734375,""sys_memory_swap_used"":0,""sys_memory_swap_used_cache"":0,""fpm_listen_queue"":""0"",""fpm_listen_queue_length"":""128"",""fpm_total_processes"":""13"",""fpm_active_processes"":""13""}"
1477818646,"{""mysql_table_scans_pct"":0.34819730208775,""mysql_deadlocks"":""0"",""mysql_wait_locks"":""0"",""mysql_current_locks"":""6554"",""mysql_total_locks"":""13"",""mysql_lock_time_avg"":""5618"",""mysql_lock_time_max"":""15486"",""mysql_select_scans"":""11424"",""mysql_sort_scans"":""21797"",""mysql_join_scans"":""132"",""sys_load_avg"":12.16,""sys_memory_used"":2720.29296875,""sys_memory_used_buffers"":204.55078125,""sys_memory_used_cache"":971.23828125,""sys_memory_swap_used"":0,""sys_memory_swap_used_cache"":0,""fpm_listen_queue"":""0"",""fpm_listen_queue_length"":""128"",""fpm_total_processes"":""13"",""fpm_active_processes"":""9""}"
1477818651,"{""mysql_table_scans_pct"":0.34815778497817,""mysql_deadlocks"":""0"",""mysql_wait_locks"":""0"",""mysql_current_locks"":""6708"",""mysql_total_locks"":""13"",""mysql_lock_time_avg"":""5618"",""mysql_lock_time_max"":""15486"",""mysql_select_scans"":""11682"",""mysql_sort_scans"":""22079"",""mysql_join_scans"":""138"",""sys_load_avg"":12.39,""sys_memory_used"":2679.265625,""sys_memory_used_buffers"":204.9453125,""sys_memory_used_cache"":974.0859375,""sys_memory_swap_used"":0,""sys_memory_swap_used_cache"":0,""fpm_listen_queue"":""0"",""fpm_listen_queue_length"":""128"",""fpm_total_processes"":""13"",""fpm_active_processes"":""9""}"
1477818657,"{""mysql_table_scans_pct"":0.34742876649645,""mysql_deadlocks"":""0"",""mysql_wait_locks"":""0"",""mysql_current_locks"":""6847"",""mysql_total_locks"":""13"",""mysql_lock_time_avg"":""5618"",""mysql_lock_time_max"":""15486"",""mysql_select_scans"":""11964"",""mysql_sort_scans"":""22477"",""mysql_join_scans"":""141"",""sys_load_avg"":12.76,""sys_memory_used"":2707.32421875,""sys_memory_used_buffers"":205.3046875,""sys_memory_used_cache"":978.51953125,""sys_memory_swap_used"":0,""sys_memory_swap_used_cache"":0,""fpm_listen_queue"":""0"",""fpm_listen_queue_length"":""128"",""fpm_total_processes"":""13"",""fpm_active_processes"":""9""}"
1477818662,"{""mysql_table_scans_pct"":0.34619935931791,""mysql_deadlocks"":""0"",""mysql_wait_locks"":""0"",""mysql_current_locks"":""6873"",""mysql_total_locks"":""13"",""mysql_lock_time_avg"":""5618"",""mysql_lock_time_max"":""15486"",""mysql_select_scans"":""12211"",""mysql_sort_scans"":""22910"",""mysql_join_scans"":""144"",""sys_load_avg"":12.7,""sys_memory_used"":2728.30078125,""sys_memory_used_buffers"":205.9296875,""sys_memory_used_cache"":983.83984375,""sys_memory_swap_used"":0,""sys_memory_swap_used_cache"":0,""fpm_listen_queue"":""0"",""fpm_listen_queue_length"":""128"",""fpm_total_processes"":""12"",""fpm_active_processes"":""10""}"
1477818667,"{""mysql_table_scans_pct"":0.34501108517664,""mysql_deadlocks"":""0"",""mysql_wait_locks"":""0"",""mysql_current_locks"":""6897"",""mysql_total_locks"":""13"",""mysql_lock_time_avg"":""5618"",""mysql_lock_time_max"":""15486"",""mysql_select_scans"":""12475"",""mysql_sort_scans"":""23266"",""mysql_join_scans"":""146"",""sys_load_avg"":12.8,""sys_memory_used"":2791.06640625,""sys_memory_used_buffers"":206.52734375,""sys_memory_used_cache"":986.95703125,""sys_memory_swap_used"":0,""sys_memory_swap_used_cache"":0,""fpm_listen_queue"":""3"",""fpm_listen_queue_length"":""128"",""fpm_total_processes"":""14"",""fpm_active_processes"":""14""}"
1477818672,"{""mysql_table_scans_pct"":0.3433098154285,""mysql_deadlocks"":""0"",""mysql_wait_locks"":""0"",""mysql_current_locks"":""6945"",""mysql_total_locks"":""13"",""mysql_lock_time_avg"":""5618"",""mysql_lock_time_max"":""15486"",""mysql_select_scans"":""12754"",""mysql_sort_scans"":""23645"",""mysql_join_scans"":""147"",""sys_load_avg"":12.82,""sys_memory_used"":2725.42578125,""sys_memory_used_buffers"":207.09765625,""sys_memory_used_cache"":990.9140625,""sys_memory_swap_used"":0,""sys_memory_swap_used_cache"":0,""fpm_listen_queue"":""0"",""fpm_listen_queue_length"":""128"",""fpm_total_processes"":""13"",""fpm_active_processes"":""8""}"
1477818677,"{""mysql_table_scans_pct"":0.34216360224955,""mysql_deadlocks"":""0"",""mysql_wait_locks"":""0"",""mysql_current_locks"":""7005"",""mysql_total_locks"":""13"",""mysql_lock_time_avg"":""5618"",""mysql_lock_time_max"":""15486"",""mysql_select_scans"":""13009"",""mysql_sort_scans"":""23954"",""mysql_join_scans"":""150"",""sys_load_avg"":12.83,""sys_memory_used"":2739.01953125,""sys_memory_used_buffers"":207.53515625,""sys_memory_used_cache"":992.4921875,""sys_memory_swap_used"":0,""sys_memory_swap_used_cache"":0,""fpm_listen_queue"":""1"",""fpm_listen_queue_length"":""128"",""fpm_total_processes"":""12"",""fpm_active_processes"":""12""}"
1477818682,"{""mysql_table_scans_pct"":0.34094000699267,""mysql_deadlocks"":""0"",""mysql_wait_locks"":""0"",""mysql_current_locks"":""7063"",""mysql_total_locks"":""13"",""mysql_lock_time_avg"":""5618"",""mysql_lock_time_max"":""15486"",""mysql_select_scans"":""13264"",""mysql_sort_scans"":""24277"",""mysql_join_scans"":""152"",""sys_load_avg"":13.09,""sys_memory_used"":2765.97265625,""sys_memory_used_buffers"":207.9921875,""sys_memory_used_cache"":995.578125,""sys_memory_swap_used"":0,""sys_memory_swap_used_cache"":0,""fpm_listen_queue"":""0"",""fpm_listen_queue_length"":""128"",""fpm_total_processes"":""14"",""fpm_active_processes"":""13""}"
1477818687,"{""mysql_table_scans_pct"":0.33928264185353,""mysql_deadlocks"":""0"",""mysql_wait_locks"":""0"",""mysql_current_locks"":""7180"",""mysql_total_locks"":""13"",""mysql_lock_time_avg"":""5618"",""mysql_lock_time_max"":""15486"",""mysql_select_scans"":""13532"",""mysql_sort_scans"":""24684"",""mysql_join_scans"":""153"",""sys_load_avg"":12.44,""sys_memory_used"":2817.4140625,""sys_memory_used_buffers"":208.46875,""sys_memory_used_cache"":1000.59375,""sys_memory_swap_used"":0,""sys_memory_swap_used_cache"":0,""fpm_listen_queue"":""3"",""fpm_listen_queue_length"":""128"",""fpm_total_processes"":""14"",""fpm_active_processes"":""14""}"
1477818692,"{""mysql_table_scans_pct"":0.33797289086023,""mysql_deadlocks"":""0"",""mysql_wait_locks"":""0"",""mysql_current_locks"":""7315"",""mysql_total_locks"":""13"",""mysql_lock_time_avg"":""5618"",""mysql_lock_time_max"":""15486"",""mysql_select_scans"":""13756"",""mysql_sort_scans"":""24958"",""mysql_join_scans"":""154"",""sys_load_avg"":12.16,""sys_memory_used"":2774.68359375,""sys_memory_used_buffers"":208.8984375,""sys_memory_used_cache"":1003.5859375,""sys_memory_swap_used"":0,""sys_memory_swap_used_cache"":0,""fpm_listen_queue"":""0"",""fpm_listen_queue_length"":""128"",""fpm_total_processes"":""13"",""fpm_active_processes"":""13""}"
1477818697,"{""mysql_table_scans_pct"":0.33649016705861,""mysql_deadlocks"":""0"",""mysql_wait_locks"":""0"",""mysql_current_locks"":""7457"",""mysql_total_locks"":""13"",""mysql_lock_time_avg"":""5618"",""mysql_lock_time_max"":""15486"",""mysql_select_scans"":""13990"",""mysql_sort_scans"":""25276"",""mysql_join_scans"":""158"",""sys_load_avg"":11.83,""sys_memory_used"":2771.58203125,""sys_memory_used_buffers"":209.33203125,""sys_memory_used_cache"":1006.41796875,""sys_memory_swap_used"":0,""sys_memory_swap_used_cache"":0,""fpm_listen_queue"":""0"",""fpm_listen_queue_length"":""128"",""fpm_total_processes"":""13"",""fpm_active_processes"":""9""}"
1477818703,"{""mysql_table_scans_pct"":0.33513162122427,""mysql_deadlocks"":""0"",""mysql_wait_locks"":""0"",""mysql_current_locks"":""7603"",""mysql_total_locks"":""13"",""mysql_lock_time_avg"":""5618"",""mysql_lock_time_max"":""15486"",""mysql_select_scans"":""14205"",""mysql_sort_scans"":""25567"",""mysql_join_scans"":""160"",""sys_load_avg"":12.08,""sys_memory_used"":2798.921875,""sys_memory_used_buffers"":209.7578125,""sys_memory_used_cache"":1009.15625,""sys_memory_swap_used"":0,""sys_memory_swap_used_cache"":0,""fpm_listen_queue"":""0"",""fpm_listen_queue_length"":""128"",""fpm_total_processes"":""14"",""fpm_active_processes"":""14""}"
1477818708,"{""mysql_table_scans_pct"":0.33384963277191,""mysql_deadlocks"":""0"",""mysql_wait_locks"":""0"",""mysql_current_locks"":""7739"",""mysql_total_locks"":""13"",""mysql_lock_time_avg"":""5618"",""mysql_lock_time_max"":""15486"",""mysql_select_scans"":""14443"",""mysql_sort_scans"":""25876"",""mysql_join_scans"":""164"",""sys_load_avg"":12.08,""sys_memory_used"":2803.05078125,""sys_memory_used_buffers"":210.234375,""sys_memory_used_cache"":1012.4140625,""sys_memory_swap_used"":0,""sys_memory_swap_used_cache"":0,""fpm_listen_queue"":""0"",""fpm_listen_queue_length"":""128"",""fpm_total_processes"":""13"",""fpm_active_processes"":""12""}"
1477818713,"{""mysql_table_scans_pct"":0.33246110299957,""mysql_deadlocks"":""0"",""mysql_wait_locks"":""0"",""mysql_current_locks"":""7857"",""mysql_total_locks"":""13"",""mysql_lock_time_avg"":""5618"",""mysql_lock_time_max"":""15486"",""mysql_select_scans"":""14671"",""mysql_sort_scans"":""26263"",""mysql_join_scans"":""167"",""sys_load_avg"":12.31,""sys_memory_used"":2834.484375,""sys_memory_used_buffers"":210.6171875,""sys_memory_used_cache"":1016.29296875,""sys_memory_swap_used"":0,""sys_memory_swap_used_cache"":0,""fpm_listen_queue"":""0"",""fpm_listen_queue_length"":""128"",""fpm_total_processes"":""13"",""fpm_active_processes"":""12""}"
1477818718,"{""mysql_table_scans_pct"":0.3322491897869,""mysql_deadlocks"":""0"",""mysql_wait_locks"":""0"",""mysql_current_locks"":""160"",""mysql_total_locks"":""13"",""mysql_lock_time_avg"":""5618"",""mysql_lock_time_max"":""15486"",""mysql_select_scans"":""14855"",""mysql_sort_scans"":""26543"",""mysql_join_scans"":""169"",""sys_load_avg"":12.45,""sys_memory_used"":2817.21875,""sys_memory_used_buffers"":211.99609375,""sys_memory_used_cache"":1020.0390625,""sys_memory_swap_used"":0,""sys_memory_swap_used_cache"":0,""fpm_listen_queue"":""0"",""fpm_listen_queue_length"":""128"",""fpm_total_processes"":""13"",""fpm_active_processes"":""12""}"
1477818723,"{""mysql_table_scans_pct"":0.32906502903724,""mysql_deadlocks"":""0"",""mysql_wait_locks"":""0"",""mysql_current_locks"":""779"",""mysql_total_locks"":""13"",""mysql_lock_time_avg"":""5618"",""mysql_lock_time_max"":""15486"",""mysql_select_scans"":""15047"",""mysql_sort_scans"":""26852"",""mysql_join_scans"":""173"",""sys_load_avg"":12.41,""sys_memory_used"":2820.296875,""sys_memory_used_buffers"":213.16015625,""sys_memory_used_cache"":1022.4296875,""sys_memory_swap_used"":0,""sys_memory_swap_used_cache"":0,""fpm_listen_queue"":""0"",""fpm_listen_queue_length"":""128"",""fpm_total_processes"":""14"",""fpm_active_processes"":""8""}"
1477818728,"{""mysql_table_scans_pct"":0.32578160085328,""mysql_deadlocks"":""0"",""mysql_wait_locks"":""0"",""mysql_current_locks"":""134"",""mysql_total_locks"":""13"",""mysql_lock_time_avg"":""5618"",""mysql_lock_time_max"":""15486"",""mysql_select_scans"":""15263"",""mysql_sort_scans"":""27172"",""mysql_join_scans"":""174"",""sys_load_avg"":12.38,""sys_memory_used"":2862.6640625,""sys_memory_used_buffers"":213.61328125,""sys_memory_used_cache"":1024.35546875,""sys_memory_swap_used"":0,""sys_memory_swap_used_cache"":0,""fpm_listen_queue"":""1"",""fpm_listen_queue_length"":""128"",""fpm_total_processes"":""13"",""fpm_active_processes"":""11""}"
1477818733,"{""mysql_table_scans_pct"":0.3217649856787,""mysql_deadlocks"":""0"",""mysql_wait_locks"":""0"",""mysql_current_locks"":""160"",""mysql_total_locks"":""13"",""mysql_lock_time_avg"":""5618"",""mysql_lock_time_max"":""15486"",""mysql_select_scans"":""15456"",""mysql_sort_scans"":""27404"",""mysql_join_scans"":""180"",""sys_load_avg"":12.75,""sys_memory_used"":2865.62890625,""sys_memory_used_buffers"":214.57421875,""sys_memory_used_cache"":1027.046875,""sys_memory_swap_used"":0,""sys_memory_swap_used_cache"":0,""fpm_listen_queue"":""0"",""fpm_listen_queue_length"":""128"",""fpm_total_processes"":""12"",""fpm_active_processes"":""7""}"
1477818738,"{""mysql_table_scans_pct"":0.31945152606325,""mysql_deadlocks"":""0"",""mysql_wait_locks"":""0"",""mysql_current_locks"":""2019"",""mysql_total_locks"":""13"",""mysql_lock_time_avg"":""5618"",""mysql_lock_time_max"":""15486"",""mysql_select_scans"":""15665"",""mysql_sort_scans"":""27693"",""mysql_join_scans"":""185"",""sys_load_avg"":12.53,""sys_memory_used"":2874.58984375,""sys_memory_used_buffers"":215.5078125,""sys_memory_used_cache"":1038.140625,""sys_memory_swap_used"":0,""sys_memory_swap_used_cache"":0,""fpm_listen_queue"":""0"",""fpm_listen_queue_length"":""128"",""fpm_total_processes"":""14"",""fpm_active_processes"":""13""}"
1477818743,"{""mysql_table_scans_pct"":0.30667753655218,""mysql_deadlocks"":""0"",""mysql_wait_locks"":""0"",""mysql_current_locks"":""0"",""mysql_total_locks"":""13"",""mysql_lock_time_avg"":""5618"",""mysql_lock_time_max"":""15486"",""mysql_select_scans"":""15826"",""mysql_sort_scans"":""27962"",""mysql_join_scans"":""189"",""sys_load_avg"":12.73,""sys_memory_used"":2803.76171875,""sys_memory_used_buffers"":215.828125,""sys_memory_used_cache"":1042.19140625,""sys_memory_swap_used"":0,""sys_memory_swap_used_cache"":0,""fpm_listen_queue"":""1"",""fpm_listen_queue_length"":""128"",""fpm_total_processes"":""13"",""fpm_active_processes"":""9""}"
1477818748,"{""mysql_table_scans_pct"":0.28648686883158,""mysql_deadlocks"":""0"",""mysql_wait_locks"":""0"",""mysql_current_locks"":""0"",""mysql_total_locks"":""13"",""mysql_lock_time_avg"":""5618"",""mysql_lock_time_max"":""15486"",""mysql_select_scans"":""15942"",""mysql_sort_scans"":""28196"",""mysql_join_scans"":""194"",""sys_load_avg"":12.43,""sys_memory_used"":2797.28515625,""sys_memory_used_buffers"":216.05078125,""sys_memory_used_cache"":1043.6796875,""sys_memory_swap_used"":0,""sys_memory_swap_used_cache"":0,""fpm_listen_queue"":""0"",""fpm_listen_queue_length"":""128"",""fpm_total_processes"":""13"",""fpm_active_processes"":""10""}"
1477818754,"{""mysql_table_scans_pct"":0.26756683499677,""mysql_deadlocks"":""0"",""mysql_wait_locks"":""0"",""mysql_current_locks"":""0"",""mysql_total_locks"":""13"",""mysql_lock_time_avg"":""5618"",""mysql_lock_time_max"":""15486"",""mysql_select_scans"":""16059"",""mysql_sort_scans"":""28415"",""mysql_join_scans"":""196"",""sys_load_avg"":12.31,""sys_memory_used"":2751.9296875,""sys_memory_used_buffers"":216.3359375,""sys_memory_used_cache"":1046.42578125,""sys_memory_swap_used"":0,""sys_memory_swap_used_cache"":0,""fpm_listen_queue"":""0"",""fpm_listen_queue_length"":""128"",""fpm_total_processes"":""13"",""fpm_active_processes"":""3""}"
1477818759,"{""mysql_table_scans_pct"":0.25738068240363,""mysql_deadlocks"":""0"",""mysql_wait_locks"":""0"",""mysql_current_locks"":""0"",""mysql_total_locks"":""13"",""mysql_lock_time_avg"":""5618"",""mysql_lock_time_max"":""15486"",""mysql_select_scans"":""16171"",""mysql_sort_scans"":""28641"",""mysql_join_scans"":""202"",""sys_load_avg"":12.29,""sys_memory_used"":2762.25390625,""sys_memory_used_buffers"":216.54296875,""sys_memory_used_cache"":1048.38671875,""sys_memory_swap_used"":0,""sys_memory_swap_used_cache"":0,""fpm_listen_queue"":""0"",""fpm_listen_queue_length"":""128"",""fpm_total_processes"":""11"",""fpm_active_processes"":""8""}"
1477818764,"{""mysql_table_scans_pct"":0.25732763261928,""mysql_deadlocks"":""0"",""mysql_wait_locks"":""0"",""mysql_current_locks"":""0"",""mysql_total_locks"":""13"",""mysql_lock_time_avg"":""5618"",""mysql_lock_time_max"":""15486"",""mysql_select_scans"":""16246"",""mysql_sort_scans"":""28949"",""mysql_join_scans"":""202"",""sys_load_avg"":11.86,""sys_memory_used"":2810.54296875,""sys_memory_used_buffers"":216.88671875,""sys_memory_used_cache"":1050.26953125,""sys_memory_swap_used"":0,""sys_memory_swap_used_cache"":0,""fpm_listen_queue"":""1"",""fpm_listen_queue_length"":""128"",""fpm_total_processes"":""12"",""fpm_active_processes"":""12""}"
1477818769,"{""mysql_table_scans_pct"":0.2572917242807,""mysql_deadlocks"":""0"",""mysql_wait_locks"":""0"",""mysql_current_locks"":""0"",""mysql_total_locks"":""13"",""mysql_lock_time_avg"":""5618"",""mysql_lock_time_max"":""15486"",""mysql_select_scans"":""16299"",""mysql_sort_scans"":""29145"",""mysql_join_scans"":""205"",""sys_load_avg"":12.04,""sys_memory_used"":2766.5703125,""sys_memory_used_buffers"":217.19921875,""sys_memory_used_cache"":1052.6796875,""sys_memory_swap_used"":0,""sys_memory_swap_used_cache"":0,""fpm_listen_queue"":""0"",""fpm_listen_queue_length"":""128"",""fpm_total_processes"":""13"",""fpm_active_processes"":""9""}"
1477818774,"{""mysql_table_scans_pct"":0.25721854776734,""mysql_deadlocks"":""0"",""mysql_wait_locks"":""0"",""mysql_current_locks"":""0"",""mysql_total_locks"":""13"",""mysql_lock_time_avg"":""5618"",""mysql_lock_time_max"":""15486"",""mysql_select_scans"":""16374"",""mysql_sort_scans"":""29403"",""mysql_join_scans"":""208"",""sys_load_avg"":12.03,""sys_memory_used"":2723.49609375,""sys_memory_used_buffers"":217.55859375,""sys_memory_used_cache"":1054.65625,""sys_memory_swap_used"":0,""sys_memory_swap_used_cache"":0,""fpm_listen_queue"":""0"",""fpm_listen_queue_length"":""128"",""fpm_total_processes"":""11"",""fpm_active_processes"":""10""}"
1477818779,"{""mysql_table_scans_pct"":0.25714779770505,""mysql_deadlocks"":""0"",""mysql_wait_locks"":""0"",""mysql_current_locks"":""0"",""mysql_total_locks"":""13"",""mysql_lock_time_avg"":""5618"",""mysql_lock_time_max"":""15486"",""mysql_select_scans"":""16449"",""mysql_sort_scans"":""29689"",""mysql_join_scans"":""211"",""sys_load_avg"":12.03,""sys_memory_used"":2757.0703125,""sys_memory_used_buffers"":217.96484375,""sys_memory_used_cache"":1057.23828125,""sys_memory_swap_used"":0,""sys_memory_swap_used_cache"":0,""fpm_listen_queue"":""3"",""fpm_listen_queue_length"":""128"",""fpm_total_processes"":""10"",""fpm_active_processes"":""10""}"
1477818784,"{""mysql_table_scans_pct"":0.25706914694837,""mysql_deadlocks"":""0"",""mysql_wait_locks"":""0"",""mysql_current_locks"":""0"",""mysql_total_locks"":""13"",""mysql_lock_time_avg"":""5618"",""mysql_lock_time_max"":""15486"",""mysql_select_scans"":""16518"",""mysql_sort_scans"":""29998"",""mysql_join_scans"":""217"",""sys_load_avg"":12.11,""sys_memory_used"":2856.234375,""sys_memory_used_buffers"":218.3671875,""sys_memory_used_cache"":1060.19140625,""sys_memory_swap_used"":0,""sys_memory_swap_used_cache"":0,""fpm_listen_queue"":""0"",""fpm_listen_queue_length"":""128"",""fpm_total_processes"":""13"",""fpm_active_processes"":""11""}"
1477818789,"{""mysql_table_scans_pct"":0.25699621125653,""mysql_deadlocks"":""0"",""mysql_wait_locks"":""0"",""mysql_current_locks"":""0"",""mysql_total_locks"":""13"",""mysql_lock_time_avg"":""5618"",""mysql_lock_time_max"":""15486"",""mysql_select_scans"":""16597"",""mysql_sort_scans"":""30323"",""mysql_join_scans"":""218"",""sys_load_avg"":11.78,""sys_memory_used"":2834.09765625,""sys_memory_used_buffers"":218.7890625,""sys_memory_used_cache"":1062.53515625,""sys_memory_swap_used"":0,""sys_memory_swap_used_cache"":0,""fpm_listen_queue"":""0"",""fpm_listen_queue_length"":""128"",""fpm_total_processes"":""13"",""fpm_active_processes"":""12""}"
1477818794,"{""mysql_table_scans_pct"":0.25692599744226,""mysql_deadlocks"":""0"",""mysql_wait_locks"":""0"",""mysql_current_locks"":""0"",""mysql_total_locks"":""13"",""mysql_lock_time_avg"":""5618"",""mysql_lock_time_max"":""15486"",""mysql_select_scans"":""16666"",""mysql_sort_scans"":""30575"",""mysql_join_scans"":""221"",""sys_load_avg"":11.64,""sys_memory_used"":2813.5625,""sys_memory_used_buffers"":219.00390625,""sys_memory_used_cache"":1064.75,""sys_memory_swap_used"":0,""sys_memory_swap_used_cache"":0,""fpm_listen_queue"":""0"",""fpm_listen_queue_length"":""128"",""fpm_total_processes"":""13"",""fpm_active_processes"":""10""}"
1477818799,"{""mysql_table_scans_pct"":0.25691558932847,""mysql_deadlocks"":""0"",""mysql_wait_locks"":""0"",""mysql_current_locks"":""0"",""mysql_total_locks"":""13"",""mysql_lock_time_avg"":""5618"",""mysql_lock_time_max"":""15486"",""mysql_select_scans"":""16717"",""mysql_sort_scans"":""30760"",""mysql_join_scans"":""223"",""sys_load_avg"":11.51,""sys_memory_used"":2812.74609375,""sys_memory_used_buffers"":219.30859375,""sys_memory_used_cache"":1066.5,""sys_memory_swap_used"":0,""sys_memory_swap_used_cache"":0,""fpm_listen_queue"":""0"",""fpm_listen_queue_length"":""128"",""fpm_total_processes"":""13"",""fpm_active_processes"":""10""}"
1477818804,"{""mysql_table_scans_pct"":0.25579208758697,""mysql_deadlocks"":""0"",""mysql_wait_locks"":""0"",""mysql_current_locks"":""638"",""mysql_total_locks"":""14"",""mysql_lock_time_avg"":""5224"",""mysql_lock_time_max"":""15486"",""mysql_select_scans"":""16813"",""mysql_sort_scans"":""31026"",""mysql_join_scans"":""225"",""sys_load_avg"":10.74,""sys_memory_used"":2886.4609375,""sys_memory_used_buffers"":219.55078125,""sys_memory_used_cache"":1068.41015625,""sys_memory_swap_used"":0,""sys_memory_swap_used_cache"":0,""fpm_listen_queue"":""1"",""fpm_listen_queue_length"":""128"",""fpm_total_processes"":""12"",""fpm_active_processes"":""11""}"
1477818810,"{""mysql_table_scans_pct"":0.25523432573685,""mysql_deadlocks"":""0"",""mysql_wait_locks"":""0"",""mysql_current_locks"":""446"",""mysql_total_locks"":""14"",""mysql_lock_time_avg"":""5224"",""mysql_lock_time_max"":""15486"",""mysql_select_scans"":""17014"",""mysql_sort_scans"":""31313"",""mysql_join_scans"":""229"",""sys_load_avg"":10.76,""sys_memory_used"":2844.19921875,""sys_memory_used_buffers"":219.98828125,""sys_memory_used_cache"":1071.76953125,""sys_memory_swap_used"":0,""sys_memory_swap_used_cache"":0,""fpm_listen_queue"":""0"",""fpm_listen_queue_length"":""128"",""fpm_total_processes"":""12"",""fpm_active_processes"":""9""}"
1477818815,"{""mysql_table_scans_pct"":0.25553595743328,""mysql_deadlocks"":""0"",""mysql_wait_locks"":""0"",""mysql_current_locks"":""907"",""mysql_total_locks"":""14"",""mysql_lock_time_avg"":""5224"",""mysql_lock_time_max"":""15486"",""mysql_select_scans"":""17145"",""mysql_sort_scans"":""31641"",""mysql_join_scans"":""233"",""sys_load_avg"":10.7,""sys_memory_used"":2886.44140625,""sys_memory_used_buffers"":220.1640625,""sys_memory_used_cache"":1074.49609375,""sys_memory_swap_used"":0,""sys_memory_swap_used_cache"":0,""fpm_listen_queue"":""2"",""fpm_listen_queue_length"":""128"",""fpm_total_processes"":""11"",""fpm_active_processes"":""10""}"
1477818820,"{""mysql_table_scans_pct"":0.2569817127511,""mysql_deadlocks"":""0"",""mysql_wait_locks"":""0"",""mysql_current_locks"":""0"",""mysql_total_locks"":""14"",""mysql_lock_time_avg"":""5224"",""mysql_lock_time_max"":""15486"",""mysql_select_scans"":""17308"",""mysql_sort_scans"":""31955"",""mysql_join_scans"":""237"",""sys_load_avg"":10.89,""sys_memory_used"":2847.87109375,""sys_memory_used_buffers"":220.44140625,""sys_memory_used_cache"":1076.95703125,""sys_memory_swap_used"":0,""sys_memory_swap_used_cache"":0,""fpm_listen_queue"":""0"",""fpm_listen_queue_length"":""128"",""fpm_total_processes"":""12"",""fpm_active_processes"":""12""}"
1477818825,"{""mysql_table_scans_pct"":0.25664046170338,""mysql_deadlocks"":""0"",""mysql_wait_locks"":""1"",""mysql_current_locks"":""930"",""mysql_total_locks"":""15"",""mysql_lock_time_avg"":""4876"",""mysql_lock_time_max"":""15486"",""mysql_select_scans"":""17369"",""mysql_sort_scans"":""32126"",""mysql_join_scans"":""238"",""sys_load_avg"":11.05,""sys_memory_used"":2870.9921875,""sys_memory_used_buffers"":220.64453125,""sys_memory_used_cache"":1078.8828125,""sys_memory_swap_used"":0,""sys_memory_swap_used_cache"":0,""fpm_listen_queue"":""0"",""fpm_listen_queue_length"":""128"",""fpm_total_processes"":""12"",""fpm_active_processes"":""11""}"
1477818830,"{""mysql_table_scans_pct"":0.2531685877965,""mysql_deadlocks"":""0"",""mysql_wait_locks"":""0"",""mysql_current_locks"":""14"",""mysql_total_locks"":""21"",""mysql_lock_time_avg"":""3776"",""mysql_lock_time_max"":""15486"",""mysql_select_scans"":""17529"",""mysql_sort_scans"":""32366"",""mysql_join_scans"":""256"",""sys_load_avg"":10.64,""sys_memory_used"":2847.0625,""sys_memory_used_buffers"":220.94140625,""sys_memory_used_cache"":1080.75,""sys_memory_swap_used"":0,""sys_memory_swap_used_cache"":0,""fpm_listen_queue"":""0"",""fpm_listen_queue_length"":""128"",""fpm_total_processes"":""11"",""fpm_active_processes"":""4""}"
1477818835,"{""mysql_table_scans_pct"":0.25363416206994,""mysql_deadlocks"":""0"",""mysql_wait_locks"":""0"",""mysql_current_locks"":""126"",""mysql_total_locks"":""21"",""mysql_lock_time_avg"":""3776"",""mysql_lock_time_max"":""15486"",""mysql_select_scans"":""17599"",""mysql_sort_scans"":""32589"",""mysql_join_scans"":""257"",""sys_load_avg"":10.83,""sys_memory_used"":2916.60546875,""sys_memory_used_buffers"":221.06640625,""sys_memory_used_cache"":1082.1171875,""sys_memory_swap_used"":0,""sys_memory_swap_used_cache"":0,""fpm_listen_queue"":""0"",""fpm_listen_queue_length"":""128"",""fpm_total_processes"":""12"",""fpm_active_processes"":""12""}"
1477818840,"{""mysql_table_scans_pct"":0.25408247753419,""mysql_deadlocks"":""0"",""mysql_wait_locks"":""0"",""mysql_current_locks"":""236"",""mysql_total_locks"":""21"",""mysql_lock_time_avg"":""3776"",""mysql_lock_time_max"":""15486"",""mysql_select_scans"":""17673"",""mysql_sort_scans"":""32819"",""mysql_join_scans"":""267"",""sys_load_avg"":10.92,""sys_memory_used"":2853.6796875,""sys_memory_used_buffers"":221.22265625,""sys_memory_used_cache"":1083.9375,""sys_memory_swap_used"":0,""sys_memory_swap_used_cache"":0,""fpm_listen_queue"":""0"",""fpm_listen_queue_length"":""128"",""fpm_total_processes"":""11"",""fpm_active_processes"":""10""}"
1477818845,"{""mysql_table_scans_pct"":0.25454508768291,""mysql_deadlocks"":""0"",""mysql_wait_locks"":""0"",""mysql_current_locks"":""345"",""mysql_total_locks"":""21"",""mysql_lock_time_avg"":""3776"",""mysql_lock_time_max"":""15486"",""mysql_select_scans"":""17732"",""mysql_sort_scans"":""33064"",""mysql_join_scans"":""269"",""sys_load_avg"":11.49,""sys_memory_used"":2951.75,""sys_memory_used_buffers"":221.42578125,""sys_memory_used_cache"":1086.5703125,""sys_memory_swap_used"":0,""sys_memory_swap_used_cache"":0,""fpm_listen_queue"":""2"",""fpm_listen_queue_length"":""128"",""fpm_total_processes"":""12"",""fpm_active_processes"":""11""}"
1477818850,"{""mysql_table_scans_pct"":0.25509372085926,""mysql_deadlocks"":""0"",""mysql_wait_locks"":""0"",""mysql_current_locks"":""476"",""mysql_total_locks"":""21"",""mysql_lock_time_avg"":""3776"",""mysql_lock_time_max"":""15486"",""mysql_select_scans"":""17794"",""mysql_sort_scans"":""33327"",""mysql_join_scans"":""273"",""sys_load_avg"":11.53,""sys_memory_used"":2989.7734375,""sys_memory_used_buffers"":221.61328125,""sys_memory_used_cache"":1088.6796875,""sys_memory_swap_used"":0,""sys_memory_swap_used_cache"":0,""fpm_listen_queue"":""0"",""fpm_listen_queue_length"":""128"",""fpm_total_processes"":""13"",""fpm_active_processes"":""9""}"
1477818856,"{""mysql_table_scans_pct"":0.25580024677833,""mysql_deadlocks"":""0"",""mysql_wait_locks"":""0"",""mysql_current_locks"":""20"",""mysql_total_locks"":""21"",""mysql_lock_time_avg"":""3776"",""mysql_lock_time_max"":""15486"",""mysql_select_scans"":""17850"",""mysql_sort_scans"":""33503"",""mysql_join_scans"":""280"",""sys_load_avg"":11.81,""sys_memory_used"":2941.5078125,""sys_memory_used_buffers"":221.8046875,""sys_memory_used_cache"":1090.16796875,""sys_memory_swap_used"":0,""sys_memory_swap_used_cache"":0,""fpm_listen_queue"":""0"",""fpm_listen_queue_length"":""128"",""fpm_total_processes"":""12"",""fpm_active_processes"":""12""}"
1477818861,"{""mysql_table_scans_pct"":0.25893909346754,""mysql_deadlocks"":""0"",""mysql_wait_locks"":""1"",""mysql_current_locks"":""1314"",""mysql_total_locks"":""22"",""mysql_lock_time_avg"":""3605"",""mysql_lock_time_max"":""15486"",""mysql_select_scans"":""17952"",""mysql_sort_scans"":""33839"",""mysql_join_scans"":""286"",""sys_load_avg"":11.74,""sys_memory_used"":2929.26953125,""sys_memory_used_buffers"":222.20703125,""sys_memory_used_cache"":1091.9140625,""sys_memory_swap_used"":0,""sys_memory_swap_used_cache"":0,""fpm_listen_queue"":""0"",""fpm_listen_queue_length"":""128"",""fpm_total_processes"":""12"",""fpm_active_processes"":""11""}"
1477818866,"{""mysql_table_scans_pct"":0.25535729952762,""mysql_deadlocks"":""0"",""mysql_wait_locks"":""4"",""mysql_current_locks"":""2997"",""mysql_total_locks"":""25"",""mysql_lock_time_avg"":""3172"",""mysql_lock_time_max"":""15486"",""mysql_select_scans"":""18117"",""mysql_sort_scans"":""34141"",""mysql_join_scans"":""286"",""sys_load_avg"":11.77,""sys_memory_used"":2992.70703125,""sys_memory_used_buffers"":222.3515625,""sys_memory_used_cache"":1093.6640625,""sys_memory_swap_used"":0,""sys_memory_swap_used_cache"":0,""fpm_listen_queue"":""3"",""fpm_listen_queue_length"":""128"",""fpm_total_processes"":""13"",""fpm_active_processes"":""13""}"
1477818871,"{""mysql_table_scans_pct"":0.24988221168327,""mysql_deadlocks"":""0"",""mysql_wait_locks"":""6"",""mysql_current_locks"":""3933"",""mysql_total_locks"":""27"",""mysql_lock_time_avg"":""2937"",""mysql_lock_time_max"":""15486"",""mysql_select_scans"":""18264"",""mysql_sort_scans"":""34357"",""mysql_join_scans"":""286"",""sys_load_avg"":11.38,""sys_memory_used"":2976.22265625,""sys_memory_used_buffers"":222.55078125,""sys_memory_used_cache"":1094.83984375,""sys_memory_swap_used"":0,""sys_memory_swap_used_cache"":0,""fpm_listen_queue"":""0"",""fpm_listen_queue_length"":""128"",""fpm_total_processes"":""12"",""fpm_active_processes"":""12""}"
1477818876,"{""mysql_table_scans_pct"":0.25366250238323,""mysql_deadlocks"":""0"",""mysql_wait_locks"":""0"",""mysql_current_locks"":""674"",""mysql_total_locks"":""30"",""mysql_lock_time_avg"":""4734"",""mysql_lock_time_max"":""15486"",""mysql_select_scans"":""18412"",""mysql_sort_scans"":""34559"",""mysql_join_scans"":""297"",""sys_load_avg"":11.03,""sys_memory_used"":3036.50390625,""sys_memory_used_buffers"":222.7890625,""sys_memory_used_cache"":1096.1953125,""sys_memory_swap_used"":0,""sys_memory_swap_used_cache"":0,""fpm_listen_queue"":""0"",""fpm_listen_queue_length"":""128"",""fpm_total_processes"":""14"",""fpm_active_processes"":""12""}"
1477818881,"{""mysql_table_scans_pct"":0.24676445961636,""mysql_deadlocks"":""0"",""mysql_wait_locks"":""3"",""mysql_current_locks"":""1354"",""mysql_total_locks"":""33"",""mysql_lock_time_avg"":""4303"",""mysql_lock_time_max"":""15486"",""mysql_select_scans"":""18580"",""mysql_sort_scans"":""34855"",""mysql_join_scans"":""297"",""sys_load_avg"":10.55,""sys_memory_used"":2978.51953125,""sys_memory_used_buffers"":222.9921875,""sys_memory_used_cache"":1098.3125,""sys_memory_swap_used"":0,""sys_memory_swap_used_cache"":0,""fpm_listen_queue"":""0"",""fpm_listen_queue_length"":""128"",""fpm_total_processes"":""13"",""fpm_active_processes"":""12""}"
1477818886,"{""mysql_table_scans_pct"":0.25753329474776,""mysql_deadlocks"":""0"",""mysql_wait_locks"":""5"",""mysql_current_locks"":""9485"",""mysql_total_locks"":""35"",""mysql_lock_time_avg"":""4057"",""mysql_lock_time_max"":""15486"",""mysql_select_scans"":""18726"",""mysql_sort_scans"":""35154"",""mysql_join_scans"":""297"",""sys_load_avg"":10.67,""sys_memory_used"":2994.51171875,""sys_memory_used_buffers"":223.2578125,""sys_memory_used_cache"":1110.41796875,""sys_memory_swap_used"":0,""sys_memory_swap_used_cache"":0,""fpm_listen_queue"":""0"",""fpm_listen_queue_length"":""128"",""fpm_total_processes"":""12"",""fpm_active_processes"":""12""}"
1477818892,"{""mysql_table_scans_pct"":0.27171657816299,""mysql_deadlocks"":""0"",""mysql_wait_locks"":""0"",""mysql_current_locks"":""222"",""mysql_total_locks"":""38"",""mysql_lock_time_avg"":""5497"",""mysql_lock_time_max"":""15486"",""mysql_select_scans"":""18920"",""mysql_sort_scans"":""35395"",""mysql_join_scans"":""307"",""sys_load_avg"":10.21,""sys_memory_used"":3033.09375,""sys_memory_used_buffers"":223.6328125,""sys_memory_used_cache"":1109.2890625,""sys_memory_swap_used"":0,""sys_memory_swap_used_cache"":0,""fpm_listen_queue"":""4"",""fpm_listen_queue_length"":""128"",""fpm_total_processes"":""12"",""fpm_active_processes"":""12""}"
1477818897,"{""mysql_table_scans_pct"":0.27425666514767,""mysql_deadlocks"":""0"",""mysql_wait_locks"":""0"",""mysql_current_locks"":""4"",""mysql_total_locks"":""39"",""mysql_lock_time_avg"":""5417"",""mysql_lock_time_max"":""15486"",""mysql_select_scans"":""18991"",""mysql_sort_scans"":""35600"",""mysql_join_scans"":""309"",""sys_load_avg"":10.28,""sys_memory_used"":3044.41796875,""sys_memory_used_buffers"":224.33203125,""sys_memory_used_cache"":1111.23046875,""sys_memory_swap_used"":0,""sys_memory_swap_used_cache"":0,""fpm_listen_queue"":""0"",""fpm_listen_queue_length"":""128"",""fpm_total_processes"":""13"",""fpm_active_processes"":""9""}"
1477818902,"{""mysql_table_scans_pct"":0.27466966088791,""mysql_deadlocks"":""0"",""mysql_wait_locks"":""0"",""mysql_current_locks"":""83"",""mysql_total_locks"":""39"",""mysql_lock_time_avg"":""5417"",""mysql_lock_time_max"":""15486"",""mysql_select_scans"":""19057"",""mysql_sort_scans"":""35843"",""mysql_join_scans"":""313"",""sys_load_avg"":10.17,""sys_memory_used"":3009.203125,""sys_memory_used_buffers"":224.59375,""sys_memory_used_cache"":1114.68359375,""sys_memory_swap_used"":0,""sys_memory_swap_used_cache"":0,""fpm_listen_queue"":""1"",""fpm_listen_queue_length"":""128"",""fpm_total_processes"":""13"",""fpm_active_processes"":""13""}"
1477818907,"{""mysql_table_scans_pct"":0.27501722591914,""mysql_deadlocks"":""0"",""mysql_wait_locks"":""0"",""mysql_current_locks"":""154"",""mysql_total_locks"":""39"",""mysql_lock_time_avg"":""5417"",""mysql_lock_time_max"":""15486"",""mysql_select_scans"":""19114"",""mysql_sort_scans"":""35987"",""mysql_join_scans"":""318"",""sys_load_avg"":9.76,""sys_memory_used"":3032.546875,""sys_memory_used_buffers"":224.77734375,""sys_memory_used_cache"":1116.05859375,""sys_memory_swap_used"":0,""sys_memory_swap_used_cache"":0,""fpm_listen_queue"":""0"",""fpm_listen_queue_length"":""128"",""fpm_total_processes"":""14"",""fpm_active_processes"":""5""}"
1477818912,"{""mysql_table_scans_pct"":0.27547478805654,""mysql_deadlocks"":""0"",""mysql_wait_locks"":""0"",""mysql_current_locks"":""243"",""mysql_total_locks"":""39"",""mysql_lock_time_avg"":""5417"",""mysql_lock_time_max"":""15486"",""mysql_select_scans"":""19179"",""mysql_sort_scans"":""36223"",""mysql_join_scans"":""320"",""sys_load_avg"":10.18,""sys_memory_used"":2976.67578125,""sys_memory_used_buffers"":225.0078125,""sys_memory_used_cache"":1118.20703125,""sys_memory_swap_used"":0,""sys_memory_swap_used_cache"":0,""fpm_listen_queue"":""0"",""fpm_listen_queue_length"":""128"",""fpm_total_processes"":""12"",""fpm_active_processes"":""7""}"
1477818917,"{""mysql_table_scans_pct"":0.27589741578175,""mysql_deadlocks"":""0"",""mysql_wait_locks"":""0"",""mysql_current_locks"":""334"",""mysql_total_locks"":""39"",""mysql_lock_time_avg"":""5417"",""mysql_lock_time_max"":""15486"",""mysql_select_scans"":""19256"",""mysql_sort_scans"":""36435"",""mysql_join_scans"":""325"",""sys_load_avg"":10.08,""sys_memory_used"":2959.75390625,""sys_memory_used_buffers"":225.26953125,""sys_memory_used_cache"":1119.1875,""sys_memory_swap_used"":0,""sys_memory_swap_used_cache"":0,""fpm_listen_queue"":""0"",""fpm_listen_queue_length"":""128"",""fpm_total_processes"":""10"",""fpm_active_processes"":""10""}"
1477818922,"{""mysql_table_scans_pct"":0.27631564698278,""mysql_deadlocks"":""0"",""mysql_wait_locks"":""0"",""mysql_current_locks"":""452"",""mysql_total_locks"":""39"",""mysql_lock_time_avg"":""5417"",""mysql_lock_time_max"":""15486"",""mysql_select_scans"":""19322"",""mysql_sort_scans"":""36681"",""mysql_join_scans"":""327"",""sys_load_avg"":10.32,""sys_memory_used"":2952.953125,""sys_memory_used_buffers"":225.578125,""sys_memory_used_cache"":1120.578125,""sys_memory_swap_used"":0,""sys_memory_swap_used_cache"":0,""fpm_listen_queue"":""0"",""fpm_listen_queue_length"":""128"",""fpm_total_processes"":""11"",""fpm_active_processes"":""8""}"
1477818927,"{""mysql_table_scans_pct"":0.27674527194749,""mysql_deadlocks"":""0"",""mysql_wait_locks"":""0"",""mysql_current_locks"":""591"",""mysql_total_locks"":""39"",""mysql_lock_time_avg"":""5417"",""mysql_lock_time_max"":""15486"",""mysql_select_scans"":""19395"",""mysql_sort_scans"":""36887"",""mysql_join_scans"":""333"",""sys_load_avg"":10.53,""sys_memory_used"":3020.6875,""sys_memory_used_buffers"":225.89453125,""sys_memory_used_cache"":1122.453125,""sys_memory_swap_used"":0,""sys_memory_swap_used_cache"":0,""fpm_listen_queue"":""0"",""fpm_listen_queue_length"":""128"",""fpm_total_processes"":""13"",""fpm_active_processes"":""12""}"
1477818932,"{""mysql_table_scans_pct"":0.27718405868689,""mysql_deadlocks"":""0"",""mysql_wait_locks"":""0"",""mysql_current_locks"":""729"",""mysql_total_locks"":""39"",""mysql_lock_time_avg"":""5417"",""mysql_lock_time_max"":""15486"",""mysql_select_scans"":""19467"",""mysql_sort_scans"":""37075"",""mysql_join_scans"":""337"",""sys_load_avg"":10.49,""sys_memory_used"":3011.04296875,""sys_memory_used_buffers"":226.23046875,""sys_memory_used_cache"":1123.82421875,""sys_memory_swap_used"":0,""sys_memory_swap_used_cache"":0,""fpm_listen_queue"":""1"",""fpm_listen_queue_length"":""128"",""fpm_total_processes"":""12"",""fpm_active_processes"":""7""}"
1477818937,"{""mysql_table_scans_pct"":0.27763255768643,""mysql_deadlocks"":""0"",""mysql_wait_locks"":""0"",""mysql_current_locks"":""876"",""mysql_total_locks"":""39"",""mysql_lock_time_avg"":""5417"",""mysql_lock_time_max"":""15486"",""mysql_select_scans"":""19540"",""mysql_sort_scans"":""37301"",""mysql_join_scans"":""344"",""sys_load_avg"":10.13,""sys_memory_used"":3008.15234375,""sys_memory_used_buffers"":226.515625,""sys_memory_used_cache"":1125.13671875,""sys_memory_swap_used"":0,""sys_memory_swap_used_cache"":0,""fpm_listen_queue"":""0"",""fpm_listen_queue_length"":""128"",""fpm_total_processes"":""12"",""fpm_active_processes"":""12""}"
1477818943,"{""mysql_table_scans_pct"":0.27807537456813,""mysql_deadlocks"":""0"",""mysql_wait_locks"":""0"",""mysql_current_locks"":""1016"",""mysql_total_locks"":""39"",""mysql_lock_time_avg"":""5417"",""mysql_lock_time_max"":""15486"",""mysql_select_scans"":""19605"",""mysql_sort_scans"":""37523"",""mysql_join_scans"":""348"",""sys_load_avg"":10.12,""sys_memory_used"":3007.10546875,""sys_memory_used_buffers"":226.80859375,""sys_memory_used_cache"":1126.92578125,""sys_memory_swap_used"":0,""sys_memory_swap_used_cache"":0,""fpm_listen_queue"":""0"",""fpm_listen_queue_length"":""128"",""fpm_total_processes"":""12"",""fpm_active_processes"":""11""}"
1477818948,"{""mysql_table_scans_pct"":0.27854076629583,""mysql_deadlocks"":""0"",""mysql_wait_locks"":""0"",""mysql_current_locks"":""1162"",""mysql_total_locks"":""39"",""mysql_lock_time_avg"":""5417"",""mysql_lock_time_max"":""15486"",""mysql_select_scans"":""19674"",""mysql_sort_scans"":""37781"",""mysql_join_scans"":""349"",""sys_load_avg"":10.75,""sys_memory_used"":3039.01953125,""sys_memory_used_buffers"":227.05859375,""sys_memory_used_cache"":1128.0078125,""sys_memory_swap_used"":0,""sys_memory_swap_used_cache"":0,""fpm_listen_queue"":""0"",""fpm_listen_queue_length"":""128"",""fpm_total_processes"":""14"",""fpm_active_processes"":""11""}"
1477818953,"{""mysql_table_scans_pct"":0.27903741676784,""mysql_deadlocks"":""0"",""mysql_wait_locks"":""0"",""mysql_current_locks"":""1321"",""mysql_total_locks"":""39"",""mysql_lock_time_avg"":""5417"",""mysql_lock_time_max"":""15486"",""mysql_select_scans"":""19752"",""mysql_sort_scans"":""37986"",""mysql_join_scans"":""356"",""sys_load_avg"":10.77,""sys_memory_used"":3024.3046875,""sys_memory_used_buffers"":227.32421875,""sys_memory_used_cache"":1129.28515625,""sys_memory_swap_used"":0,""sys_memory_swap_used_cache"":0,""fpm_listen_queue"":""0"",""fpm_listen_queue_length"":""128"",""fpm_total_processes"":""13"",""fpm_active_processes"":""8""}"
1477818958,"{""mysql_table_scans_pct"":0.27950878387512,""mysql_deadlocks"":""0"",""mysql_wait_locks"":""0"",""mysql_current_locks"":""1480"",""mysql_total_locks"":""39"",""mysql_lock_time_avg"":""5417"",""mysql_lock_time_max"":""15486"",""mysql_select_scans"":""19830"",""mysql_sort_scans"":""38228"",""mysql_join_scans"":""361"",""sys_load_avg"":10.79,""sys_memory_used"":2976.16015625,""sys_memory_used_buffers"":227.5859375,""sys_memory_used_cache"":1130.65234375,""sys_memory_swap_used"":0,""sys_memory_swap_used_cache"":0,""fpm_listen_queue"":""6"",""fpm_listen_queue_length"":""128"",""fpm_total_processes"":""10"",""fpm_active_processes"":""10""}"
1477818963,"{""mysql_table_scans_pct"":0.27995027850591,""mysql_deadlocks"":""0"",""mysql_wait_locks"":""0"",""mysql_current_locks"":""1617"",""mysql_total_locks"":""39"",""mysql_lock_time_avg"":""5417"",""mysql_lock_time_max"":""15486"",""mysql_select_scans"":""19904"",""mysql_sort_scans"":""38434"",""mysql_join_scans"":""364"",""sys_load_avg"":10.73,""sys_memory_used"":2984.35546875,""sys_memory_used_buffers"":227.890625,""sys_memory_used_cache"":1132.0234375,""sys_memory_swap_used"":0,""sys_memory_swap_used_cache"":0,""fpm_listen_queue"":""5"",""fpm_listen_queue_length"":""128"",""fpm_total_processes"":""10"",""fpm_active_processes"":""10""}"
1477818968,"{""mysql_table_scans_pct"":0.2796900671947,""mysql_deadlocks"":""0"",""mysql_wait_locks"":""0"",""mysql_current_locks"":""2300"",""mysql_total_locks"":""39"",""mysql_lock_time_avg"":""5417"",""mysql_lock_time_max"":""15486"",""mysql_select_scans"":""19970"",""mysql_sort_scans"":""38615"",""mysql_join_scans"":""371"",""sys_load_avg"":10.99,""sys_memory_used"":2998.69921875,""sys_memory_used_buffers"":228.12890625,""sys_memory_used_cache"":1133.5078125,""sys_memory_swap_used"":0,""sys_memory_swap_used_cache"":0,""fpm_listen_queue"":""0"",""fpm_listen_queue_length"":""128"",""fpm_total_processes"":""12"",""fpm_active_processes"":""11""}"
1477818973,"{""mysql_table_scans_pct"":0.28760336347535,""mysql_deadlocks"":""0"",""mysql_wait_locks"":""0"",""mysql_current_locks"":""3011"",""mysql_total_locks"":""39"",""mysql_lock_time_avg"":""5417"",""mysql_lock_time_max"":""15486"",""mysql_select_scans"":""20130"",""mysql_sort_scans"":""38901"",""mysql_join_scans"":""375"",""sys_load_avg"":11.07,""sys_memory_used"":3033.89453125,""sys_memory_used_buffers"":228.390625,""sys_memory_used_cache"":1135.2734375,""sys_memory_swap_used"":0,""sys_memory_swap_used_cache"":0,""fpm_listen_queue"":""3"",""fpm_listen_queue_length"":""128"",""fpm_total_processes"":""11"",""fpm_active_processes"":""11""}"
1477818979,"{""mysql_table_scans_pct"":0.2883766233124,""mysql_deadlocks"":""0"",""mysql_wait_locks"":""0"",""mysql_current_locks"":""3011"",""mysql_total_locks"":""39"",""mysql_lock_time_avg"":""5417"",""mysql_lock_time_max"":""15486"",""mysql_select_scans"":""20317"",""mysql_sort_scans"":""39136"",""mysql_join_scans"":""380"",""sys_load_avg"":11.54,""sys_memory_used"":3084.89453125,""sys_memory_used_buffers"":228.73046875,""sys_memory_used_cache"":1136.76953125,""sys_memory_swap_used"":0,""sys_memory_swap_used_cache"":0,""fpm_listen_queue"":""0"",""fpm_listen_queue_length"":""128"",""fpm_total_processes"":""14"",""fpm_active_processes"":""13""}"
1477818984,"{""mysql_table_scans_pct"":0.28894769364282,""mysql_deadlocks"":""0"",""mysql_wait_locks"":""0"",""mysql_current_locks"":""3030"",""mysql_total_locks"":""39"",""mysql_lock_time_avg"":""5417"",""mysql_lock_time_max"":""15486"",""mysql_select_scans"":""20502"",""mysql_sort_scans"":""39453"",""mysql_join_scans"":""386"",""sys_load_avg"":11.26,""sys_memory_used"":3050.75390625,""sys_memory_used_buffers"":229.21484375,""sys_memory_used_cache"":1138.1171875,""sys_memory_swap_used"":0,""sys_memory_swap_used_cache"":0,""fpm_listen_queue"":""0"",""fpm_listen_queue_length"":""128"",""fpm_total_processes"":""12"",""fpm_active_processes"":""12""}"
1477818989,"{""mysql_table_scans_pct"":0.28510877795931,""mysql_deadlocks"":""0"",""mysql_wait_locks"":""0"",""mysql_current_locks"":""4396"",""mysql_total_locks"":""39"",""mysql_lock_time_avg"":""5417"",""mysql_lock_time_max"":""15486"",""mysql_select_scans"":""20674"",""mysql_sort_scans"":""39745"",""mysql_join_scans"":""389"",""sys_load_avg"":11.16,""sys_memory_used"":3048.58203125,""sys_memory_used_buffers"":229.57421875,""sys_memory_used_cache"":1139.61328125,""sys_memory_swap_used"":0,""sys_memory_swap_used_cache"":0,""fpm_listen_queue"":""0"",""fpm_listen_queue_length"":""128"",""fpm_total_processes"":""13"",""fpm_active_processes"":""7""}"
1477818994,"{""mysql_table_scans_pct"":0.29057764587298,""mysql_deadlocks"":""0"",""mysql_wait_locks"":""0"",""mysql_current_locks"":""5050"",""mysql_total_locks"":""39"",""mysql_lock_time_avg"":""5417"",""mysql_lock_time_max"":""15486"",""mysql_select_scans"":""20826"",""mysql_sort_scans"":""39971"",""mysql_join_scans"":""394"",""sys_load_avg"":10.99,""sys_memory_used"":3008.96484375,""sys_memory_used_buffers"":229.98828125,""sys_memory_used_cache"":1144.47265625,""sys_memory_swap_used"":0,""sys_memory_swap_used_cache"":0,""fpm_listen_queue"":""0"",""fpm_listen_queue_length"":""128"",""fpm_total_processes"":""11"",""fpm_active_processes"":""9""}"
1477818999,"{""mysql_table_scans_pct"":0.29249858696992,""mysql_deadlocks"":""0"",""mysql_wait_locks"":""0"",""mysql_current_locks"":""5050"",""mysql_total_locks"":""39"",""mysql_lock_time_avg"":""5417"",""mysql_lock_time_max"":""15486"",""mysql_select_scans"":""20975"",""mysql_sort_scans"":""40164"",""mysql_join_scans"":""398"",""sys_load_avg"":10.43,""sys_memory_used"":2881.76171875,""sys_memory_used_buffers"":230.453125,""sys_memory_used_cache"":1147.75390625,""sys_memory_swap_used"":0,""sys_memory_swap_used_cache"":0,""fpm_listen_queue"":""0"",""fpm_listen_queue_length"":""128"",""fpm_total_processes"":""6"",""fpm_active_processes"":""2""}"
1477819004,"{""mysql_table_scans_pct"":0.29688565630748,""mysql_deadlocks"":""0"",""mysql_wait_locks"":""0"",""mysql_current_locks"":""5082"",""mysql_total_locks"":""39"",""mysql_lock_time_avg"":""5417"",""mysql_lock_time_max"":""15486"",""mysql_select_scans"":""21056"",""mysql_sort_scans"":""40282"",""mysql_join_scans"":""400"",""sys_load_avg"":9.91,""sys_memory_used"":2812.5859375,""sys_memory_used_buffers"":230.95703125,""sys_memory_used_cache"":1146.7421875,""sys_memory_swap_used"":0,""sys_memory_swap_used_cache"":0,""fpm_listen_queue"":""0"",""fpm_listen_queue_length"":""128"",""fpm_total_processes"":""4"",""fpm_active_processes"":""1""}"
1477819009,"{""mysql_table_scans_pct"":0.29745166601877,""mysql_deadlocks"":""0"",""mysql_wait_locks"":""0"",""mysql_current_locks"":""5203"",""mysql_total_locks"":""39"",""mysql_lock_time_avg"":""5417"",""mysql_lock_time_max"":""15486"",""mysql_select_scans"":""21109"",""mysql_sort_scans"":""40340"",""mysql_join_scans"":""402"",""sys_load_avg"":9.36,""sys_memory_used"":2785.23046875,""sys_memory_used_buffers"":231.30859375,""sys_memory_used_cache"":1147.24609375,""sys_memory_swap_used"":0,""sys_memory_swap_used_cache"":0,""fpm_listen_queue"":""0"",""fpm_listen_queue_length"":""128"",""fpm_total_processes"":""3"",""fpm_active_processes"":""2""}"
1477819014,"{""mysql_table_scans_pct"":0.29802958023109,""mysql_deadlocks"":""0"",""mysql_wait_locks"":""0"",""mysql_current_locks"":""5322"",""mysql_total_locks"":""39"",""mysql_lock_time_avg"":""5417"",""mysql_lock_time_max"":""15486"",""mysql_select_scans"":""21126"",""mysql_sort_scans"":""40348"",""mysql_join_scans"":""403"",""sys_load_avg"":8.77,""sys_memory_used"":2782.9140625,""sys_memory_used_buffers"":231.45703125,""sys_memory_used_cache"":1147.38671875,""sys_memory_swap_used"":0,""sys_memory_swap_used_cache"":0,""fpm_listen_queue"":""0"",""fpm_listen_queue_length"":""128"",""fpm_total_processes"":""3"",""fpm_active_processes"":""1""}"
1477819019,"{""mysql_table_scans_pct"":0.29813665781229,""mysql_deadlocks"":""0"",""mysql_wait_locks"":""0"",""mysql_current_locks"":""5343"",""mysql_total_locks"":""39"",""mysql_lock_time_avg"":""5417"",""mysql_lock_time_max"":""15486"",""mysql_select_scans"":""21133"",""mysql_sort_scans"":""40348"",""mysql_join_scans"":""403"",""sys_load_avg"":8.23,""sys_memory_used"":2513.71875,""sys_memory_used_buffers"":260.64453125,""sys_memory_used_cache"":966.87890625,""sys_memory_swap_used"":0,""sys_memory_swap_used_cache"":0,""fpm_listen_queue"":""0"",""fpm_listen_queue_length"":""128"",""fpm_total_processes"":""3"",""fpm_active_processes"":""1""}"
