1475727726,"{""mysql_table_scans_pct"":0.99611711617169,""mysql_deadlocks"":""0"",""mysql_wait_locks"":""0"",""mysql_current_locks"":""0"",""mysql_total_locks"":""0"",""mysql_lock_time_avg"":""0"",""mysql_lock_time_max"":""0"",""mysql_select_scans"":""46"",""mysql_sort_scans"":""2"",""mysql_join_scans"":""0"",""sys_load_avg"":0.95,""sys_memory_used"":1014.015625,""sys_memory_used_buffers"":99.47265625,""sys_memory_used_cache"":410.84375,""sys_memory_swap_used"":0,""sys_memory_swap_used_cache"":0,""fpm_listen_queue"":""0"",""fpm_listen_queue_length"":""128"",""fpm_total_processes"":""2"",""fpm_active_processes"":""1""}"
1475727731,"{""mysql_table_scans_pct"":0.99627504278667,""mysql_deadlocks"":""0"",""mysql_wait_locks"":""0"",""mysql_current_locks"":""0"",""mysql_total_locks"":""0"",""mysql_lock_time_avg"":""0"",""mysql_lock_time_max"":""0"",""mysql_select_scans"":""47"",""mysql_sort_scans"":""2"",""mysql_join_scans"":""0"",""sys_load_avg"":0.87,""sys_memory_used"":1013.8203125,""sys_memory_used_buffers"":99.48046875,""sys_memory_used_cache"":411.0078125,""sys_memory_swap_used"":0,""sys_memory_swap_used_cache"":0,""fpm_listen_queue"":""0"",""fpm_listen_queue_length"":""128"",""fpm_total_processes"":""2"",""fpm_active_processes"":""1""}"
1475727736,"{""mysql_table_scans_pct"":0.27716769595644,""mysql_deadlocks"":""0"",""mysql_wait_locks"":""0"",""mysql_current_locks"":""896"",""mysql_total_locks"":""0"",""mysql_lock_time_avg"":""0"",""mysql_lock_time_max"":""0"",""mysql_select_scans"":""224"",""mysql_sort_scans"":""167"",""mysql_join_scans"":""0"",""sys_load_avg"":0.8,""sys_memory_used"":1233.17578125,""sys_memory_used_buffers"":103.6484375,""sys_memory_used_cache"":436.23046875,""sys_memory_swap_used"":0,""sys_memory_swap_used_cache"":0,""fpm_listen_queue"":""0"",""fpm_listen_queue_length"":""128"",""fpm_total_processes"":""3"",""fpm_active_processes"":""2""}"
1475727741,"{""mysql_table_scans_pct"":0.21114465292762,""mysql_deadlocks"":""0"",""mysql_wait_locks"":""0"",""mysql_current_locks"":""0"",""mysql_total_locks"":""0"",""mysql_lock_time_avg"":""0"",""mysql_lock_time_max"":""0"",""mysql_select_scans"":""466"",""mysql_sort_scans"":""437"",""mysql_join_scans"":""12"",""sys_load_avg"":0.98,""sys_memory_used"":1456.61328125,""sys_memory_used_buffers"":130.2890625,""sys_memory_used_cache"":451.53515625,""sys_memory_swap_used"":0,""sys_memory_swap_used_cache"":0,""fpm_listen_queue"":""0"",""fpm_listen_queue_length"":""128"",""fpm_total_processes"":""6"",""fpm_active_processes"":""6""}"
1475727746,"{""mysql_table_scans_pct"":0.2296760367178,""mysql_deadlocks"":""0"",""mysql_wait_locks"":""0"",""mysql_current_locks"":""0"",""mysql_total_locks"":""0"",""mysql_lock_time_avg"":""0"",""mysql_lock_time_max"":""0"",""mysql_select_scans"":""775"",""mysql_sort_scans"":""770"",""mysql_join_scans"":""26"",""sys_load_avg"":1.14,""sys_memory_used"":1656.265625,""sys_memory_used_buffers"":147.32421875,""sys_memory_used_cache"":464.6015625,""sys_memory_swap_used"":0,""sys_memory_swap_used_cache"":0,""fpm_listen_queue"":""3"",""fpm_listen_queue_length"":""128"",""fpm_total_processes"":""7"",""fpm_active_processes"":""7""}"
1475727752,"{""mysql_table_scans_pct"":0.25600509991225,""mysql_deadlocks"":""0"",""mysql_wait_locks"":""0"",""mysql_current_locks"":""0"",""mysql_total_locks"":""0"",""mysql_lock_time_avg"":""0"",""mysql_lock_time_max"":""0"",""mysql_select_scans"":""1150"",""mysql_sort_scans"":""1213"",""mysql_join_scans"":""45"",""sys_load_avg"":2.09,""sys_memory_used"":1625.6796875,""sys_memory_used_buffers"":152.82421875,""sys_memory_used_cache"":461.03515625,""sys_memory_swap_used"":0,""sys_memory_swap_used_cache"":0,""fpm_listen_queue"":""2"",""fpm_listen_queue_length"":""128"",""fpm_total_processes"":""10"",""fpm_active_processes"":""10""}"
1475727757,"{""mysql_table_scans_pct"":0.23896387286463,""mysql_deadlocks"":""0"",""mysql_wait_locks"":""0"",""mysql_current_locks"":""0"",""mysql_total_locks"":""0"",""mysql_lock_time_avg"":""0"",""mysql_lock_time_max"":""0"",""mysql_select_scans"":""1544"",""mysql_sort_scans"":""1729"",""mysql_join_scans"":""72"",""sys_load_avg"":2.72,""sys_memory_used"":1857.359375,""sys_memory_used_buffers"":156.20703125,""sys_memory_used_cache"":475.70703125,""sys_memory_swap_used"":0,""sys_memory_swap_used_cache"":0,""fpm_listen_queue"":""1"",""fpm_listen_queue_length"":""128"",""fpm_total_processes"":""12"",""fpm_active_processes"":""12""}"
1475727762,"{""mysql_table_scans_pct"":0.24474809541584,""mysql_deadlocks"":""0"",""mysql_wait_locks"":""0"",""mysql_current_locks"":""0"",""mysql_total_locks"":""0"",""mysql_lock_time_avg"":""0"",""mysql_lock_time_max"":""0"",""mysql_select_scans"":""1829"",""mysql_sort_scans"":""2085"",""mysql_join_scans"":""100"",""sys_load_avg"":3.71,""sys_memory_used"":2381.5078125,""sys_memory_used_buffers"":158.61328125,""sys_memory_used_cache"":480.2734375,""sys_memory_swap_used"":0,""sys_memory_swap_used_cache"":0,""fpm_listen_queue"":""0"",""fpm_listen_queue_length"":""128"",""fpm_total_processes"":""17"",""fpm_active_processes"":""17""}"
1475727767,"{""mysql_table_scans_pct"":0.23872683152507,""mysql_deadlocks"":""0"",""mysql_wait_locks"":""0"",""mysql_current_locks"":""0"",""mysql_total_locks"":""0"",""mysql_lock_time_avg"":""0"",""mysql_lock_time_max"":""0"",""mysql_select_scans"":""2035"",""mysql_sort_scans"":""2444"",""mysql_join_scans"":""133"",""sys_load_avg"":4.29,""sys_memory_used"":2157.546875,""sys_memory_used_buffers"":160.71484375,""sys_memory_used_cache"":497.05078125,""sys_memory_swap_used"":0,""sys_memory_swap_used_cache"":0,""fpm_listen_queue"":""0"",""fpm_listen_queue_length"":""128"",""fpm_total_processes"":""18"",""fpm_active_processes"":""15""}"
1475727772,"{""mysql_table_scans_pct"":0.24738979638522,""mysql_deadlocks"":""0"",""mysql_wait_locks"":""0"",""mysql_current_locks"":""0"",""mysql_total_locks"":""0"",""mysql_lock_time_avg"":""0"",""mysql_lock_time_max"":""0"",""mysql_select_scans"":""2355"",""mysql_sort_scans"":""2847"",""mysql_join_scans"":""164"",""sys_load_avg"":5.55,""sys_memory_used"":2482.1796875,""sys_memory_used_buffers"":162.6171875,""sys_memory_used_cache"":490.0859375,""sys_memory_swap_used"":0,""sys_memory_swap_used_cache"":0,""fpm_listen_queue"":""0"",""fpm_listen_queue_length"":""128"",""fpm_total_processes"":""18"",""fpm_active_processes"":""18""}"
1475727777,"{""mysql_table_scans_pct"":0.24941045825064,""mysql_deadlocks"":""0"",""mysql_wait_locks"":""0"",""mysql_current_locks"":""0"",""mysql_total_locks"":""0"",""mysql_lock_time_avg"":""0"",""mysql_lock_time_max"":""0"",""mysql_select_scans"":""2499"",""mysql_sort_scans"":""3143"",""mysql_join_scans"":""191"",""sys_load_avg"":6.47,""sys_memory_used"":2754.12890625,""sys_memory_used_buffers"":164.05078125,""sys_memory_used_cache"":500.48828125,""sys_memory_swap_used"":0,""sys_memory_swap_used_cache"":0,""fpm_listen_queue"":""0"",""fpm_listen_queue_length"":""128"",""fpm_total_processes"":""19"",""fpm_active_processes"":""18""}"
1475727782,"{""mysql_table_scans_pct"":0.24900177979275,""mysql_deadlocks"":""0"",""mysql_wait_locks"":""0"",""mysql_current_locks"":""0"",""mysql_total_locks"":""0"",""mysql_lock_time_avg"":""0"",""mysql_lock_time_max"":""0"",""mysql_select_scans"":""2688"",""mysql_sort_scans"":""3448"",""mysql_join_scans"":""225"",""sys_load_avg"":7.23,""sys_memory_used"":2447.12109375,""sys_memory_used_buffers"":166.0390625,""sys_memory_used_cache"":501.71484375,""sys_memory_swap_used"":0,""sys_memory_swap_used_cache"":0,""fpm_listen_queue"":""0"",""fpm_listen_queue_length"":""128"",""fpm_total_processes"":""18"",""fpm_active_processes"":""16""}"
1475727788,"{""mysql_table_scans_pct"":0.24776672454287,""mysql_deadlocks"":""0"",""mysql_wait_locks"":""0"",""mysql_current_locks"":""0"",""mysql_total_locks"":""0"",""mysql_lock_time_avg"":""0"",""mysql_lock_time_max"":""0"",""mysql_select_scans"":""2874"",""mysql_sort_scans"":""3696"",""mysql_join_scans"":""248"",""sys_load_avg"":7.85,""sys_memory_used"":2797.40234375,""sys_memory_used_buffers"":166.88671875,""sys_memory_used_cache"":512.75,""sys_memory_swap_used"":0,""sys_memory_swap_used_cache"":0,""fpm_listen_queue"":""0"",""fpm_listen_queue_length"":""128"",""fpm_total_processes"":""19"",""fpm_active_processes"":""18""}"
1475727793,"{""mysql_table_scans_pct"":0.24415904469217,""mysql_deadlocks"":""0"",""mysql_wait_locks"":""0"",""mysql_current_locks"":""0"",""mysql_total_locks"":""0"",""mysql_lock_time_avg"":""0"",""mysql_lock_time_max"":""0"",""mysql_select_scans"":""2992"",""mysql_sort_scans"":""3952"",""mysql_join_scans"":""285"",""sys_load_avg"":8.42,""sys_memory_used"":2223.8515625,""sys_memory_used_buffers"":168.37109375,""sys_memory_used_cache"":530.2890625,""sys_memory_swap_used"":0,""sys_memory_swap_used_cache"":0,""fpm_listen_queue"":""0"",""fpm_listen_queue_length"":""128"",""fpm_total_processes"":""17"",""fpm_active_processes"":""13""}"
1475727798,"{""mysql_table_scans_pct"":0.24905594809427,""mysql_deadlocks"":""0"",""mysql_wait_locks"":""0"",""mysql_current_locks"":""0"",""mysql_total_locks"":""0"",""mysql_lock_time_avg"":""0"",""mysql_lock_time_max"":""0"",""mysql_select_scans"":""3120"",""mysql_sort_scans"":""4200"",""mysql_join_scans"":""316"",""sys_load_avg"":9.11,""sys_memory_used"":2482.30078125,""sys_memory_used_buffers"":169.1875,""sys_memory_used_cache"":522.25390625,""sys_memory_swap_used"":0,""sys_memory_swap_used_cache"":0,""fpm_listen_queue"":""2"",""fpm_listen_queue_length"":""128"",""fpm_total_processes"":""16"",""fpm_active_processes"":""16""}"
1475727803,"{""mysql_table_scans_pct"":0.24860049139389,""mysql_deadlocks"":""0"",""mysql_wait_locks"":""0"",""mysql_current_locks"":""0"",""mysql_total_locks"":""0"",""mysql_lock_time_avg"":""0"",""mysql_lock_time_max"":""0"",""mysql_select_scans"":""3256"",""mysql_sort_scans"":""4460"",""mysql_join_scans"":""346"",""sys_load_avg"":9.58,""sys_memory_used"":2410.10546875,""sys_memory_used_buffers"":170.25390625,""sys_memory_used_cache"":530.51953125,""sys_memory_swap_used"":0,""sys_memory_swap_used_cache"":0,""fpm_listen_queue"":""0"",""fpm_listen_queue_length"":""128"",""fpm_total_processes"":""18"",""fpm_active_processes"":""17""}"
1475727808,"{""mysql_table_scans_pct"":0.24841680053693,""mysql_deadlocks"":""0"",""mysql_wait_locks"":""0"",""mysql_current_locks"":""0"",""mysql_total_locks"":""0"",""mysql_lock_time_avg"":""0"",""mysql_lock_time_max"":""0"",""mysql_select_scans"":""3356"",""mysql_sort_scans"":""4638"",""mysql_join_scans"":""376"",""sys_load_avg"":10.88,""sys_memory_used"":2928.56640625,""sys_memory_used_buffers"":171.125,""sys_memory_used_cache"":538.47265625,""sys_memory_swap_used"":0,""sys_memory_swap_used_cache"":0,""fpm_listen_queue"":""0"",""fpm_listen_queue_length"":""128"",""fpm_total_processes"":""17"",""fpm_active_processes"":""15""}"
1475727814,"{""mysql_table_scans_pct"":0.24649568406093,""mysql_deadlocks"":""0"",""mysql_wait_locks"":""0"",""mysql_current_locks"":""0"",""mysql_total_locks"":""0"",""mysql_lock_time_avg"":""0"",""mysql_lock_time_max"":""0"",""mysql_select_scans"":""3498"",""mysql_sort_scans"":""4867"",""mysql_join_scans"":""403"",""sys_load_avg"":11.61,""sys_memory_used"":2627.12890625,""sys_memory_used_buffers"":171.921875,""sys_memory_used_cache"":551,""sys_memory_swap_used"":0,""sys_memory_swap_used_cache"":0,""fpm_listen_queue"":""0"",""fpm_listen_queue_length"":""128"",""fpm_total_processes"":""17"",""fpm_active_processes"":""17""}"
1475727819,"{""mysql_table_scans_pct"":0.24531639121739,""mysql_deadlocks"":""0"",""mysql_wait_locks"":""0"",""mysql_current_locks"":""0"",""mysql_total_locks"":""0"",""mysql_lock_time_avg"":""0"",""mysql_lock_time_max"":""0"",""mysql_select_scans"":""3643"",""mysql_sort_scans"":""5098"",""mysql_join_scans"":""434"",""sys_load_avg"":11.88,""sys_memory_used"":2657.2890625,""sys_memory_used_buffers"":172.58984375,""sys_memory_used_cache"":562.703125,""sys_memory_swap_used"":0,""sys_memory_swap_used_cache"":0,""fpm_listen_queue"":""0"",""fpm_listen_queue_length"":""128"",""fpm_total_processes"":""18"",""fpm_active_processes"":""17""}"
1475727824,"{""mysql_table_scans_pct"":0.24984818596251,""mysql_deadlocks"":""0"",""mysql_wait_locks"":""0"",""mysql_current_locks"":""3"",""mysql_total_locks"":""0"",""mysql_lock_time_avg"":""0"",""mysql_lock_time_max"":""0"",""mysql_select_scans"":""3737"",""mysql_sort_scans"":""5299"",""mysql_join_scans"":""458"",""sys_load_avg"":12.29,""sys_memory_used"":2626.8046875,""sys_memory_used_buffers"":173.2265625,""sys_memory_used_cache"":552.47265625,""sys_memory_swap_used"":0,""sys_memory_swap_used_cache"":0,""fpm_listen_queue"":""0"",""fpm_listen_queue_length"":""128"",""fpm_total_processes"":""18"",""fpm_active_processes"":""17""}"
1475727829,"{""mysql_table_scans_pct"":0.2492360820623,""mysql_deadlocks"":""0"",""mysql_wait_locks"":""0"",""mysql_current_locks"":""0"",""mysql_total_locks"":""0"",""mysql_lock_time_avg"":""0"",""mysql_lock_time_max"":""0"",""mysql_select_scans"":""3815"",""mysql_sort_scans"":""5509"",""mysql_join_scans"":""495"",""sys_load_avg"":12.67,""sys_memory_used"":2605.98828125,""sys_memory_used_buffers"":173.8359375,""sys_memory_used_cache"":555.5703125,""sys_memory_swap_used"":0,""sys_memory_swap_used_cache"":0,""fpm_listen_queue"":""0"",""fpm_listen_queue_length"":""128"",""fpm_total_processes"":""17"",""fpm_active_processes"":""16""}"
1475727834,"{""mysql_table_scans_pct"":0.25065997123045,""mysql_deadlocks"":""0"",""mysql_wait_locks"":""0"",""mysql_current_locks"":""0"",""mysql_total_locks"":""0"",""mysql_lock_time_avg"":""0"",""mysql_lock_time_max"":""0"",""mysql_select_scans"":""3909"",""mysql_sort_scans"":""5705"",""mysql_join_scans"":""520"",""sys_load_avg"":13.09,""sys_memory_used"":2713.8203125,""sys_memory_used_buffers"":174.61328125,""sys_memory_used_cache"":557.984375,""sys_memory_swap_used"":0,""sys_memory_swap_used_cache"":0,""fpm_listen_queue"":""2"",""fpm_listen_queue_length"":""128"",""fpm_total_processes"":""16"",""fpm_active_processes"":""16""}"
1475727839,"{""mysql_table_scans_pct"":0.25068821200883,""mysql_deadlocks"":""0"",""mysql_wait_locks"":""0"",""mysql_current_locks"":""0"",""mysql_total_locks"":""0"",""mysql_lock_time_avg"":""0"",""mysql_lock_time_max"":""0"",""mysql_select_scans"":""4049"",""mysql_sort_scans"":""5963"",""mysql_join_scans"":""556"",""sys_load_avg"":12.85,""sys_memory_used"":2205.4921875,""sys_memory_used_buffers"":175.2578125,""sys_memory_used_cache"":558.79296875,""sys_memory_swap_used"":0,""sys_memory_swap_used_cache"":0,""fpm_listen_queue"":""0"",""fpm_listen_queue_length"":""128"",""fpm_total_processes"":""15"",""fpm_active_processes"":""12""}"
1475727844,"{""mysql_table_scans_pct"":0.24860914006182,""mysql_deadlocks"":""0"",""mysql_wait_locks"":""0"",""mysql_current_locks"":""0"",""mysql_total_locks"":""0"",""mysql_lock_time_avg"":""0"",""mysql_lock_time_max"":""0"",""mysql_select_scans"":""4181"",""mysql_sort_scans"":""6203"",""mysql_join_scans"":""585"",""sys_load_avg"":13.18,""sys_memory_used"":2437.09765625,""sys_memory_used_buffers"":175.671875,""sys_memory_used_cache"":576.80859375,""sys_memory_swap_used"":0,""sys_memory_swap_used_cache"":0,""fpm_listen_queue"":""2"",""fpm_listen_queue_length"":""128"",""fpm_total_processes"":""16"",""fpm_active_processes"":""12""}"
1475727849,"{""mysql_table_scans_pct"":0.24953064985849,""mysql_deadlocks"":""0"",""mysql_wait_locks"":""0"",""mysql_current_locks"":""0"",""mysql_total_locks"":""0"",""mysql_lock_time_avg"":""0"",""mysql_lock_time_max"":""0"",""mysql_select_scans"":""4239"",""mysql_sort_scans"":""6371"",""mysql_join_scans"":""615"",""sys_load_avg"":13.56,""sys_memory_used"":2757.9765625,""sys_memory_used_buffers"":176.0546875,""sys_memory_used_cache"":577.34375,""sys_memory_swap_used"":0,""sys_memory_swap_used_cache"":0,""fpm_listen_queue"":""0"",""fpm_listen_queue_length"":""128"",""fpm_total_processes"":""17"",""fpm_active_processes"":""16""}"
1475727855,"{""mysql_table_scans_pct"":0.24910236887657,""mysql_deadlocks"":""0"",""mysql_wait_locks"":""0"",""mysql_current_locks"":""0"",""mysql_total_locks"":""0"",""mysql_lock_time_avg"":""0"",""mysql_lock_time_max"":""0"",""mysql_select_scans"":""4346"",""mysql_sort_scans"":""6608"",""mysql_join_scans"":""649"",""sys_load_avg"":13.84,""sys_memory_used"":2846.84765625,""sys_memory_used_buffers"":176.5078125,""sys_memory_used_cache"":579.44140625,""sys_memory_swap_used"":0,""sys_memory_swap_used_cache"":0,""fpm_listen_queue"":""0"",""fpm_listen_queue_length"":""128"",""fpm_total_processes"":""16"",""fpm_active_processes"":""16""}"
1475727860,"{""mysql_table_scans_pct"":0.24629535877701,""mysql_deadlocks"":""0"",""mysql_wait_locks"":""0"",""mysql_current_locks"":""1"",""mysql_total_locks"":""0"",""mysql_lock_time_avg"":""0"",""mysql_lock_time_max"":""0"",""mysql_select_scans"":""4461"",""mysql_sort_scans"":""6822"",""mysql_join_scans"":""677"",""sys_load_avg"":13.93,""sys_memory_used"":2199.55859375,""sys_memory_used_buffers"":177.03515625,""sys_memory_used_cache"":601.67578125,""sys_memory_swap_used"":0,""sys_memory_swap_used_cache"":0,""fpm_listen_queue"":""4"",""fpm_listen_queue_length"":""128"",""fpm_total_processes"":""14"",""fpm_active_processes"":""14""}"
1475727865,"{""mysql_table_scans_pct"":0.24860271078526,""mysql_deadlocks"":""0"",""mysql_wait_locks"":""0"",""mysql_current_locks"":""0"",""mysql_total_locks"":""0"",""mysql_lock_time_avg"":""0"",""mysql_lock_time_max"":""0"",""mysql_select_scans"":""4565"",""mysql_sort_scans"":""7057"",""mysql_join_scans"":""715"",""sys_load_avg"":13.46,""sys_memory_used"":2761.01953125,""sys_memory_used_buffers"":177.60546875,""sys_memory_used_cache"":594.26171875,""sys_memory_swap_used"":0,""sys_memory_swap_used_cache"":0,""fpm_listen_queue"":""1"",""fpm_listen_queue_length"":""128"",""fpm_total_processes"":""16"",""fpm_active_processes"":""14""}"
1475727870,"{""mysql_table_scans_pct"":0.24970353200686,""mysql_deadlocks"":""0"",""mysql_wait_locks"":""0"",""mysql_current_locks"":""0"",""mysql_total_locks"":""0"",""mysql_lock_time_avg"":""0"",""mysql_lock_time_max"":""0"",""mysql_select_scans"":""4669"",""mysql_sort_scans"":""7289"",""mysql_join_scans"":""747"",""sys_load_avg"":13.66,""sys_memory_used"":2709.640625,""sys_memory_used_buffers"":177.89453125,""sys_memory_used_cache"":604.0078125,""sys_memory_swap_used"":0,""sys_memory_swap_used_cache"":0,""fpm_listen_queue"":""0"",""fpm_listen_queue_length"":""128"",""fpm_total_processes"":""18"",""fpm_active_processes"":""16""}"
1475727875,"{""mysql_table_scans_pct"":0.24840363281759,""mysql_deadlocks"":""0"",""mysql_wait_locks"":""0"",""mysql_current_locks"":""0"",""mysql_total_locks"":""0"",""mysql_lock_time_avg"":""0"",""mysql_lock_time_max"":""0"",""mysql_select_scans"":""4756"",""mysql_sort_scans"":""7496"",""mysql_join_scans"":""782"",""sys_load_avg"":14.01,""sys_memory_used"":2529.6640625,""sys_memory_used_buffers"":178.33984375,""sys_memory_used_cache"":607.1328125,""sys_memory_swap_used"":0,""sys_memory_swap_used_cache"":0,""fpm_listen_queue"":""0"",""fpm_listen_queue_length"":""128"",""fpm_total_processes"":""18"",""fpm_active_processes"":""12""}"
1475727880,"{""mysql_table_scans_pct"":0.24858678281117,""mysql_deadlocks"":""0"",""mysql_wait_locks"":""0"",""mysql_current_locks"":""0"",""mysql_total_locks"":""0"",""mysql_lock_time_avg"":""0"",""mysql_lock_time_max"":""0"",""mysql_select_scans"":""4826"",""mysql_sort_scans"":""7667"",""mysql_join_scans"":""812"",""sys_load_avg"":13.85,""sys_memory_used"":2495.12109375,""sys_memory_used_buffers"":178.58984375,""sys_memory_used_cache"":617.15625,""sys_memory_swap_used"":0,""sys_memory_swap_used_cache"":0,""fpm_listen_queue"":""0"",""fpm_listen_queue_length"":""128"",""fpm_total_processes"":""16"",""fpm_active_processes"":""16""}"
1475727886,"{""mysql_table_scans_pct"":0.24935361464179,""mysql_deadlocks"":""0"",""mysql_wait_locks"":""0"",""mysql_current_locks"":""2"",""mysql_total_locks"":""0"",""mysql_lock_time_avg"":""0"",""mysql_lock_time_max"":""0"",""mysql_select_scans"":""4921"",""mysql_sort_scans"":""7884"",""mysql_join_scans"":""853"",""sys_load_avg"":13.86,""sys_memory_used"":2415.15625,""sys_memory_used_buffers"":178.859375,""sys_memory_used_cache"":619.984375,""sys_memory_swap_used"":0,""sys_memory_swap_used_cache"":0,""fpm_listen_queue"":""3"",""fpm_listen_queue_length"":""128"",""fpm_total_processes"":""15"",""fpm_active_processes"":""15""}"
1475727891,"{""mysql_table_scans_pct"":0.24747811951074,""mysql_deadlocks"":""0"",""mysql_wait_locks"":""0"",""mysql_current_locks"":""0"",""mysql_total_locks"":""0"",""mysql_lock_time_avg"":""0"",""mysql_lock_time_max"":""0"",""mysql_select_scans"":""5001"",""mysql_sort_scans"":""8072"",""mysql_join_scans"":""890"",""sys_load_avg"":13.47,""sys_memory_used"":2636.33203125,""sys_memory_used_buffers"":179.1640625,""sys_memory_used_cache"":628.9296875,""sys_memory_swap_used"":0,""sys_memory_swap_used_cache"":0,""fpm_listen_queue"":""0"",""fpm_listen_queue_length"":""128"",""fpm_total_processes"":""17"",""fpm_active_processes"":""17""}"
1475727896,"{""mysql_table_scans_pct"":0.24938815495665,""mysql_deadlocks"":""0"",""mysql_wait_locks"":""0"",""mysql_current_locks"":""0"",""mysql_total_locks"":""0"",""mysql_lock_time_avg"":""0"",""mysql_lock_time_max"":""0"",""mysql_select_scans"":""5064"",""mysql_sort_scans"":""8221"",""mysql_join_scans"":""918"",""sys_load_avg"":13.67,""sys_memory_used"":2555.51171875,""sys_memory_used_buffers"":179.66796875,""sys_memory_used_cache"":625.83203125,""sys_memory_swap_used"":0,""sys_memory_swap_used_cache"":0,""fpm_listen_queue"":""0"",""fpm_listen_queue_length"":""128"",""fpm_total_processes"":""16"",""fpm_active_processes"":""12""}"
1475727903,"{""mysql_table_scans_pct"":0.25041419390681,""mysql_deadlocks"":""0"",""mysql_wait_locks"":""0"",""mysql_current_locks"":""0"",""mysql_total_locks"":""0"",""mysql_lock_time_avg"":""0"",""mysql_lock_time_max"":""0"",""mysql_select_scans"":""5134"",""mysql_sort_scans"":""8405"",""mysql_join_scans"":""951"",""sys_load_avg"":13.54,""sys_memory_used"":2535.99609375,""sys_memory_used_buffers"":179.89453125,""sys_memory_used_cache"":627.640625,""sys_memory_swap_used"":0,""sys_memory_swap_used_cache"":0,""fpm_listen_queue"":""5"",""fpm_listen_queue_length"":""128"",""fpm_total_processes"":""15"",""fpm_active_processes"":""15""}"
1475727908,"{""mysql_table_scans_pct"":0.24950128641937,""mysql_deadlocks"":""0"",""mysql_wait_locks"":""0"",""mysql_current_locks"":""7"",""mysql_total_locks"":""0"",""mysql_lock_time_avg"":""0"",""mysql_lock_time_max"":""0"",""mysql_select_scans"":""5190"",""mysql_sort_scans"":""8538"",""mysql_join_scans"":""974"",""sys_load_avg"":13.42,""sys_memory_used"":2639.0234375,""sys_memory_used_buffers"":180.25,""sys_memory_used_cache"":628.96484375,""sys_memory_swap_used"":0,""sys_memory_swap_used_cache"":0,""fpm_listen_queue"":""0"",""fpm_listen_queue_length"":""128"",""fpm_total_processes"":""18"",""fpm_active_processes"":""17""}"
1475727913,"{""mysql_table_scans_pct"":0.25023376676797,""mysql_deadlocks"":""0"",""mysql_wait_locks"":""0"",""mysql_current_locks"":""0"",""mysql_total_locks"":""0"",""mysql_lock_time_avg"":""0"",""mysql_lock_time_max"":""0"",""mysql_select_scans"":""5262"",""mysql_sort_scans"":""8678"",""mysql_join_scans"":""1004"",""sys_load_avg"":13.3,""sys_memory_used"":2520.43359375,""sys_memory_used_buffers"":180.625,""sys_memory_used_cache"":630.3125,""sys_memory_swap_used"":0,""sys_memory_swap_used_cache"":0,""fpm_listen_queue"":""0"",""fpm_listen_queue_length"":""128"",""fpm_total_processes"":""16"",""fpm_active_processes"":""15""}"
1475727918,"{""mysql_table_scans_pct"":0.24982624364258,""mysql_deadlocks"":""0"",""mysql_wait_locks"":""0"",""mysql_current_locks"":""4"",""mysql_total_locks"":""0"",""mysql_lock_time_avg"":""0"",""mysql_lock_time_max"":""0"",""mysql_select_scans"":""5339"",""mysql_sort_scans"":""8840"",""mysql_join_scans"":""1040"",""sys_load_avg"":13.28,""sys_memory_used"":2625.0703125,""sys_memory_used_buffers"":180.77734375,""sys_memory_used_cache"":638.98828125,""sys_memory_swap_used"":0,""sys_memory_swap_used_cache"":0,""fpm_listen_queue"":""0"",""fpm_listen_queue_length"":""128"",""fpm_total_processes"":""15"",""fpm_active_processes"":""15""}"
1475727923,"{""mysql_table_scans_pct"":0.24958979452868,""mysql_deadlocks"":""0"",""mysql_wait_locks"":""0"",""mysql_current_locks"":""0"",""mysql_total_locks"":""0"",""mysql_lock_time_avg"":""0"",""mysql_lock_time_max"":""0"",""mysql_select_scans"":""5424"",""mysql_sort_scans"":""9018"",""mysql_join_scans"":""1071"",""sys_load_avg"":13.5,""sys_memory_used"":2618.41796875,""sys_memory_used_buffers"":181.015625,""sys_memory_used_cache"":643.15625,""sys_memory_swap_used"":0,""sys_memory_swap_used_cache"":0,""fpm_listen_queue"":""2"",""fpm_listen_queue_length"":""128"",""fpm_total_processes"":""15"",""fpm_active_processes"":""15""}"
1475727928,"{""mysql_table_scans_pct"":0.24947193630688,""mysql_deadlocks"":""0"",""mysql_wait_locks"":""0"",""mysql_current_locks"":""1"",""mysql_total_locks"":""0"",""mysql_lock_time_avg"":""0"",""mysql_lock_time_max"":""0"",""mysql_select_scans"":""5491"",""mysql_sort_scans"":""9158"",""mysql_join_scans"":""1102"",""sys_load_avg"":13.78,""sys_memory_used"":2913.08984375,""sys_memory_used_buffers"":181.21875,""sys_memory_used_cache"":647.17578125,""sys_memory_swap_used"":0,""sys_memory_swap_used_cache"":0,""fpm_listen_queue"":""0"",""fpm_listen_queue_length"":""128"",""fpm_total_processes"":""18"",""fpm_active_processes"":""14""}"
1475727934,"{""mysql_table_scans_pct"":0.24948570926031,""mysql_deadlocks"":""0"",""mysql_wait_locks"":""0"",""mysql_current_locks"":""0"",""mysql_total_locks"":""0"",""mysql_lock_time_avg"":""0"",""mysql_lock_time_max"":""0"",""mysql_select_scans"":""5573"",""mysql_sort_scans"":""9364"",""mysql_join_scans"":""1146"",""sys_load_avg"":13.98,""sys_memory_used"":2833.140625,""sys_memory_used_buffers"":181.46875,""sys_memory_used_cache"":656.1953125,""sys_memory_swap_used"":0,""sys_memory_swap_used_cache"":0,""fpm_listen_queue"":""0"",""fpm_listen_queue_length"":""128"",""fpm_total_processes"":""15"",""fpm_active_processes"":""15""}"
1475727939,"{""mysql_table_scans_pct"":0.24964042308289,""mysql_deadlocks"":""0"",""mysql_wait_locks"":""0"",""mysql_current_locks"":""0"",""mysql_total_locks"":""0"",""mysql_lock_time_avg"":""0"",""mysql_lock_time_max"":""0"",""mysql_select_scans"":""5654"",""mysql_sort_scans"":""9549"",""mysql_join_scans"":""1178"",""sys_load_avg"":13.98,""sys_memory_used"":2838.68359375,""sys_memory_used_buffers"":181.6875,""sys_memory_used_cache"":656.296875,""sys_memory_swap_used"":0,""sys_memory_swap_used_cache"":0,""fpm_listen_queue"":""0"",""fpm_listen_queue_length"":""128"",""fpm_total_processes"":""17"",""fpm_active_processes"":""16""}"
1475727944,"{""mysql_table_scans_pct"":0.24949553090039,""mysql_deadlocks"":""0"",""mysql_wait_locks"":""0"",""mysql_current_locks"":""0"",""mysql_total_locks"":""0"",""mysql_lock_time_avg"":""0"",""mysql_lock_time_max"":""0"",""mysql_select_scans"":""5743"",""mysql_sort_scans"":""9714"",""mysql_join_scans"":""1213"",""sys_load_avg"":13.74,""sys_memory_used"":2513.296875,""sys_memory_used_buffers"":181.84765625,""sys_memory_used_cache"":664.97265625,""sys_memory_swap_used"":0,""sys_memory_swap_used_cache"":0,""fpm_listen_queue"":""0"",""fpm_listen_queue_length"":""128"",""fpm_total_processes"":""14"",""fpm_active_processes"":""13""}"
1475727949,"{""mysql_table_scans_pct"":0.24997303749375,""mysql_deadlocks"":""0"",""mysql_wait_locks"":""0"",""mysql_current_locks"":""0"",""mysql_total_locks"":""0"",""mysql_lock_time_avg"":""0"",""mysql_lock_time_max"":""0"",""mysql_select_scans"":""5835"",""mysql_sort_scans"":""9899"",""mysql_join_scans"":""1246"",""sys_load_avg"":12.96,""sys_memory_used"":2401.140625,""sys_memory_used_buffers"":182.0625,""sys_memory_used_cache"":662.70703125,""sys_memory_swap_used"":0,""sys_memory_swap_used_cache"":0,""fpm_listen_queue"":""0"",""fpm_listen_queue_length"":""128"",""fpm_total_processes"":""14"",""fpm_active_processes"":""13""}"
1475727954,"{""mysql_table_scans_pct"":0.24977423733075,""mysql_deadlocks"":""0"",""mysql_wait_locks"":""0"",""mysql_current_locks"":""0"",""mysql_total_locks"":""0"",""mysql_lock_time_avg"":""0"",""mysql_lock_time_max"":""0"",""mysql_select_scans"":""5908"",""mysql_sort_scans"":""10045"",""mysql_join_scans"":""1269"",""sys_load_avg"":12.88,""sys_memory_used"":2567.203125,""sys_memory_used_buffers"":182.25,""sys_memory_used_cache"":675.03125,""sys_memory_swap_used"":0,""sys_memory_swap_used_cache"":0,""fpm_listen_queue"":""0"",""fpm_listen_queue_length"":""128"",""fpm_total_processes"":""15"",""fpm_active_processes"":""14""}"
1475727959,"{""mysql_table_scans_pct"":0.24944403603646,""mysql_deadlocks"":""0"",""mysql_wait_locks"":""0"",""mysql_current_locks"":""0"",""mysql_total_locks"":""0"",""mysql_lock_time_avg"":""0"",""mysql_lock_time_max"":""0"",""mysql_select_scans"":""5991"",""mysql_sort_scans"":""10218"",""mysql_join_scans"":""1303"",""sys_load_avg"":13.13,""sys_memory_used"":2638.75,""sys_memory_used_buffers"":182.4453125,""sys_memory_used_cache"":681.3203125,""sys_memory_swap_used"":0,""sys_memory_swap_used_cache"":0,""fpm_listen_queue"":""0"",""fpm_listen_queue_length"":""128"",""fpm_total_processes"":""16"",""fpm_active_processes"":""9""}"
1475727964,"{""mysql_table_scans_pct"":0.24937131557916,""mysql_deadlocks"":""0"",""mysql_wait_locks"":""0"",""mysql_current_locks"":""0"",""mysql_total_locks"":""0"",""mysql_lock_time_avg"":""0"",""mysql_lock_time_max"":""0"",""mysql_select_scans"":""6065"",""mysql_sort_scans"":""10373"",""mysql_join_scans"":""1333"",""sys_load_avg"":13.6,""sys_memory_used"":2894.91015625,""sys_memory_used_buffers"":182.59765625,""sys_memory_used_cache"":683.5546875,""sys_memory_swap_used"":0,""sys_memory_swap_used_cache"":0,""fpm_listen_queue"":""0"",""fpm_listen_queue_length"":""128"",""fpm_total_processes"":""17"",""fpm_active_processes"":""17""}"
1475727969,"{""mysql_table_scans_pct"":0.24833611764345,""mysql_deadlocks"":""0"",""mysql_wait_locks"":""0"",""mysql_current_locks"":""1"",""mysql_total_locks"":""0"",""mysql_lock_time_avg"":""0"",""mysql_lock_time_max"":""0"",""mysql_select_scans"":""6144"",""mysql_sort_scans"":""10538"",""mysql_join_scans"":""1365"",""sys_load_avg"":13.56,""sys_memory_used"":2688.27734375,""sys_memory_used_buffers"":182.7734375,""sys_memory_used_cache"":694.421875,""sys_memory_swap_used"":0,""sys_memory_swap_used_cache"":0,""fpm_listen_queue"":""0"",""fpm_listen_queue_length"":""128"",""fpm_total_processes"":""16"",""fpm_active_processes"":""13""}"
1475727974,"{""mysql_table_scans_pct"":0.25014658751531,""mysql_deadlocks"":""0"",""mysql_wait_locks"":""0"",""mysql_current_locks"":""0"",""mysql_total_locks"":""0"",""mysql_lock_time_avg"":""0"",""mysql_lock_time_max"":""0"",""mysql_select_scans"":""6222"",""mysql_sort_scans"":""10706"",""mysql_join_scans"":""1398"",""sys_load_avg"":13.75,""sys_memory_used"":3008.87890625,""sys_memory_used_buffers"":182.921875,""sys_memory_used_cache"":686.4140625,""sys_memory_swap_used"":0,""sys_memory_swap_used_cache"":0,""fpm_listen_queue"":""5"",""fpm_listen_queue_length"":""128"",""fpm_total_processes"":""15"",""fpm_active_processes"":""15""}"
1475727980,"{""mysql_table_scans_pct"":0.24936203575138,""mysql_deadlocks"":""0"",""mysql_wait_locks"":""0"",""mysql_current_locks"":""0"",""mysql_total_locks"":""0"",""mysql_lock_time_avg"":""0"",""mysql_lock_time_max"":""0"",""mysql_select_scans"":""6307"",""mysql_sort_scans"":""10896"",""mysql_join_scans"":""1434"",""sys_load_avg"":13.29,""sys_memory_used"":2612.63671875,""sys_memory_used_buffers"":183.09765625,""sys_memory_used_cache"":693.7890625,""sys_memory_swap_used"":0,""sys_memory_swap_used_cache"":0,""fpm_listen_queue"":""2"",""fpm_listen_queue_length"":""128"",""fpm_total_processes"":""14"",""fpm_active_processes"":""14""}"
1475727985,"{""mysql_table_scans_pct"":0.25023287430863,""mysql_deadlocks"":""0"",""mysql_wait_locks"":""0"",""mysql_current_locks"":""0"",""mysql_total_locks"":""0"",""mysql_lock_time_avg"":""0"",""mysql_lock_time_max"":""0"",""mysql_select_scans"":""6389"",""mysql_sort_scans"":""11084"",""mysql_join_scans"":""1466"",""sys_load_avg"":13.35,""sys_memory_used"":2852.3125,""sys_memory_used_buffers"":183.3828125,""sys_memory_used_cache"":689.4453125,""sys_memory_swap_used"":0,""sys_memory_swap_used_cache"":0,""fpm_listen_queue"":""0"",""fpm_listen_queue_length"":""128"",""fpm_total_processes"":""16"",""fpm_active_processes"":""11""}"
1475727990,"{""mysql_table_scans_pct"":0.24940701378667,""mysql_deadlocks"":""0"",""mysql_wait_locks"":""0"",""mysql_current_locks"":""3"",""mysql_total_locks"":""0"",""mysql_lock_time_avg"":""0"",""mysql_lock_time_max"":""0"",""mysql_select_scans"":""6488"",""mysql_sort_scans"":""11281"",""mysql_join_scans"":""1503"",""sys_load_avg"":13.4,""sys_memory_used"":2561.2734375,""sys_memory_used_buffers"":183.58203125,""sys_memory_used_cache"":704.59765625,""sys_memory_swap_used"":0,""sys_memory_swap_used_cache"":0,""fpm_listen_queue"":""0"",""fpm_listen_queue_length"":""128"",""fpm_total_processes"":""15"",""fpm_active_processes"":""14""}"
1475727995,"{""mysql_table_scans_pct"":0.24967864205595,""mysql_deadlocks"":""0"",""mysql_wait_locks"":""0"",""mysql_current_locks"":""0"",""mysql_total_locks"":""0"",""mysql_lock_time_avg"":""0"",""mysql_lock_time_max"":""0"",""mysql_select_scans"":""6562"",""mysql_sort_scans"":""11460"",""mysql_join_scans"":""1536"",""sys_load_avg"":13.37,""sys_memory_used"":2728.29296875,""sys_memory_used_buffers"":183.71484375,""sys_memory_used_cache"":702.13671875,""sys_memory_swap_used"":0,""sys_memory_swap_used_cache"":0,""fpm_listen_queue"":""4"",""fpm_listen_queue_length"":""128"",""fpm_total_processes"":""14"",""fpm_active_processes"":""14""}"
1475728000,"{""mysql_table_scans_pct"":0.24991834820357,""mysql_deadlocks"":""0"",""mysql_wait_locks"":""0"",""mysql_current_locks"":""0"",""mysql_total_locks"":""0"",""mysql_lock_time_avg"":""0"",""mysql_lock_time_max"":""0"",""mysql_select_scans"":""6649"",""mysql_sort_scans"":""11634"",""mysql_join_scans"":""1573"",""sys_load_avg"":13.26,""sys_memory_used"":2602.4140625,""sys_memory_used_buffers"":183.921875,""sys_memory_used_cache"":703.41796875,""sys_memory_swap_used"":0,""sys_memory_swap_used_cache"":0,""fpm_listen_queue"":""0"",""fpm_listen_queue_length"":""128"",""fpm_total_processes"":""13"",""fpm_active_processes"":""12""}"
1475728005,"{""mysql_table_scans_pct"":0.24978307750056,""mysql_deadlocks"":""0"",""mysql_wait_locks"":""0"",""mysql_current_locks"":""0"",""mysql_total_locks"":""0"",""mysql_lock_time_avg"":""0"",""mysql_lock_time_max"":""0"",""mysql_select_scans"":""6717"",""mysql_sort_scans"":""11758"",""mysql_join_scans"":""1598"",""sys_load_avg"":13.24,""sys_memory_used"":2549.69921875,""sys_memory_used_buffers"":184.0859375,""sys_memory_used_cache"":715.68359375,""sys_memory_swap_used"":0,""sys_memory_swap_used_cache"":0,""fpm_listen_queue"":""0"",""fpm_listen_queue_length"":""128"",""fpm_total_processes"":""14"",""fpm_active_processes"":""12""}"
1475728010,"{""mysql_table_scans_pct"":0.24888734576893,""mysql_deadlocks"":""0"",""mysql_wait_locks"":""0"",""mysql_current_locks"":""1"",""mysql_total_locks"":""0"",""mysql_lock_time_avg"":""0"",""mysql_lock_time_max"":""0"",""mysql_select_scans"":""6807"",""mysql_sort_scans"":""11934"",""mysql_join_scans"":""1640"",""sys_load_avg"":13.3,""sys_memory_used"":2487.25390625,""sys_memory_used_buffers"":184.53515625,""sys_memory_used_cache"":722.75,""sys_memory_swap_used"":0,""sys_memory_swap_used_cache"":0,""fpm_listen_queue"":""0"",""fpm_listen_queue_length"":""128"",""fpm_total_processes"":""14"",""fpm_active_processes"":""14""}"
1475728016,"{""mysql_table_scans_pct"":0.24956079840241,""mysql_deadlocks"":""0"",""mysql_wait_locks"":""0"",""mysql_current_locks"":""0"",""mysql_total_locks"":""0"",""mysql_lock_time_avg"":""0"",""mysql_lock_time_max"":""0"",""mysql_select_scans"":""6886"",""mysql_sort_scans"":""12084"",""mysql_join_scans"":""1666"",""sys_load_avg"":13.35,""sys_memory_used"":2835.59765625,""sys_memory_used_buffers"":184.74609375,""sys_memory_used_cache"":720.05078125,""sys_memory_swap_used"":0,""sys_memory_swap_used_cache"":0,""fpm_listen_queue"":""0"",""fpm_listen_queue_length"":""128"",""fpm_total_processes"":""16"",""fpm_active_processes"":""13""}"
1475728021,"{""mysql_table_scans_pct"":0.24982729532738,""mysql_deadlocks"":""0"",""mysql_wait_locks"":""0"",""mysql_current_locks"":""0"",""mysql_total_locks"":""0"",""mysql_lock_time_avg"":""0"",""mysql_lock_time_max"":""0"",""mysql_select_scans"":""6972"",""mysql_sort_scans"":""12288"",""mysql_join_scans"":""1705"",""sys_load_avg"":13.17,""sys_memory_used"":2473.90234375,""sys_memory_used_buffers"":184.87109375,""sys_memory_used_cache"":719.94140625,""sys_memory_swap_used"":0,""sys_memory_swap_used_cache"":0,""fpm_listen_queue"":""0"",""fpm_listen_queue_length"":""128"",""fpm_total_processes"":""13"",""fpm_active_processes"":""10""}"
1475728026,"{""mysql_table_scans_pct"":0.24962369731258,""mysql_deadlocks"":""0"",""mysql_wait_locks"":""0"",""mysql_current_locks"":""0"",""mysql_total_locks"":""0"",""mysql_lock_time_avg"":""0"",""mysql_lock_time_max"":""0"",""mysql_select_scans"":""7047"",""mysql_sort_scans"":""12452"",""mysql_join_scans"":""1741"",""sys_load_avg"":13.31,""sys_memory_used"":2682.953125,""sys_memory_used_buffers"":184.953125,""sys_memory_used_cache"":728.91796875,""sys_memory_swap_used"":0,""sys_memory_swap_used_cache"":0,""fpm_listen_queue"":""0"",""fpm_listen_queue_length"":""128"",""fpm_total_processes"":""14"",""fpm_active_processes"":""14""}"
1475728031,"{""mysql_table_scans_pct"":0.24970441263688,""mysql_deadlocks"":""0"",""mysql_wait_locks"":""0"",""mysql_current_locks"":""0"",""mysql_total_locks"":""0"",""mysql_lock_time_avg"":""0"",""mysql_lock_time_max"":""0"",""mysql_select_scans"":""7133"",""mysql_sort_scans"":""12613"",""mysql_join_scans"":""1778"",""sys_load_avg"":13.21,""sys_memory_used"":2810.0625,""sys_memory_used_buffers"":185.125,""sys_memory_used_cache"":728.00390625,""sys_memory_swap_used"":0,""sys_memory_swap_used_cache"":0,""fpm_listen_queue"":""1"",""fpm_listen_queue_length"":""128"",""fpm_total_processes"":""15"",""fpm_active_processes"":""14""}"
1475728036,"{""mysql_table_scans_pct"":0.24953269710599,""mysql_deadlocks"":""0"",""mysql_wait_locks"":""0"",""mysql_current_locks"":""0"",""mysql_total_locks"":""0"",""mysql_lock_time_avg"":""0"",""mysql_lock_time_max"":""0"",""mysql_select_scans"":""7203"",""mysql_sort_scans"":""12781"",""mysql_join_scans"":""1813"",""sys_load_avg"":13.11,""sys_memory_used"":2686.25,""sys_memory_used_buffers"":185.2734375,""sys_memory_used_cache"":733.70703125,""sys_memory_swap_used"":0,""sys_memory_swap_used_cache"":0,""fpm_listen_queue"":""0"",""fpm_listen_queue_length"":""128"",""fpm_total_processes"":""16"",""fpm_active_processes"":""13""}"
1475728041,"{""mysql_table_scans_pct"":0.24952273895834,""mysql_deadlocks"":""0"",""mysql_wait_locks"":""0"",""mysql_current_locks"":""0"",""mysql_total_locks"":""0"",""mysql_lock_time_avg"":""0"",""mysql_lock_time_max"":""0"",""mysql_select_scans"":""7284"",""mysql_sort_scans"":""12965"",""mysql_join_scans"":""1848"",""sys_load_avg"":12.86,""sys_memory_used"":2605.7578125,""sys_memory_used_buffers"":185.390625,""sys_memory_used_cache"":737.10546875,""sys_memory_swap_used"":0,""sys_memory_swap_used_cache"":0,""fpm_listen_queue"":""1"",""fpm_listen_queue_length"":""128"",""fpm_total_processes"":""13"",""fpm_active_processes"":""13""}"
1475728046,"{""mysql_table_scans_pct"":0.24964341009105,""mysql_deadlocks"":""0"",""mysql_wait_locks"":""0"",""mysql_current_locks"":""0"",""mysql_total_locks"":""0"",""mysql_lock_time_avg"":""0"",""mysql_lock_time_max"":""0"",""mysql_select_scans"":""7365"",""mysql_sort_scans"":""13164"",""mysql_join_scans"":""1889"",""sys_load_avg"":13.19,""sys_memory_used"":2543.76171875,""sys_memory_used_buffers"":185.59375,""sys_memory_used_cache"":741.1328125,""sys_memory_swap_used"":0,""sys_memory_swap_used_cache"":0,""fpm_listen_queue"":""0"",""fpm_listen_queue_length"":""128"",""fpm_total_processes"":""16"",""fpm_active_processes"":""13""}"
1475728051,"{""mysql_table_scans_pct"":0.25010659195023,""mysql_deadlocks"":""0"",""mysql_wait_locks"":""0"",""mysql_current_locks"":""0"",""mysql_total_locks"":""0"",""mysql_lock_time_avg"":""0"",""mysql_lock_time_max"":""0"",""mysql_select_scans"":""7432"",""mysql_sort_scans"":""13330"",""mysql_join_scans"":""1919"",""sys_load_avg"":12.94,""sys_memory_used"":2559.203125,""sys_memory_used_buffers"":185.76953125,""sys_memory_used_cache"":737.5703125,""sys_memory_swap_used"":0,""sys_memory_swap_used_cache"":0,""fpm_listen_queue"":""0"",""fpm_listen_queue_length"":""128"",""fpm_total_processes"":""16"",""fpm_active_processes"":""7""}"
1475728056,"{""mysql_table_scans_pct"":0.24989992387081,""mysql_deadlocks"":""0"",""mysql_wait_locks"":""0"",""mysql_current_locks"":""0"",""mysql_total_locks"":""0"",""mysql_lock_time_avg"":""0"",""mysql_lock_time_max"":""0"",""mysql_select_scans"":""7521"",""mysql_sort_scans"":""13512"",""mysql_join_scans"":""1954"",""sys_load_avg"":13.18,""sys_memory_used"":2584.7421875,""sys_memory_used_buffers"":185.96484375,""sys_memory_used_cache"":750.953125,""sys_memory_swap_used"":0,""sys_memory_swap_used_cache"":0,""fpm_listen_queue"":""0"",""fpm_listen_queue_length"":""128"",""fpm_total_processes"":""15"",""fpm_active_processes"":""15""}"
1475728061,"{""mysql_table_scans_pct"":0.24963913638931,""mysql_deadlocks"":""0"",""mysql_wait_locks"":""0"",""mysql_current_locks"":""5"",""mysql_total_locks"":""0"",""mysql_lock_time_avg"":""0"",""mysql_lock_time_max"":""0"",""mysql_select_scans"":""7606"",""mysql_sort_scans"":""13708"",""mysql_join_scans"":""1993"",""sys_load_avg"":12.85,""sys_memory_used"":2531.359375,""sys_memory_used_buffers"":186.1015625,""sys_memory_used_cache"":752.4765625,""sys_memory_swap_used"":0,""sys_memory_swap_used_cache"":0,""fpm_listen_queue"":""2"",""fpm_listen_queue_length"":""128"",""fpm_total_processes"":""14"",""fpm_active_processes"":""13""}"
1475728067,"{""mysql_table_scans_pct"":0.24979836432428,""mysql_deadlocks"":""0"",""mysql_wait_locks"":""0"",""mysql_current_locks"":""0"",""mysql_total_locks"":""0"",""mysql_lock_time_avg"":""0"",""mysql_lock_time_max"":""0"",""mysql_select_scans"":""7670"",""mysql_sort_scans"":""13852"",""mysql_join_scans"":""2018"",""sys_load_avg"":13.02,""sys_memory_used"":2708.76171875,""sys_memory_used_buffers"":186.35546875,""sys_memory_used_cache"":751.203125,""sys_memory_swap_used"":0,""sys_memory_swap_used_cache"":0,""fpm_listen_queue"":""0"",""fpm_listen_queue_length"":""128"",""fpm_total_processes"":""16"",""fpm_active_processes"":""10""}"
1475728072,"{""mysql_table_scans_pct"":0.24938731232248,""mysql_deadlocks"":""0"",""mysql_wait_locks"":""0"",""mysql_current_locks"":""0"",""mysql_total_locks"":""0"",""mysql_lock_time_avg"":""0"",""mysql_lock_time_max"":""0"",""mysql_select_scans"":""7759"",""mysql_sort_scans"":""14036"",""mysql_join_scans"":""2059"",""sys_load_avg"":13.02,""sys_memory_used"":2628.9140625,""sys_memory_used_buffers"":186.578125,""sys_memory_used_cache"":760.12109375,""sys_memory_swap_used"":0,""sys_memory_swap_used_cache"":0,""fpm_listen_queue"":""2"",""fpm_listen_queue_length"":""128"",""fpm_total_processes"":""15"",""fpm_active_processes"":""12""}"
1475728077,"{""mysql_table_scans_pct"":0.24959648565022,""mysql_deadlocks"":""0"",""mysql_wait_locks"":""0"",""mysql_current_locks"":""0"",""mysql_total_locks"":""0"",""mysql_lock_time_avg"":""0"",""mysql_lock_time_max"":""0"",""mysql_select_scans"":""7844"",""mysql_sort_scans"":""14195"",""mysql_join_scans"":""2088"",""sys_load_avg"":12.78,""sys_memory_used"":2777.66015625,""sys_memory_used_buffers"":186.72265625,""sys_memory_used_cache"":763.90625,""sys_memory_swap_used"":0,""sys_memory_swap_used_cache"":0,""fpm_listen_queue"":""0"",""fpm_listen_queue_length"":""128"",""fpm_total_processes"":""15"",""fpm_active_processes"":""12""}"
1475728082,"{""mysql_table_scans_pct"":0.24971317526355,""mysql_deadlocks"":""0"",""mysql_wait_locks"":""0"",""mysql_current_locks"":""1"",""mysql_total_locks"":""0"",""mysql_lock_time_avg"":""0"",""mysql_lock_time_max"":""0"",""mysql_select_scans"":""7928"",""mysql_sort_scans"":""14356"",""mysql_join_scans"":""2122"",""sys_load_avg"":12.8,""sys_memory_used"":2521.83203125,""sys_memory_used_buffers"":186.828125,""sys_memory_used_cache"":763.9609375,""sys_memory_swap_used"":0,""sys_memory_swap_used_cache"":0,""fpm_listen_queue"":""2"",""fpm_listen_queue_length"":""128"",""fpm_total_processes"":""14"",""fpm_active_processes"":""14""}"
1475728087,"{""mysql_table_scans_pct"":0.24991758995727,""mysql_deadlocks"":""0"",""mysql_wait_locks"":""0"",""mysql_current_locks"":""0"",""mysql_total_locks"":""0"",""mysql_lock_time_avg"":""0"",""mysql_lock_time_max"":""0"",""mysql_select_scans"":""7996"",""mysql_sort_scans"":""14494"",""mysql_join_scans"":""2147"",""sys_load_avg"":12.65,""sys_memory_used"":2748.24609375,""sys_memory_used_buffers"":186.94921875,""sys_memory_used_cache"":761.98828125,""sys_memory_swap_used"":0,""sys_memory_swap_used_cache"":0,""fpm_listen_queue"":""0"",""fpm_listen_queue_length"":""128"",""fpm_total_processes"":""16"",""fpm_active_processes"":""16""}"
1475728092,"{""mysql_table_scans_pct"":0.24963452458759,""mysql_deadlocks"":""0"",""mysql_wait_locks"":""0"",""mysql_current_locks"":""0"",""mysql_total_locks"":""0"",""mysql_lock_time_avg"":""0"",""mysql_lock_time_max"":""0"",""mysql_select_scans"":""8066"",""mysql_sort_scans"":""14676"",""mysql_join_scans"":""2181"",""sys_load_avg"":12.52,""sys_memory_used"":2440.1875,""sys_memory_used_buffers"":187.11328125,""sys_memory_used_cache"":769.4296875,""sys_memory_swap_used"":0,""sys_memory_swap_used_cache"":0,""fpm_listen_queue"":""0"",""fpm_listen_queue_length"":""128"",""fpm_total_processes"":""12"",""fpm_active_processes"":""9""}"
1475728097,"{""mysql_table_scans_pct"":0.24967000779006,""mysql_deadlocks"":""0"",""mysql_wait_locks"":""0"",""mysql_current_locks"":""0"",""mysql_total_locks"":""0"",""mysql_lock_time_avg"":""0"",""mysql_lock_time_max"":""0"",""mysql_select_scans"":""8139"",""mysql_sort_scans"":""14861"",""mysql_join_scans"":""2214"",""sys_load_avg"":12.56,""sys_memory_used"":2445.83984375,""sys_memory_used_buffers"":187.21875,""sys_memory_used_cache"":776.04296875,""sys_memory_swap_used"":0,""sys_memory_swap_used_cache"":0,""fpm_listen_queue"":""0"",""fpm_listen_queue_length"":""128"",""fpm_total_processes"":""12"",""fpm_active_processes"":""10""}"
1475728102,"{""mysql_table_scans_pct"":0.24980177005337,""mysql_deadlocks"":""0"",""mysql_wait_locks"":""0"",""mysql_current_locks"":""0"",""mysql_total_locks"":""0"",""mysql_lock_time_avg"":""0"",""mysql_lock_time_max"":""0"",""mysql_select_scans"":""8222"",""mysql_sort_scans"":""15041"",""mysql_join_scans"":""2252"",""sys_load_avg"":12.19,""sys_memory_used"":2650.77734375,""sys_memory_used_buffers"":187.328125,""sys_memory_used_cache"":776.80078125,""sys_memory_swap_used"":0,""sys_memory_swap_used_cache"":0,""fpm_listen_queue"":""0"",""fpm_listen_queue_length"":""128"",""fpm_total_processes"":""13"",""fpm_active_processes"":""12""}"
1475728108,"{""mysql_table_scans_pct"":0.24983112390634,""mysql_deadlocks"":""0"",""mysql_wait_locks"":""0"",""mysql_current_locks"":""0"",""mysql_total_locks"":""0"",""mysql_lock_time_avg"":""0"",""mysql_lock_time_max"":""0"",""mysql_select_scans"":""8314"",""mysql_sort_scans"":""15263"",""mysql_join_scans"":""2292"",""sys_load_avg"":12.34,""sys_memory_used"":2413.4765625,""sys_memory_used_buffers"":187.48046875,""sys_memory_used_cache"":778.91015625,""sys_memory_swap_used"":0,""sys_memory_swap_used_cache"":0,""fpm_listen_queue"":""0"",""fpm_listen_queue_length"":""128"",""fpm_total_processes"":""12"",""fpm_active_processes"":""10""}"
1475728113,"{""mysql_table_scans_pct"":0.25004163240532,""mysql_deadlocks"":""0"",""mysql_wait_locks"":""0"",""mysql_current_locks"":""0"",""mysql_total_locks"":""0"",""mysql_lock_time_avg"":""0"",""mysql_lock_time_max"":""0"",""mysql_select_scans"":""8389"",""mysql_sort_scans"":""15435"",""mysql_join_scans"":""2329"",""sys_load_avg"":12.39,""sys_memory_used"":2475.2578125,""sys_memory_used_buffers"":187.59765625,""sys_memory_used_cache"":776.3828125,""sys_memory_swap_used"":0,""sys_memory_swap_used_cache"":0,""fpm_listen_queue"":""0"",""fpm_listen_queue_length"":""128"",""fpm_total_processes"":""11"",""fpm_active_processes"":""6""}"
1475728118,"{""mysql_table_scans_pct"":0.24985754637154,""mysql_deadlocks"":""0"",""mysql_wait_locks"":""0"",""mysql_current_locks"":""0"",""mysql_total_locks"":""0"",""mysql_lock_time_avg"":""0"",""mysql_lock_time_max"":""0"",""mysql_select_scans"":""8483"",""mysql_sort_scans"":""15634"",""mysql_join_scans"":""2375"",""sys_load_avg"":12.28,""sys_memory_used"":2450.66015625,""sys_memory_used_buffers"":187.765625,""sys_memory_used_cache"":780.828125,""sys_memory_swap_used"":0,""sys_memory_swap_used_cache"":0,""fpm_listen_queue"":""1"",""fpm_listen_queue_length"":""128"",""fpm_total_processes"":""10"",""fpm_active_processes"":""10""}"
1475728123,"{""mysql_table_scans_pct"":0.2497880509349,""mysql_deadlocks"":""0"",""mysql_wait_locks"":""0"",""mysql_current_locks"":""5"",""mysql_total_locks"":""0"",""mysql_lock_time_avg"":""0"",""mysql_lock_time_max"":""0"",""mysql_select_scans"":""8564"",""mysql_sort_scans"":""15833"",""mysql_join_scans"":""2414"",""sys_load_avg"":12.18,""sys_memory_used"":2667.21484375,""sys_memory_used_buffers"":187.859375,""sys_memory_used_cache"":784.72265625,""sys_memory_swap_used"":0,""sys_memory_swap_used_cache"":0,""fpm_listen_queue"":""1"",""fpm_listen_queue_length"":""128"",""fpm_total_processes"":""11"",""fpm_active_processes"":""11""}"
1475728128,"{""mysql_table_scans_pct"":0.2495819477552,""mysql_deadlocks"":""0"",""mysql_wait_locks"":""0"",""mysql_current_locks"":""2"",""mysql_total_locks"":""0"",""mysql_lock_time_avg"":""0"",""mysql_lock_time_max"":""0"",""mysql_select_scans"":""8646"",""mysql_sort_scans"":""15993"",""mysql_join_scans"":""2447"",""sys_load_avg"":11.44,""sys_memory_used"":2466.80859375,""sys_memory_used_buffers"":188.02734375,""sys_memory_used_cache"":792.25,""sys_memory_swap_used"":0,""sys_memory_swap_used_cache"":0,""fpm_listen_queue"":""2"",""fpm_listen_queue_length"":""128"",""fpm_total_processes"":""12"",""fpm_active_processes"":""12""}"
1475728133,"{""mysql_table_scans_pct"":0.24971756767593,""mysql_deadlocks"":""0"",""mysql_wait_locks"":""0"",""mysql_current_locks"":""2"",""mysql_total_locks"":""0"",""mysql_lock_time_avg"":""0"",""mysql_lock_time_max"":""0"",""mysql_select_scans"":""8728"",""mysql_sort_scans"":""16161"",""mysql_join_scans"":""2486"",""sys_load_avg"":11.33,""sys_memory_used"":2509.40234375,""sys_memory_used_buffers"":188.13671875,""sys_memory_used_cache"":794.37109375,""sys_memory_swap_used"":0,""sys_memory_swap_used_cache"":0,""fpm_listen_queue"":""1"",""fpm_listen_queue_length"":""128"",""fpm_total_processes"":""12"",""fpm_active_processes"":""12""}"
1475728138,"{""mysql_table_scans_pct"":0.2496644971953,""mysql_deadlocks"":""0"",""mysql_wait_locks"":""0"",""mysql_current_locks"":""0"",""mysql_total_locks"":""0"",""mysql_lock_time_avg"":""0"",""mysql_lock_time_max"":""0"",""mysql_select_scans"":""8797"",""mysql_sort_scans"":""16302"",""mysql_join_scans"":""2512"",""sys_load_avg"":11.62,""sys_memory_used"":2629.98828125,""sys_memory_used_buffers"":188.23828125,""sys_memory_used_cache"":796.30859375,""sys_memory_swap_used"":0,""sys_memory_swap_used_cache"":0,""fpm_listen_queue"":""1"",""fpm_listen_queue_length"":""128"",""fpm_total_processes"":""12"",""fpm_active_processes"":""10""}"
1475728143,"{""mysql_table_scans_pct"":0.24980226599678,""mysql_deadlocks"":""0"",""mysql_wait_locks"":""0"",""mysql_current_locks"":""0"",""mysql_total_locks"":""0"",""mysql_lock_time_avg"":""0"",""mysql_lock_time_max"":""0"",""mysql_select_scans"":""8867"",""mysql_sort_scans"":""16436"",""mysql_join_scans"":""2542"",""sys_load_avg"":11.49,""sys_memory_used"":2800.4296875,""sys_memory_used_buffers"":188.40234375,""sys_memory_used_cache"":793.89453125,""sys_memory_swap_used"":0,""sys_memory_swap_used_cache"":0,""fpm_listen_queue"":""0"",""fpm_listen_queue_length"":""128"",""fpm_total_processes"":""15"",""fpm_active_processes"":""15""}"
1475728148,"{""mysql_table_scans_pct"":0.24987182482369,""mysql_deadlocks"":""0"",""mysql_wait_locks"":""0"",""mysql_current_locks"":""0"",""mysql_total_locks"":""0"",""mysql_lock_time_avg"":""0"",""mysql_lock_time_max"":""0"",""mysql_select_scans"":""8949"",""mysql_sort_scans"":""16580"",""mysql_join_scans"":""2575"",""sys_load_avg"":11.69,""sys_memory_used"":2814.7421875,""sys_memory_used_buffers"":188.51953125,""sys_memory_used_cache"":795.78515625,""sys_memory_swap_used"":0,""sys_memory_swap_used_cache"":0,""fpm_listen_queue"":""3"",""fpm_listen_queue_length"":""128"",""fpm_total_processes"":""14"",""fpm_active_processes"":""14""}"
1475728153,"{""mysql_table_scans_pct"":0.24999078310757,""mysql_deadlocks"":""0"",""mysql_wait_locks"":""0"",""mysql_current_locks"":""0"",""mysql_total_locks"":""0"",""mysql_lock_time_avg"":""0"",""mysql_lock_time_max"":""0"",""mysql_select_scans"":""9027"",""mysql_sort_scans"":""16750"",""mysql_join_scans"":""2616"",""sys_load_avg"":11.56,""sys_memory_used"":2501.2890625,""sys_memory_used_buffers"":188.6875,""sys_memory_used_cache"":801.09765625,""sys_memory_swap_used"":0,""sys_memory_swap_used_cache"":0,""fpm_listen_queue"":""0"",""fpm_listen_queue_length"":""128"",""fpm_total_processes"":""12"",""fpm_active_processes"":""9""}"
1475728159,"{""mysql_table_scans_pct"":0.24992307875988,""mysql_deadlocks"":""0"",""mysql_wait_locks"":""0"",""mysql_current_locks"":""0"",""mysql_total_locks"":""0"",""mysql_lock_time_avg"":""0"",""mysql_lock_time_max"":""0"",""mysql_select_scans"":""9115"",""mysql_sort_scans"":""16932"",""mysql_join_scans"":""2654"",""sys_load_avg"":11.35,""sys_memory_used"":2638.5078125,""sys_memory_used_buffers"":188.77734375,""sys_memory_used_cache"":804.39453125,""sys_memory_swap_used"":0,""sys_memory_swap_used_cache"":0,""fpm_listen_queue"":""0"",""fpm_listen_queue_length"":""128"",""fpm_total_processes"":""13"",""fpm_active_processes"":""12""}"
1475728164,"{""mysql_table_scans_pct"":0.24983049928238,""mysql_deadlocks"":""0"",""mysql_wait_locks"":""0"",""mysql_current_locks"":""0"",""mysql_total_locks"":""0"",""mysql_lock_time_avg"":""0"",""mysql_lock_time_max"":""0"",""mysql_select_scans"":""9192"",""mysql_sort_scans"":""17102"",""mysql_join_scans"":""2691"",""sys_load_avg"":11.51,""sys_memory_used"":2506.02734375,""sys_memory_used_buffers"":189.03515625,""sys_memory_used_cache"":804.19921875,""sys_memory_swap_used"":0,""sys_memory_swap_used_cache"":0,""fpm_listen_queue"":""0"",""fpm_listen_queue_length"":""128"",""fpm_total_processes"":""13"",""fpm_active_processes"":""13""}"
1475728169,"{""mysql_table_scans_pct"":0.24963771644188,""mysql_deadlocks"":""0"",""mysql_wait_locks"":""0"",""mysql_current_locks"":""0"",""mysql_total_locks"":""0"",""mysql_lock_time_avg"":""0"",""mysql_lock_time_max"":""0"",""mysql_select_scans"":""9274"",""mysql_sort_scans"":""17259"",""mysql_join_scans"":""2729"",""sys_load_avg"":11.63,""sys_memory_used"":2633.71875,""sys_memory_used_buffers"":189.1328125,""sys_memory_used_cache"":812.76953125,""sys_memory_swap_used"":0,""sys_memory_swap_used_cache"":0,""fpm_listen_queue"":""1"",""fpm_listen_queue_length"":""128"",""fpm_total_processes"":""12"",""fpm_active_processes"":""12""}"
1475728174,"{""mysql_table_scans_pct"":0.24984000859774,""mysql_deadlocks"":""0"",""mysql_wait_locks"":""0"",""mysql_current_locks"":""0"",""mysql_total_locks"":""0"",""mysql_lock_time_avg"":""0"",""mysql_lock_time_max"":""0"",""mysql_select_scans"":""9340"",""mysql_sort_scans"":""17414"",""mysql_join_scans"":""2755"",""sys_load_avg"":11.66,""sys_memory_used"":2666.9921875,""sys_memory_used_buffers"":189.20703125,""sys_memory_used_cache"":812.640625,""sys_memory_swap_used"":0,""sys_memory_swap_used_cache"":0,""fpm_listen_queue"":""0"",""fpm_listen_queue_length"":""128"",""fpm_total_processes"":""14"",""fpm_active_processes"":""12""}"
1475728179,"{""mysql_table_scans_pct"":0.24983223983764,""mysql_deadlocks"":""0"",""mysql_wait_locks"":""0"",""mysql_current_locks"":""0"",""mysql_total_locks"":""0"",""mysql_lock_time_avg"":""0"",""mysql_lock_time_max"":""0"",""mysql_select_scans"":""9421"",""mysql_sort_scans"":""17592"",""mysql_join_scans"":""2784"",""sys_load_avg"":11.69,""sys_memory_used"":2697.15625,""sys_memory_used_buffers"":189.3203125,""sys_memory_used_cache"":815.078125,""sys_memory_swap_used"":0,""sys_memory_swap_used_cache"":0,""fpm_listen_queue"":""0"",""fpm_listen_queue_length"":""128"",""fpm_total_processes"":""14"",""fpm_active_processes"":""9""}"
1475728184,"{""mysql_table_scans_pct"":0.24999435813963,""mysql_deadlocks"":""0"",""mysql_wait_locks"":""0"",""mysql_current_locks"":""0"",""mysql_total_locks"":""0"",""mysql_lock_time_avg"":""0"",""mysql_lock_time_max"":""0"",""mysql_select_scans"":""9482"",""mysql_sort_scans"":""17715"",""mysql_join_scans"":""2809"",""sys_load_avg"":11.23,""sys_memory_used"":2548.18359375,""sys_memory_used_buffers"":189.43359375,""sys_memory_used_cache"":810.91796875,""sys_memory_swap_used"":0,""sys_memory_swap_used_cache"":0,""fpm_listen_queue"":""0"",""fpm_listen_queue_length"":""128"",""fpm_total_processes"":""13"",""fpm_active_processes"":""11""}"
1475728189,"{""mysql_table_scans_pct"":0.24999169275877,""mysql_deadlocks"":""0"",""mysql_wait_locks"":""0"",""mysql_current_locks"":""0"",""mysql_total_locks"":""0"",""mysql_lock_time_avg"":""0"",""mysql_lock_time_max"":""0"",""mysql_select_scans"":""9551"",""mysql_sort_scans"":""17842"",""mysql_join_scans"":""2839"",""sys_load_avg"":11.29,""sys_memory_used"":2768.7421875,""sys_memory_used_buffers"":189.53515625,""sys_memory_used_cache"":812.58984375,""sys_memory_swap_used"":0,""sys_memory_swap_used_cache"":0,""fpm_listen_queue"":""0"",""fpm_listen_queue_length"":""128"",""fpm_total_processes"":""13"",""fpm_active_processes"":""9""}"
1475728194,"{""mysql_table_scans_pct"":0.24985114214771,""mysql_deadlocks"":""0"",""mysql_wait_locks"":""0"",""mysql_current_locks"":""0"",""mysql_total_locks"":""0"",""mysql_lock_time_avg"":""0"",""mysql_lock_time_max"":""0"",""mysql_select_scans"":""9627"",""mysql_sort_scans"":""17991"",""mysql_join_scans"":""2868"",""sys_load_avg"":11.43,""sys_memory_used"":2630.265625,""sys_memory_used_buffers"":189.76953125,""sys_memory_used_cache"":816.5,""sys_memory_swap_used"":0,""sys_memory_swap_used_cache"":0,""fpm_listen_queue"":""1"",""fpm_listen_queue_length"":""128"",""fpm_total_processes"":""12"",""fpm_active_processes"":""10""}"
1475728200,"{""mysql_table_scans_pct"":0.24946562783757,""mysql_deadlocks"":""0"",""mysql_wait_locks"":""0"",""mysql_current_locks"":""0"",""mysql_total_locks"":""0"",""mysql_lock_time_avg"":""0"",""mysql_lock_time_max"":""0"",""mysql_select_scans"":""9701"",""mysql_sort_scans"":""18181"",""mysql_join_scans"":""2901"",""sys_load_avg"":11.64,""sys_memory_used"":2700.06640625,""sys_memory_used_buffers"":189.8671875,""sys_memory_used_cache"":824.98828125,""sys_memory_swap_used"":0,""sys_memory_swap_used_cache"":0,""fpm_listen_queue"":""0"",""fpm_listen_queue_length"":""128"",""fpm_total_processes"":""13"",""fpm_active_processes"":""12""}"
1475728205,"{""mysql_table_scans_pct"":0.24998615954439,""mysql_deadlocks"":""0"",""mysql_wait_locks"":""0"",""mysql_current_locks"":""4"",""mysql_total_locks"":""0"",""mysql_lock_time_avg"":""0"",""mysql_lock_time_max"":""0"",""mysql_select_scans"":""9748"",""mysql_sort_scans"":""18279"",""mysql_join_scans"":""2921"",""sys_load_avg"":12.15,""sys_memory_used"":2959,""sys_memory_used_buffers"":189.96484375,""sys_memory_used_cache"":820.28125,""sys_memory_swap_used"":0,""sys_memory_swap_used_cache"":0,""fpm_listen_queue"":""0"",""fpm_listen_queue_length"":""128"",""fpm_total_processes"":""16"",""fpm_active_processes"":""14""}"
1475728210,"{""mysql_table_scans_pct"":0.24998561585491,""mysql_deadlocks"":""0"",""mysql_wait_locks"":""0"",""mysql_current_locks"":""7"",""mysql_total_locks"":""0"",""mysql_lock_time_avg"":""0"",""mysql_lock_time_max"":""0"",""mysql_select_scans"":""9831"",""mysql_sort_scans"":""18423"",""mysql_join_scans"":""2951"",""sys_load_avg"":12.29,""sys_memory_used"":2597.29296875,""sys_memory_used_buffers"":190.046875,""sys_memory_used_cache"":823.10546875,""sys_memory_swap_used"":0,""sys_memory_swap_used_cache"":0,""fpm_listen_queue"":""0"",""fpm_listen_queue_length"":""128"",""fpm_total_processes"":""15"",""fpm_active_processes"":""9""}"
1475728215,"{""mysql_table_scans_pct"":0.24983524751154,""mysql_deadlocks"":""0"",""mysql_wait_locks"":""0"",""mysql_current_locks"":""0"",""mysql_total_locks"":""0"",""mysql_lock_time_avg"":""0"",""mysql_lock_time_max"":""0"",""mysql_select_scans"":""9918"",""mysql_sort_scans"":""18592"",""mysql_join_scans"":""2982"",""sys_load_avg"":11.71,""sys_memory_used"":2718.34765625,""sys_memory_used_buffers"":190.1640625,""sys_memory_used_cache"":830.32421875,""sys_memory_swap_used"":0,""sys_memory_swap_used_cache"":0,""fpm_listen_queue"":""0"",""fpm_listen_queue_length"":""128"",""fpm_total_processes"":""14"",""fpm_active_processes"":""14""}"
1475728220,"{""mysql_table_scans_pct"":0.24998176060122,""mysql_deadlocks"":""0"",""mysql_wait_locks"":""0"",""mysql_current_locks"":""0"",""mysql_total_locks"":""0"",""mysql_lock_time_avg"":""0"",""mysql_lock_time_max"":""0"",""mysql_select_scans"":""10001"",""mysql_sort_scans"":""18752"",""mysql_join_scans"":""3015"",""sys_load_avg"":11.65,""sys_memory_used"":2531.8671875,""sys_memory_used_buffers"":190.3125,""sys_memory_used_cache"":827.34765625,""sys_memory_swap_used"":0,""sys_memory_swap_used_cache"":0,""fpm_listen_queue"":""0"",""fpm_listen_queue_length"":""128"",""fpm_total_processes"":""13"",""fpm_active_processes"":""11""}"
1475728225,"{""mysql_table_scans_pct"":0.24997989729859,""mysql_deadlocks"":""0"",""mysql_wait_locks"":""0"",""mysql_current_locks"":""0"",""mysql_total_locks"":""0"",""mysql_lock_time_avg"":""0"",""mysql_lock_time_max"":""0"",""mysql_select_scans"":""10077"",""mysql_sort_scans"":""18930"",""mysql_join_scans"":""3054"",""sys_load_avg"":11.52,""sys_memory_used"":2659.25390625,""sys_memory_used_buffers"":190.421875,""sys_memory_used_cache"":829.390625,""sys_memory_swap_used"":0,""sys_memory_swap_used_cache"":0,""fpm_listen_queue"":""0"",""fpm_listen_queue_length"":""128"",""fpm_total_processes"":""12"",""fpm_active_processes"":""11""}"
1475728230,"{""mysql_table_scans_pct"":0.24980219761299,""mysql_deadlocks"":""0"",""mysql_wait_locks"":""0"",""mysql_current_locks"":""0"",""mysql_total_locks"":""0"",""mysql_lock_time_avg"":""0"",""mysql_lock_time_max"":""0"",""mysql_select_scans"":""10161"",""mysql_sort_scans"":""19087"",""mysql_join_scans"":""3084"",""sys_load_avg"":11.48,""sys_memory_used"":2804.66015625,""sys_memory_used_buffers"":190.6953125,""sys_memory_used_cache"":835.3828125,""sys_memory_swap_used"":0,""sys_memory_swap_used_cache"":0,""fpm_listen_queue"":""0"",""fpm_listen_queue_length"":""128"",""fpm_total_processes"":""12"",""fpm_active_processes"":""10""}"
1475728235,"{""mysql_table_scans_pct"":0.24995057020488,""mysql_deadlocks"":""0"",""mysql_wait_locks"":""0"",""mysql_current_locks"":""0"",""mysql_total_locks"":""0"",""mysql_lock_time_avg"":""0"",""mysql_lock_time_max"":""0"",""mysql_select_scans"":""10251"",""mysql_sort_scans"":""19250"",""mysql_join_scans"":""3112"",""sys_load_avg"":11.84,""sys_memory_used"":2544.375,""sys_memory_used_buffers"":190.83984375,""sys_memory_used_cache"":835.28515625,""sys_memory_swap_used"":0,""sys_memory_swap_used_cache"":0,""fpm_listen_queue"":""0"",""fpm_listen_queue_length"":""128"",""fpm_total_processes"":""13"",""fpm_active_processes"":""12""}"
1475728240,"{""mysql_table_scans_pct"":0.24970944958676,""mysql_deadlocks"":""0"",""mysql_wait_locks"":""0"",""mysql_current_locks"":""0"",""mysql_total_locks"":""0"",""mysql_lock_time_avg"":""0"",""mysql_lock_time_max"":""0"",""mysql_select_scans"":""10339"",""mysql_sort_scans"":""19401"",""mysql_join_scans"":""3148"",""sys_load_avg"":11.45,""sys_memory_used"":2542.70703125,""sys_memory_used_buffers"":190.94921875,""sys_memory_used_cache"":851.2109375,""sys_memory_swap_used"":0,""sys_memory_swap_used_cache"":0,""fpm_listen_queue"":""0"",""fpm_listen_queue_length"":""128"",""fpm_total_processes"":""12"",""fpm_active_processes"":""9""}"
1475728245,"{""mysql_table_scans_pct"":0.24987848769334,""mysql_deadlocks"":""0"",""mysql_wait_locks"":""0"",""mysql_current_locks"":""0"",""mysql_total_locks"":""0"",""mysql_lock_time_avg"":""0"",""mysql_lock_time_max"":""0"",""mysql_select_scans"":""10425"",""mysql_sort_scans"":""19582"",""mysql_join_scans"":""3180"",""sys_load_avg"":11.66,""sys_memory_used"":2644,""sys_memory_used_buffers"":191.1640625,""sys_memory_used_cache"":845.171875,""sys_memory_swap_used"":0,""sys_memory_swap_used_cache"":0,""fpm_listen_queue"":""0"",""fpm_listen_queue_length"":""128"",""fpm_total_processes"":""13"",""fpm_active_processes"":""9""}"
1475728251,"{""mysql_table_scans_pct"":0.24974137522565,""mysql_deadlocks"":""0"",""mysql_wait_locks"":""0"",""mysql_current_locks"":""0"",""mysql_total_locks"":""0"",""mysql_lock_time_avg"":""0"",""mysql_lock_time_max"":""0"",""mysql_select_scans"":""10514"",""mysql_sort_scans"":""19773"",""mysql_join_scans"":""3221"",""sys_load_avg"":11.6,""sys_memory_used"":2610.984375,""sys_memory_used_buffers"":191.28515625,""sys_memory_used_cache"":846.671875,""sys_memory_swap_used"":0,""sys_memory_swap_used_cache"":0,""fpm_listen_queue"":""0"",""fpm_listen_queue_length"":""128"",""fpm_total_processes"":""13"",""fpm_active_processes"":""10""}"
1475728256,"{""mysql_table_scans_pct"":0.24985540007807,""mysql_deadlocks"":""0"",""mysql_wait_locks"":""0"",""mysql_current_locks"":""0"",""mysql_total_locks"":""0"",""mysql_lock_time_avg"":""0"",""mysql_lock_time_max"":""0"",""mysql_select_scans"":""10599"",""mysql_sort_scans"":""19939"",""mysql_join_scans"":""3250"",""sys_load_avg"":11.48,""sys_memory_used"":2644.55078125,""sys_memory_used_buffers"":191.40234375,""sys_memory_used_cache"":850.6640625,""sys_memory_swap_used"":0,""sys_memory_swap_used_cache"":0,""fpm_listen_queue"":""0"",""fpm_listen_queue_length"":""128"",""fpm_total_processes"":""11"",""fpm_active_processes"":""8""}"
1475728261,"{""mysql_table_scans_pct"":0.24961756811202,""mysql_deadlocks"":""0"",""mysql_wait_locks"":""0"",""mysql_current_locks"":""1"",""mysql_total_locks"":""0"",""mysql_lock_time_avg"":""0"",""mysql_lock_time_max"":""0"",""mysql_select_scans"":""10687"",""mysql_sort_scans"":""20124"",""mysql_join_scans"":""3290"",""sys_load_avg"":11.6,""sys_memory_used"":2812.4609375,""sys_memory_used_buffers"":191.4765625,""sys_memory_used_cache"":853.87890625,""sys_memory_swap_used"":0,""sys_memory_swap_used_cache"":0,""fpm_listen_queue"":""1"",""fpm_listen_queue_length"":""128"",""fpm_total_processes"":""13"",""fpm_active_processes"":""13""}"
1475728266,"{""mysql_table_scans_pct"":0.24996293812327,""mysql_deadlocks"":""0"",""mysql_wait_locks"":""0"",""mysql_current_locks"":""0"",""mysql_total_locks"":""0"",""mysql_lock_time_avg"":""0"",""mysql_lock_time_max"":""0"",""mysql_select_scans"":""10754"",""mysql_sort_scans"":""20263"",""mysql_join_scans"":""3316"",""sys_load_avg"":11.71,""sys_memory_used"":2570.00390625,""sys_memory_used_buffers"":191.58203125,""sys_memory_used_cache"":849.84765625,""sys_memory_swap_used"":0,""sys_memory_swap_used_cache"":0,""fpm_listen_queue"":""0"",""fpm_listen_queue_length"":""128"",""fpm_total_processes"":""13"",""fpm_active_processes"":""8""}"
1475728271,"{""mysql_table_scans_pct"":0.24985104723444,""mysql_deadlocks"":""0"",""mysql_wait_locks"":""0"",""mysql_current_locks"":""0"",""mysql_total_locks"":""0"",""mysql_lock_time_avg"":""0"",""mysql_lock_time_max"":""0"",""mysql_select_scans"":""10841"",""mysql_sort_scans"":""20434"",""mysql_join_scans"":""3352"",""sys_load_avg"":11.09,""sys_memory_used"":2621.97265625,""sys_memory_used_buffers"":191.66015625,""sys_memory_used_cache"":853.5,""sys_memory_swap_used"":0,""sys_memory_swap_used_cache"":0,""fpm_listen_queue"":""1"",""fpm_listen_queue_length"":""128"",""fpm_total_processes"":""11"",""fpm_active_processes"":""11""}"
1475728276,"{""mysql_table_scans_pct"":0.24996247137805,""mysql_deadlocks"":""0"",""mysql_wait_locks"":""0"",""mysql_current_locks"":""0"",""mysql_total_locks"":""0"",""mysql_lock_time_avg"":""0"",""mysql_lock_time_max"":""0"",""mysql_select_scans"":""10921"",""mysql_sort_scans"":""20615"",""mysql_join_scans"":""3380"",""sys_load_avg"":10.85,""sys_memory_used"":2544.60546875,""sys_memory_used_buffers"":191.78515625,""sys_memory_used_cache"":854.0234375,""sys_memory_swap_used"":0,""sys_memory_swap_used_cache"":0,""fpm_listen_queue"":""0"",""fpm_listen_queue_length"":""128"",""fpm_total_processes"":""12"",""fpm_active_processes"":""7""}"
1475728281,"{""mysql_table_scans_pct"":0.24991992566333,""mysql_deadlocks"":""0"",""mysql_wait_locks"":""0"",""mysql_current_locks"":""0"",""mysql_total_locks"":""0"",""mysql_lock_time_avg"":""0"",""mysql_lock_time_max"":""0"",""mysql_select_scans"":""10996"",""mysql_sort_scans"":""20778"",""mysql_join_scans"":""3417"",""sys_load_avg"":10.78,""sys_memory_used"":2678.453125,""sys_memory_used_buffers"":192.06640625,""sys_memory_used_cache"":856.5078125,""sys_memory_swap_used"":0,""sys_memory_swap_used_cache"":0,""fpm_listen_queue"":""0"",""fpm_listen_queue_length"":""128"",""fpm_total_processes"":""11"",""fpm_active_processes"":""11""}"
1475728286,"{""mysql_table_scans_pct"":0.24996213366748,""mysql_deadlocks"":""0"",""mysql_wait_locks"":""0"",""mysql_current_locks"":""0"",""mysql_total_locks"":""0"",""mysql_lock_time_avg"":""0"",""mysql_lock_time_max"":""0"",""mysql_select_scans"":""11071"",""mysql_sort_scans"":""20893"",""mysql_join_scans"":""3442"",""sys_load_avg"":11.04,""sys_memory_used"":2853.4609375,""sys_memory_used_buffers"":192.1640625,""sys_memory_used_cache"":857.3203125,""sys_memory_swap_used"":0,""sys_memory_swap_used_cache"":0,""fpm_listen_queue"":""1"",""fpm_listen_queue_length"":""128"",""fpm_total_processes"":""12"",""fpm_active_processes"":""7""}"
1475728291,"{""mysql_table_scans_pct"":0.24955311822782,""mysql_deadlocks"":""0"",""mysql_wait_locks"":""0"",""mysql_current_locks"":""0"",""mysql_total_locks"":""0"",""mysql_lock_time_avg"":""0"",""mysql_lock_time_max"":""0"",""mysql_select_scans"":""11158"",""mysql_sort_scans"":""21074"",""mysql_join_scans"":""3479"",""sys_load_avg"":11.27,""sys_memory_used"":2899.3359375,""sys_memory_used_buffers"":192.23046875,""sys_memory_used_cache"":868.87890625,""sys_memory_swap_used"":0,""sys_memory_swap_used_cache"":0,""fpm_listen_queue"":""0"",""fpm_listen_queue_length"":""128"",""fpm_total_processes"":""14"",""fpm_active_processes"":""12""}"
1475728297,"{""mysql_table_scans_pct"":0.24995781447182,""mysql_deadlocks"":""0"",""mysql_wait_locks"":""0"",""mysql_current_locks"":""0"",""mysql_total_locks"":""0"",""mysql_lock_time_avg"":""0"",""mysql_lock_time_max"":""0"",""mysql_select_scans"":""11244"",""mysql_sort_scans"":""21240"",""mysql_join_scans"":""3515"",""sys_load_avg"":10.85,""sys_memory_used"":2624.66796875,""sys_memory_used_buffers"":192.4375,""sys_memory_used_cache"":862.18359375,""sys_memory_swap_used"":0,""sys_memory_swap_used_cache"":0,""fpm_listen_queue"":""0"",""fpm_listen_queue_length"":""128"",""fpm_total_processes"":""13"",""fpm_active_processes"":""12""}"
1475728302,"{""mysql_table_scans_pct"":0.24995781318346,""mysql_deadlocks"":""0"",""mysql_wait_locks"":""0"",""mysql_current_locks"":""2"",""mysql_total_locks"":""0"",""mysql_lock_time_avg"":""0"",""mysql_lock_time_max"":""0"",""mysql_select_scans"":""11321"",""mysql_sort_scans"":""21385"",""mysql_join_scans"":""3550"",""sys_load_avg"":10.22,""sys_memory_used"":2647.484375,""sys_memory_used_buffers"":192.55859375,""sys_memory_used_cache"":863.88671875,""sys_memory_swap_used"":0,""sys_memory_swap_used_cache"":0,""fpm_listen_queue"":""0"",""fpm_listen_queue_length"":""128"",""fpm_total_processes"":""12"",""fpm_active_processes"":""8""}"
1475728307,"{""mysql_table_scans_pct"":0.24995744294035,""mysql_deadlocks"":""0"",""mysql_wait_locks"":""0"",""mysql_current_locks"":""0"",""mysql_total_locks"":""0"",""mysql_lock_time_avg"":""0"",""mysql_lock_time_max"":""0"",""mysql_select_scans"":""11405"",""mysql_sort_scans"":""21541"",""mysql_join_scans"":""3581"",""sys_load_avg"":10.28,""sys_memory_used"":2528.4765625,""sys_memory_used_buffers"":193.23828125,""sys_memory_used_cache"":864.73828125,""sys_memory_swap_used"":0,""sys_memory_swap_used_cache"":0,""fpm_listen_queue"":""0"",""fpm_listen_queue_length"":""128"",""fpm_total_processes"":""11"",""fpm_active_processes"":""3""}"
1475728312,"{""mysql_table_scans_pct"":0.24968573750303,""mysql_deadlocks"":""0"",""mysql_wait_locks"":""0"",""mysql_current_locks"":""0"",""mysql_total_locks"":""0"",""mysql_lock_time_avg"":""0"",""mysql_lock_time_max"":""0"",""mysql_select_scans"":""11484"",""mysql_sort_scans"":""21683"",""mysql_join_scans"":""3615"",""sys_load_avg"":10.26,""sys_memory_used"":2614.10546875,""sys_memory_used_buffers"":193.55859375,""sys_memory_used_cache"":871.06640625,""sys_memory_swap_used"":0,""sys_memory_swap_used_cache"":0,""fpm_listen_queue"":""4"",""fpm_listen_queue_length"":""128"",""fpm_total_processes"":""10"",""fpm_active_processes"":""10""}"
1475728317,"{""mysql_table_scans_pct"":0.24980736287682,""mysql_deadlocks"":""0"",""mysql_wait_locks"":""0"",""mysql_current_locks"":""0"",""mysql_total_locks"":""0"",""mysql_lock_time_avg"":""0"",""mysql_lock_time_max"":""0"",""mysql_select_scans"":""11580"",""mysql_sort_scans"":""21870"",""mysql_join_scans"":""3659"",""sys_load_avg"":10.32,""sys_memory_used"":2589.19140625,""sys_memory_used_buffers"":193.9609375,""sys_memory_used_cache"":871.28515625,""sys_memory_swap_used"":0,""sys_memory_swap_used_cache"":0,""fpm_listen_queue"":""0"",""fpm_listen_queue_length"":""128"",""fpm_total_processes"":""11"",""fpm_active_processes"":""9""}"
1475728322,"{""mysql_table_scans_pct"":0.24995207549878,""mysql_deadlocks"":""0"",""mysql_wait_locks"":""0"",""mysql_current_locks"":""0"",""mysql_total_locks"":""0"",""mysql_lock_time_avg"":""0"",""mysql_lock_time_max"":""0"",""mysql_select_scans"":""11657"",""mysql_sort_scans"":""22010"",""mysql_join_scans"":""3686"",""sys_load_avg"":10.45,""sys_memory_used"":2649.9609375,""sys_memory_used_buffers"":194.35546875,""sys_memory_used_cache"":870.9921875,""sys_memory_swap_used"":0,""sys_memory_swap_used_cache"":0,""fpm_listen_queue"":""2"",""fpm_listen_queue_length"":""128"",""fpm_total_processes"":""12"",""fpm_active_processes"":""12""}"
1475728327,"{""mysql_table_scans_pct"":0.24995108239168,""mysql_deadlocks"":""0"",""mysql_wait_locks"":""0"",""mysql_current_locks"":""0"",""mysql_total_locks"":""0"",""mysql_lock_time_avg"":""0"",""mysql_lock_time_max"":""0"",""mysql_select_scans"":""11723"",""mysql_sort_scans"":""22119"",""mysql_join_scans"":""3713"",""sys_load_avg"":10.02,""sys_memory_used"":2607.22265625,""sys_memory_used_buffers"":194.62890625,""sys_memory_used_cache"":872.08984375,""sys_memory_swap_used"":0,""sys_memory_swap_used_cache"":0,""fpm_listen_queue"":""0"",""fpm_listen_queue_length"":""128"",""fpm_total_processes"":""13"",""fpm_active_processes"":""11""}"
1475728332,"{""mysql_table_scans_pct"":0.24978919169671,""mysql_deadlocks"":""0"",""mysql_wait_locks"":""0"",""mysql_current_locks"":""0"",""mysql_total_locks"":""0"",""mysql_lock_time_avg"":""0"",""mysql_lock_time_max"":""0"",""mysql_select_scans"":""11814"",""mysql_sort_scans"":""22288"",""mysql_join_scans"":""3747"",""sys_load_avg"":9.94,""sys_memory_used"":2884.15625,""sys_memory_used_buffers"":195.109375,""sys_memory_used_cache"":876.92578125,""sys_memory_swap_used"":0,""sys_memory_swap_used_cache"":0,""fpm_listen_queue"":""0"",""fpm_listen_queue_length"":""128"",""fpm_total_processes"":""13"",""fpm_active_processes"":""11""}"
1475728337,"{""mysql_table_scans_pct"":0.24994846101399,""mysql_deadlocks"":""0"",""mysql_wait_locks"":""0"",""mysql_current_locks"":""0"",""mysql_total_locks"":""0"",""mysql_lock_time_avg"":""0"",""mysql_lock_time_max"":""0"",""mysql_select_scans"":""11900"",""mysql_sort_scans"":""22436"",""mysql_join_scans"":""3775"",""sys_load_avg"":9.54,""sys_memory_used"":2554.82421875,""sys_memory_used_buffers"":195.24609375,""sys_memory_used_cache"":875.73828125,""sys_memory_swap_used"":0,""sys_memory_swap_used_cache"":0,""fpm_listen_queue"":""0"",""fpm_listen_queue_length"":""128"",""fpm_total_processes"":""10"",""fpm_active_processes"":""5""}"
1475728342,"{""mysql_table_scans_pct"":0.24983568518195,""mysql_deadlocks"":""0"",""mysql_wait_locks"":""0"",""mysql_current_locks"":""0"",""mysql_total_locks"":""0"",""mysql_lock_time_avg"":""0"",""mysql_lock_time_max"":""0"",""mysql_select_scans"":""11971"",""mysql_sort_scans"":""22582"",""mysql_join_scans"":""3802"",""sys_load_avg"":9.42,""sys_memory_used"":2514.63671875,""sys_memory_used_buffers"":195.3359375,""sys_memory_used_cache"":882.4140625,""sys_memory_swap_used"":0,""sys_memory_swap_used_cache"":0,""fpm_listen_queue"":""0"",""fpm_listen_queue_length"":""128"",""fpm_total_processes"":""9"",""fpm_active_processes"":""7""}"
1475728348,"{""mysql_table_scans_pct"":0.24994730211074,""mysql_deadlocks"":""0"",""mysql_wait_locks"":""0"",""mysql_current_locks"":""0"",""mysql_total_locks"":""0"",""mysql_lock_time_avg"":""0"",""mysql_lock_time_max"":""0"",""mysql_select_scans"":""12025"",""mysql_sort_scans"":""22672"",""mysql_join_scans"":""3824"",""sys_load_avg"":9.06,""sys_memory_used"":2431.58203125,""sys_memory_used_buffers"":195.38671875,""sys_memory_used_cache"":878.375,""sys_memory_swap_used"":0,""sys_memory_swap_used_cache"":0,""fpm_listen_queue"":""0"",""fpm_listen_queue_length"":""128"",""fpm_total_processes"":""6"",""fpm_active_processes"":""4""}"
1475728353,"{""mysql_table_scans_pct"":0.24983315814074,""mysql_deadlocks"":""0"",""mysql_wait_locks"":""0"",""mysql_current_locks"":""0"",""mysql_total_locks"":""0"",""mysql_lock_time_avg"":""0"",""mysql_lock_time_max"":""0"",""mysql_select_scans"":""12057"",""mysql_sort_scans"":""22728"",""mysql_join_scans"":""3834"",""sys_load_avg"":8.42,""sys_memory_used"":2399.90234375,""sys_memory_used_buffers"":195.44140625,""sys_memory_used_cache"":881.33203125,""sys_memory_swap_used"":0,""sys_memory_swap_used_cache"":0,""fpm_listen_queue"":""0"",""fpm_listen_queue_length"":""128"",""fpm_total_processes"":""5"",""fpm_active_processes"":""3""}"
1475728358,"{""mysql_table_scans_pct"":0.2499477374035,""mysql_deadlocks"":""0"",""mysql_wait_locks"":""0"",""mysql_current_locks"":""0"",""mysql_total_locks"":""0"",""mysql_lock_time_avg"":""0"",""mysql_lock_time_max"":""0"",""mysql_select_scans"":""12086"",""mysql_sort_scans"":""22769"",""mysql_join_scans"":""3843"",""sys_load_avg"":7.74,""sys_memory_used"":2355.27734375,""sys_memory_used_buffers"":195.48828125,""sys_memory_used_cache"":879.83203125,""sys_memory_swap_used"":0,""sys_memory_swap_used_cache"":0,""fpm_listen_queue"":""0"",""fpm_listen_queue_length"":""128"",""fpm_total_processes"":""3"",""fpm_active_processes"":""1""}"
1475728363,"{""mysql_table_scans_pct"":0.24994850285671,""mysql_deadlocks"":""0"",""mysql_wait_locks"":""0"",""mysql_current_locks"":""0"",""mysql_total_locks"":""0"",""mysql_lock_time_avg"":""0"",""mysql_lock_time_max"":""0"",""mysql_select_scans"":""12093"",""mysql_sort_scans"":""22769"",""mysql_join_scans"":""3843"",""sys_load_avg"":7.2,""sys_memory_used"":2301.85546875,""sys_memory_used_buffers"":200.765625,""sys_memory_used_cache"":840.5703125,""sys_memory_swap_used"":0,""sys_memory_swap_used_cache"":0,""fpm_listen_queue"":""0"",""fpm_listen_queue_length"":""128"",""fpm_total_processes"":""3"",""fpm_active_processes"":""1""}"
