1471658527,"{""mysql_table_scans_pct"":0.27531049243054,""mysql_deadlocks"":""0"",""mysql_wait_locks"":""0"",""mysql_current_locks"":""976"",""mysql_total_locks"":""4"",""mysql_lock_time_avg"":""105"",""mysql_lock_time_max"":""217"",""mysql_select_scans"":""2987"",""mysql_sort_scans"":""5222"",""mysql_join_scans"":""23"",""sys_load_avg"":7.68,""sys_memory_used"":2020.93359375,""sys_memory_used_buffers"":113.89453125,""sys_memory_used_cache"":487.94921875,""sys_memory_swap_used"":0,""sys_memory_swap_used_cache"":0,""fpm_listen_queue"":""0"",""fpm_listen_queue_length"":""128"",""fpm_total_processes"":""16"",""fpm_active_processes"":""15""}"
1471658532,"{""mysql_table_scans_pct"":0.27264459437728,""mysql_deadlocks"":""0"",""mysql_wait_locks"":""2"",""mysql_current_locks"":""1863"",""mysql_total_locks"":""6"",""mysql_lock_time_avg"":""70"",""mysql_lock_time_max"":""217"",""mysql_select_scans"":""3224"",""mysql_sort_scans"":""5710"",""mysql_join_scans"":""27"",""sys_load_avg"":8.67,""sys_memory_used"":2069.00390625,""sys_memory_used_buffers"":115.8203125,""sys_memory_used_cache"":511.18359375,""sys_memory_swap_used"":0,""sys_memory_swap_used_cache"":0,""fpm_listen_queue"":""0"",""fpm_listen_queue_length"":""128"",""fpm_total_processes"":""17"",""fpm_active_processes"":""11""}"
1471658537,"{""mysql_table_scans_pct"":0.26221443778325,""mysql_deadlocks"":""0"",""mysql_wait_locks"":""5"",""mysql_current_locks"":""2671"",""mysql_total_locks"":""9"",""mysql_lock_time_avg"":""47"",""mysql_lock_time_max"":""217"",""mysql_select_scans"":""3507"",""mysql_sort_scans"":""6130"",""mysql_join_scans"":""27"",""sys_load_avg"":8.85,""sys_memory_used"":2086.19921875,""sys_memory_used_buffers"":116.8828125,""sys_memory_used_cache"":529.87109375,""sys_memory_swap_used"":0,""sys_memory_swap_used_cache"":0,""fpm_listen_queue"":""0"",""fpm_listen_queue_length"":""128"",""fpm_total_processes"":""17"",""fpm_active_processes"":""17""}"
1471658542,"{""mysql_table_scans_pct"":0.24498043694706,""mysql_deadlocks"":""0"",""mysql_wait_locks"":""7"",""mysql_current_locks"":""3633"",""mysql_total_locks"":""11"",""mysql_lock_time_avg"":""38"",""mysql_lock_time_max"":""217"",""mysql_select_scans"":""3749"",""mysql_sort_scans"":""6521"",""mysql_join_scans"":""27"",""sys_load_avg"":9.03,""sys_memory_used"":2095.30078125,""sys_memory_used_buffers"":118.1953125,""sys_memory_used_cache"":543.83984375,""sys_memory_swap_used"":0,""sys_memory_swap_used_cache"":0,""fpm_listen_queue"":""1"",""fpm_listen_queue_length"":""128"",""fpm_total_processes"":""17"",""fpm_active_processes"":""10""}"
1471658547,"{""mysql_table_scans_pct"":0.24102217411534,""mysql_deadlocks"":""0"",""mysql_wait_locks"":""10"",""mysql_current_locks"":""4660"",""mysql_total_locks"":""14"",""mysql_lock_time_avg"":""30"",""mysql_lock_time_max"":""217"",""mysql_select_scans"":""3953"",""mysql_sort_scans"":""6862"",""mysql_join_scans"":""27"",""sys_load_avg"":8.78,""sys_memory_used"":2099.734375,""sys_memory_used_buffers"":119.09765625,""sys_memory_used_cache"":567.49609375,""sys_memory_swap_used"":0,""sys_memory_swap_used_cache"":0,""fpm_listen_queue"":""0"",""fpm_listen_queue_length"":""128"",""fpm_total_processes"":""16"",""fpm_active_processes"":""16""}"
1471658552,"{""mysql_table_scans_pct"":0.24928387671345,""mysql_deadlocks"":""0"",""mysql_wait_locks"":""1"",""mysql_current_locks"":""581"",""mysql_total_locks"":""15"",""mysql_lock_time_avg"":""7395"",""mysql_lock_time_max"":""17728"",""mysql_select_scans"":""4254"",""mysql_sort_scans"":""7369"",""mysql_join_scans"":""39"",""sys_load_avg"":8.56,""sys_memory_used"":2174.765625,""sys_memory_used_buffers"":119.99609375,""sys_memory_used_cache"":606.3125,""sys_memory_swap_used"":0,""sys_memory_swap_used_cache"":0,""fpm_listen_queue"":""2"",""fpm_listen_queue_length"":""128"",""fpm_total_processes"":""16"",""fpm_active_processes"":""16""}"
1471658557,"{""mysql_table_scans_pct"":0.23281800035912,""mysql_deadlocks"":""0"",""mysql_wait_locks"":""2"",""mysql_current_locks"":""1267"",""mysql_total_locks"":""16"",""mysql_lock_time_avg"":""6933"",""mysql_lock_time_max"":""17728"",""mysql_select_scans"":""4585"",""mysql_sort_scans"":""7985"",""mysql_join_scans"":""39"",""sys_load_avg"":8.92,""sys_memory_used"":2134.8671875,""sys_memory_used_buffers"":121.03125,""sys_memory_used_cache"":622.546875,""sys_memory_swap_used"":0,""sys_memory_swap_used_cache"":0,""fpm_listen_queue"":""0"",""fpm_listen_queue_length"":""128"",""fpm_total_processes"":""15"",""fpm_active_processes"":""15""}"
1471658562,"{""mysql_table_scans_pct"":0.25340452054191,""mysql_deadlocks"":""0"",""mysql_wait_locks"":""4"",""mysql_current_locks"":""5650"",""mysql_total_locks"":""18"",""mysql_lock_time_avg"":""6162"",""mysql_lock_time_max"":""17728"",""mysql_select_scans"":""4883"",""mysql_sort_scans"":""8516"",""mysql_join_scans"":""39"",""sys_load_avg"":9.48,""sys_memory_used"":2186.0546875,""sys_memory_used_buffers"":122.19921875,""sys_memory_used_cache"":656.1484375,""sys_memory_swap_used"":0,""sys_memory_swap_used_cache"":0,""fpm_listen_queue"":""0"",""fpm_listen_queue_length"":""128"",""fpm_total_processes"":""15"",""fpm_active_processes"":""15""}"
1471658567,"{""mysql_table_scans_pct"":0.27483394737416,""mysql_deadlocks"":""0"",""mysql_wait_locks"":""5"",""mysql_current_locks"":""13506"",""mysql_total_locks"":""19"",""mysql_lock_time_avg"":""5838"",""mysql_lock_time_max"":""17728"",""mysql_select_scans"":""5179"",""mysql_sort_scans"":""9257"",""mysql_join_scans"":""39"",""sys_load_avg"":9.61,""sys_memory_used"":2139.2265625,""sys_memory_used_buffers"":123.53515625,""sys_memory_used_cache"":681.89453125,""sys_memory_swap_used"":0,""sys_memory_swap_used_cache"":0,""fpm_listen_queue"":""0"",""fpm_listen_queue_length"":""128"",""fpm_total_processes"":""14"",""fpm_active_processes"":""11""}"
1471658572,"{""mysql_table_scans_pct"":0.29869677361817,""mysql_deadlocks"":""0"",""mysql_wait_locks"":""0"",""mysql_current_locks"":""117"",""mysql_total_locks"":""21"",""mysql_lock_time_avg"":""8873"",""mysql_lock_time_max"":""22009"",""mysql_select_scans"":""5459"",""mysql_sort_scans"":""9680"",""mysql_join_scans"":""46"",""sys_load_avg"":9.64,""sys_memory_used"":2227.63671875,""sys_memory_used_buffers"":124.22265625,""sys_memory_used_cache"":686.30078125,""sys_memory_swap_used"":0,""sys_memory_swap_used_cache"":0,""fpm_listen_queue"":""0"",""fpm_listen_queue_length"":""128"",""fpm_total_processes"":""15"",""fpm_active_processes"":""12""}"
1471658578,"{""mysql_table_scans_pct"":0.30442882124229,""mysql_deadlocks"":""0"",""mysql_wait_locks"":""1"",""mysql_current_locks"":""1663"",""mysql_total_locks"":""22"",""mysql_lock_time_avg"":""8469"",""mysql_lock_time_max"":""22009"",""mysql_select_scans"":""5547"",""mysql_sort_scans"":""10041"",""mysql_join_scans"":""46"",""sys_load_avg"":10.07,""sys_memory_used"":2223.31640625,""sys_memory_used_buffers"":125.00390625,""sys_memory_used_cache"":692.1171875,""sys_memory_swap_used"":0,""sys_memory_swap_used_cache"":0,""fpm_listen_queue"":""0"",""fpm_listen_queue_length"":""128"",""fpm_total_processes"":""16"",""fpm_active_processes"":""15""}"
1471658583,"{""mysql_table_scans_pct"":0.30527315101433,""mysql_deadlocks"":""0"",""mysql_wait_locks"":""0"",""mysql_current_locks"":""40"",""mysql_total_locks"":""22"",""mysql_lock_time_avg"":""8541"",""mysql_lock_time_max"":""22009"",""mysql_select_scans"":""5618"",""mysql_sort_scans"":""10375"",""mysql_join_scans"":""49"",""sys_load_avg"":10.3,""sys_memory_used"":2210.375,""sys_memory_used_buffers"":125.79296875,""sys_memory_used_cache"":698.82421875,""sys_memory_swap_used"":0,""sys_memory_swap_used_cache"":0,""fpm_listen_queue"":""2"",""fpm_listen_queue_length"":""128"",""fpm_total_processes"":""14"",""fpm_active_processes"":""14""}"
1471658588,"{""mysql_table_scans_pct"":0.30583975130868,""mysql_deadlocks"":""0"",""mysql_wait_locks"":""0"",""mysql_current_locks"":""102"",""mysql_total_locks"":""22"",""mysql_lock_time_avg"":""8541"",""mysql_lock_time_max"":""22009"",""mysql_select_scans"":""5721"",""mysql_sort_scans"":""10765"",""mysql_join_scans"":""52"",""sys_load_avg"":10.92,""sys_memory_used"":2216.9296875,""sys_memory_used_buffers"":126.34765625,""sys_memory_used_cache"":705.3515625,""sys_memory_swap_used"":0,""sys_memory_swap_used_cache"":0,""fpm_listen_queue"":""0"",""fpm_listen_queue_length"":""128"",""fpm_total_processes"":""15"",""fpm_active_processes"":""14""}"
1471658593,"{""mysql_table_scans_pct"":0.30623144040916,""mysql_deadlocks"":""0"",""mysql_wait_locks"":""0"",""mysql_current_locks"":""168"",""mysql_total_locks"":""22"",""mysql_lock_time_avg"":""8541"",""mysql_lock_time_max"":""22009"",""mysql_select_scans"":""5856"",""mysql_sort_scans"":""11195"",""mysql_join_scans"":""53"",""sys_load_avg"":11,""sys_memory_used"":2182.88671875,""sys_memory_used_buffers"":127.04296875,""sys_memory_used_cache"":713.73046875,""sys_memory_swap_used"":0,""sys_memory_swap_used_cache"":0,""fpm_listen_queue"":""0"",""fpm_listen_queue_length"":""128"",""fpm_total_processes"":""14"",""fpm_active_processes"":""10""}"
1471658598,"{""mysql_table_scans_pct"":0.30677543551362,""mysql_deadlocks"":""0"",""mysql_wait_locks"":""0"",""mysql_current_locks"":""235"",""mysql_total_locks"":""22"",""mysql_lock_time_avg"":""8541"",""mysql_lock_time_max"":""22009"",""mysql_select_scans"":""5924"",""mysql_sort_scans"":""11550"",""mysql_join_scans"":""57"",""sys_load_avg"":11.08,""sys_memory_used"":2249.2265625,""sys_memory_used_buffers"":127.85546875,""sys_memory_used_cache"":720.48046875,""sys_memory_swap_used"":0,""sys_memory_swap_used_cache"":0,""fpm_listen_queue"":""0"",""fpm_listen_queue_length"":""128"",""fpm_total_processes"":""14"",""fpm_active_processes"":""11""}"
1471658603,"{""mysql_table_scans_pct"":0.30742537861071,""mysql_deadlocks"":""0"",""mysql_wait_locks"":""0"",""mysql_current_locks"":""303"",""mysql_total_locks"":""22"",""mysql_lock_time_avg"":""8541"",""mysql_lock_time_max"":""22009"",""mysql_select_scans"":""6005"",""mysql_sort_scans"":""11911"",""mysql_join_scans"":""60"",""sys_load_avg"":11.56,""sys_memory_used"":2287.234375,""sys_memory_used_buffers"":128.58203125,""sys_memory_used_cache"":728.69921875,""sys_memory_swap_used"":0,""sys_memory_swap_used_cache"":0,""fpm_listen_queue"":""1"",""fpm_listen_queue_length"":""128"",""fpm_total_processes"":""14"",""fpm_active_processes"":""14""}"
1471658608,"{""mysql_table_scans_pct"":0.3080954969197,""mysql_deadlocks"":""0"",""mysql_wait_locks"":""0"",""mysql_current_locks"":""382"",""mysql_total_locks"":""22"",""mysql_lock_time_avg"":""8541"",""mysql_lock_time_max"":""22009"",""mysql_select_scans"":""6088"",""mysql_sort_scans"":""12248"",""mysql_join_scans"":""63"",""sys_load_avg"":11.91,""sys_memory_used"":2292.9609375,""sys_memory_used_buffers"":129.15234375,""sys_memory_used_cache"":734.5,""sys_memory_swap_used"":0,""sys_memory_swap_used_cache"":0,""fpm_listen_queue"":""0"",""fpm_listen_queue_length"":""128"",""fpm_total_processes"":""16"",""fpm_active_processes"":""13""}"
1471658613,"{""mysql_table_scans_pct"":0.30878871905282,""mysql_deadlocks"":""0"",""mysql_wait_locks"":""0"",""mysql_current_locks"":""507"",""mysql_total_locks"":""22"",""mysql_lock_time_avg"":""8541"",""mysql_lock_time_max"":""22009"",""mysql_select_scans"":""6175"",""mysql_sort_scans"":""12622"",""mysql_join_scans"":""67"",""sys_load_avg"":12.24,""sys_memory_used"":2253.4375,""sys_memory_used_buffers"":129.83203125,""sys_memory_used_cache"":742.953125,""sys_memory_swap_used"":0,""sys_memory_swap_used_cache"":0,""fpm_listen_queue"":""0"",""fpm_listen_queue_length"":""128"",""fpm_total_processes"":""14"",""fpm_active_processes"":""13""}"
1471658619,"{""mysql_table_scans_pct"":0.30961433270707,""mysql_deadlocks"":""0"",""mysql_wait_locks"":""0"",""mysql_current_locks"":""633"",""mysql_total_locks"":""22"",""mysql_lock_time_avg"":""8541"",""mysql_lock_time_max"":""22009"",""mysql_select_scans"":""6258"",""mysql_sort_scans"":""12962"",""mysql_join_scans"":""69"",""sys_load_avg"":12.22,""sys_memory_used"":2206.1015625,""sys_memory_used_buffers"":130.4921875,""sys_memory_used_cache"":748.94140625,""sys_memory_swap_used"":0,""sys_memory_swap_used_cache"":0,""fpm_listen_queue"":""4"",""fpm_listen_queue_length"":""128"",""fpm_total_processes"":""11"",""fpm_active_processes"":""11""}"
1471658624,"{""mysql_table_scans_pct"":0.31055810262889,""mysql_deadlocks"":""0"",""mysql_wait_locks"":""0"",""mysql_current_locks"":""774"",""mysql_total_locks"":""22"",""mysql_lock_time_avg"":""8541"",""mysql_lock_time_max"":""22009"",""mysql_select_scans"":""6345"",""mysql_sort_scans"":""13265"",""mysql_join_scans"":""72"",""sys_load_avg"":12.04,""sys_memory_used"":2233.359375,""sys_memory_used_buffers"":131.07421875,""sys_memory_used_cache"":755.828125,""sys_memory_swap_used"":0,""sys_memory_swap_used_cache"":0,""fpm_listen_queue"":""0"",""fpm_listen_queue_length"":""128"",""fpm_total_processes"":""13"",""fpm_active_processes"":""12""}"
1471658629,"{""mysql_table_scans_pct"":0.31131590000867,""mysql_deadlocks"":""0"",""mysql_wait_locks"":""0"",""mysql_current_locks"":""891"",""mysql_total_locks"":""22"",""mysql_lock_time_avg"":""8541"",""mysql_lock_time_max"":""22009"",""mysql_select_scans"":""6436"",""mysql_sort_scans"":""13589"",""mysql_join_scans"":""74"",""sys_load_avg"":12.04,""sys_memory_used"":2301.390625,""sys_memory_used_buffers"":131.578125,""sys_memory_used_cache"":761.53125,""sys_memory_swap_used"":0,""sys_memory_swap_used_cache"":0,""fpm_listen_queue"":""0"",""fpm_listen_queue_length"":""128"",""fpm_total_processes"":""13"",""fpm_active_processes"":""12""}"
1471658634,"{""mysql_table_scans_pct"":0.31218393830223,""mysql_deadlocks"":""0"",""mysql_wait_locks"":""0"",""mysql_current_locks"":""1021"",""mysql_total_locks"":""22"",""mysql_lock_time_avg"":""8541"",""mysql_lock_time_max"":""22009"",""mysql_select_scans"":""6513"",""mysql_sort_scans"":""13833"",""mysql_join_scans"":""79"",""sys_load_avg"":12.04,""sys_memory_used"":2316.1796875,""sys_memory_used_buffers"":132.171875,""sys_memory_used_cache"":764.79296875,""sys_memory_swap_used"":0,""sys_memory_swap_used_cache"":0,""fpm_listen_queue"":""2"",""fpm_listen_queue_length"":""128"",""fpm_total_processes"":""13"",""fpm_active_processes"":""13""}"
1471658639,"{""mysql_table_scans_pct"":0.31304609374781,""mysql_deadlocks"":""0"",""mysql_wait_locks"":""0"",""mysql_current_locks"":""1151"",""mysql_total_locks"":""22"",""mysql_lock_time_avg"":""8541"",""mysql_lock_time_max"":""22009"",""mysql_select_scans"":""6595"",""mysql_sort_scans"":""14126"",""mysql_join_scans"":""82"",""sys_load_avg"":12.19,""sys_memory_used"":2276.16015625,""sys_memory_used_buffers"":132.71484375,""sys_memory_used_cache"":770.0859375,""sys_memory_swap_used"":0,""sys_memory_swap_used_cache"":0,""fpm_listen_queue"":""0"",""fpm_listen_queue_length"":""128"",""fpm_total_processes"":""13"",""fpm_active_processes"":""10""}"
1471658644,"{""mysql_table_scans_pct"":0.31397388731256,""mysql_deadlocks"":""0"",""mysql_wait_locks"":""0"",""mysql_current_locks"":""1280"",""mysql_total_locks"":""22"",""mysql_lock_time_avg"":""8541"",""mysql_lock_time_max"":""22009"",""mysql_select_scans"":""6663"",""mysql_sort_scans"":""14369"",""mysql_join_scans"":""84"",""sys_load_avg"":11.94,""sys_memory_used"":2317.578125,""sys_memory_used_buffers"":133.1640625,""sys_memory_used_cache"":773.35546875,""sys_memory_swap_used"":0,""sys_memory_swap_used_cache"":0,""fpm_listen_queue"":""0"",""fpm_listen_queue_length"":""128"",""fpm_total_processes"":""13"",""fpm_active_processes"":""13""}"
1471658649,"{""mysql_table_scans_pct"":0.3148281955889,""mysql_deadlocks"":""0"",""mysql_wait_locks"":""0"",""mysql_current_locks"":""1407"",""mysql_total_locks"":""22"",""mysql_lock_time_avg"":""8541"",""mysql_lock_time_max"":""22009"",""mysql_select_scans"":""6738"",""mysql_sort_scans"":""14652"",""mysql_join_scans"":""87"",""sys_load_avg"":12.26,""sys_memory_used"":2302.76171875,""sys_memory_used_buffers"":133.7578125,""sys_memory_used_cache"":777.8203125,""sys_memory_swap_used"":0,""sys_memory_swap_used_cache"":0,""fpm_listen_queue"":""0"",""fpm_listen_queue_length"":""128"",""fpm_total_processes"":""12"",""fpm_active_processes"":""11""}"
1471658655,"{""mysql_table_scans_pct"":0.31578918098063,""mysql_deadlocks"":""0"",""mysql_wait_locks"":""0"",""mysql_current_locks"":""1543"",""mysql_total_locks"":""22"",""mysql_lock_time_avg"":""8541"",""mysql_lock_time_max"":""22009"",""mysql_select_scans"":""6805"",""mysql_sort_scans"":""14926"",""mysql_join_scans"":""87"",""sys_load_avg"":12.72,""sys_memory_used"":2295.89453125,""sys_memory_used_buffers"":134.33984375,""sys_memory_used_cache"":782.1640625,""sys_memory_swap_used"":0,""sys_memory_swap_used_cache"":0,""fpm_listen_queue"":""0"",""fpm_listen_queue_length"":""128"",""fpm_total_processes"":""12"",""fpm_active_processes"":""12""}"
1471658660,"{""mysql_table_scans_pct"":0.31653339546169,""mysql_deadlocks"":""0"",""mysql_wait_locks"":""0"",""mysql_current_locks"":""1665"",""mysql_total_locks"":""22"",""mysql_lock_time_avg"":""8541"",""mysql_lock_time_max"":""22009"",""mysql_select_scans"":""6875"",""mysql_sort_scans"":""15283"",""mysql_join_scans"":""88"",""sys_load_avg"":12.99,""sys_memory_used"":2359.515625,""sys_memory_used_buffers"":135.6796875,""sys_memory_used_cache"":789.1875,""sys_memory_swap_used"":0,""sys_memory_swap_used_cache"":0,""fpm_listen_queue"":""3"",""fpm_listen_queue_length"":""128"",""fpm_total_processes"":""12"",""fpm_active_processes"":""12""}"
1471658665,"{""mysql_table_scans_pct"":0.32937587124059,""mysql_deadlocks"":""0"",""mysql_wait_locks"":""0"",""mysql_current_locks"":""3009"",""mysql_total_locks"":""22"",""mysql_lock_time_avg"":""8541"",""mysql_lock_time_max"":""22009"",""mysql_select_scans"":""7012"",""mysql_sort_scans"":""15651"",""mysql_join_scans"":""91"",""sys_load_avg"":13.15,""sys_memory_used"":2431.48046875,""sys_memory_used_buffers"":136.09765625,""sys_memory_used_cache"":794.87890625,""sys_memory_swap_used"":0,""sys_memory_swap_used_cache"":0,""fpm_listen_queue"":""1"",""fpm_listen_queue_length"":""128"",""fpm_total_processes"":""14"",""fpm_active_processes"":""12""}"
1471658670,"{""mysql_table_scans_pct"":0.33314498944952,""mysql_deadlocks"":""0"",""mysql_wait_locks"":""0"",""mysql_current_locks"":""3009"",""mysql_total_locks"":""22"",""mysql_lock_time_avg"":""8541"",""mysql_lock_time_max"":""22009"",""mysql_select_scans"":""7252"",""mysql_sort_scans"":""16020"",""mysql_join_scans"":""92"",""sys_load_avg"":12.65,""sys_memory_used"":2348.55078125,""sys_memory_used_buffers"":136.71484375,""sys_memory_used_cache"":798.80859375,""sys_memory_swap_used"":0,""sys_memory_swap_used_cache"":0,""fpm_listen_queue"":""0"",""fpm_listen_queue_length"":""128"",""fpm_total_processes"":""13"",""fpm_active_processes"":""12""}"
1471658675,"{""mysql_table_scans_pct"":0.3343815505406,""mysql_deadlocks"":""0"",""mysql_wait_locks"":""0"",""mysql_current_locks"":""3009"",""mysql_total_locks"":""22"",""mysql_lock_time_avg"":""8541"",""mysql_lock_time_max"":""22009"",""mysql_select_scans"":""7486"",""mysql_sort_scans"":""16308"",""mysql_join_scans"":""95"",""sys_load_avg"":12.84,""sys_memory_used"":2341.44921875,""sys_memory_used_buffers"":137.28125,""sys_memory_used_cache"":802.20703125,""sys_memory_swap_used"":0,""sys_memory_swap_used_cache"":0,""fpm_listen_queue"":""0"",""fpm_listen_queue_length"":""128"",""fpm_total_processes"":""13"",""fpm_active_processes"":""9""}"
1471658680,"{""mysql_table_scans_pct"":0.32942038111985,""mysql_deadlocks"":""0"",""mysql_wait_locks"":""0"",""mysql_current_locks"":""3296"",""mysql_total_locks"":""22"",""mysql_lock_time_avg"":""8541"",""mysql_lock_time_max"":""22009"",""mysql_select_scans"":""7731"",""mysql_sort_scans"":""16664"",""mysql_join_scans"":""102"",""sys_load_avg"":12.61,""sys_memory_used"":2416.1171875,""sys_memory_used_buffers"":137.87109375,""sys_memory_used_cache"":804.58203125,""sys_memory_swap_used"":0,""sys_memory_swap_used_cache"":0,""fpm_listen_queue"":""0"",""fpm_listen_queue_length"":""128"",""fpm_total_processes"":""15"",""fpm_active_processes"":""14""}"
1471658685,"{""mysql_table_scans_pct"":0.32313746803686,""mysql_deadlocks"":""0"",""mysql_wait_locks"":""0"",""mysql_current_locks"":""4716"",""mysql_total_locks"":""22"",""mysql_lock_time_avg"":""8541"",""mysql_lock_time_max"":""22009"",""mysql_select_scans"":""7997"",""mysql_sort_scans"":""17143"",""mysql_join_scans"":""103"",""sys_load_avg"":12.81,""sys_memory_used"":2405.15234375,""sys_memory_used_buffers"":138.5625,""sys_memory_used_cache"":810.4375,""sys_memory_swap_used"":0,""sys_memory_swap_used_cache"":0,""fpm_listen_queue"":""0"",""fpm_listen_queue_length"":""128"",""fpm_total_processes"":""14"",""fpm_active_processes"":""10""}"
1471658690,"{""mysql_table_scans_pct"":0.33454555414634,""mysql_deadlocks"":""0"",""mysql_wait_locks"":""0"",""mysql_current_locks"":""5050"",""mysql_total_locks"":""22"",""mysql_lock_time_avg"":""8541"",""mysql_lock_time_max"":""22009"",""mysql_select_scans"":""8260"",""mysql_sort_scans"":""17680"",""mysql_join_scans"":""103"",""sys_load_avg"":12.34,""sys_memory_used"":2386.54296875,""sys_memory_used_buffers"":139.12109375,""sys_memory_used_cache"":819.71484375,""sys_memory_swap_used"":0,""sys_memory_swap_used_cache"":0,""fpm_listen_queue"":""0"",""fpm_listen_queue_length"":""128"",""fpm_total_processes"":""13"",""fpm_active_processes"":""11""}"
1471658695,"{""mysql_table_scans_pct"":0.33669229288255,""mysql_deadlocks"":""0"",""mysql_wait_locks"":""0"",""mysql_current_locks"":""5050"",""mysql_total_locks"":""22"",""mysql_lock_time_avg"":""8541"",""mysql_lock_time_max"":""22009"",""mysql_select_scans"":""8514"",""mysql_sort_scans"":""18038"",""mysql_join_scans"":""107"",""sys_load_avg"":12.47,""sys_memory_used"":2413.99609375,""sys_memory_used_buffers"":139.75,""sys_memory_used_cache"":824.51953125,""sys_memory_swap_used"":0,""sys_memory_swap_used_cache"":0,""fpm_listen_queue"":""0"",""fpm_listen_queue_length"":""128"",""fpm_total_processes"":""12"",""fpm_active_processes"":""7""}"
1471658701,"{""mysql_table_scans_pct"":0.33922885163683,""mysql_deadlocks"":""0"",""mysql_wait_locks"":""0"",""mysql_current_locks"":""5050"",""mysql_total_locks"":""22"",""mysql_lock_time_avg"":""8541"",""mysql_lock_time_max"":""22009"",""mysql_select_scans"":""8753"",""mysql_sort_scans"":""18380"",""mysql_join_scans"":""111"",""sys_load_avg"":12.28,""sys_memory_used"":2479.9140625,""sys_memory_used_buffers"":140.29296875,""sys_memory_used_cache"":830.0859375,""sys_memory_swap_used"":0,""sys_memory_swap_used_cache"":0,""fpm_listen_queue"":""0"",""fpm_listen_queue_length"":""128"",""fpm_total_processes"":""14"",""fpm_active_processes"":""14""}"
1471658706,"{""mysql_table_scans_pct"":0.34309339528251,""mysql_deadlocks"":""0"",""mysql_wait_locks"":""0"",""mysql_current_locks"":""5066"",""mysql_total_locks"":""22"",""mysql_lock_time_avg"":""8541"",""mysql_lock_time_max"":""22009"",""mysql_select_scans"":""8970"",""mysql_sort_scans"":""18741"",""mysql_join_scans"":""115"",""sys_load_avg"":12.61,""sys_memory_used"":2447.57421875,""sys_memory_used_buffers"":140.765625,""sys_memory_used_cache"":830.2734375,""sys_memory_swap_used"":0,""sys_memory_swap_used_cache"":0,""fpm_listen_queue"":""0"",""fpm_listen_queue_length"":""128"",""fpm_total_processes"":""14"",""fpm_active_processes"":""13""}"
1471658711,"{""mysql_table_scans_pct"":0.34472001944834,""mysql_deadlocks"":""0"",""mysql_wait_locks"":""0"",""mysql_current_locks"":""5129"",""mysql_total_locks"":""22"",""mysql_lock_time_avg"":""8541"",""mysql_lock_time_max"":""22009"",""mysql_select_scans"":""9187"",""mysql_sort_scans"":""19017"",""mysql_join_scans"":""118"",""sys_load_avg"":12.72,""sys_memory_used"":2449.76171875,""sys_memory_used_buffers"":141.30859375,""sys_memory_used_cache"":832.734375,""sys_memory_swap_used"":0,""sys_memory_swap_used_cache"":0,""fpm_listen_queue"":""0"",""fpm_listen_queue_length"":""128"",""fpm_total_processes"":""13"",""fpm_active_processes"":""13""}"
1471658716,"{""mysql_table_scans_pct"":0.34462470053427,""mysql_deadlocks"":""0"",""mysql_wait_locks"":""0"",""mysql_current_locks"":""5205"",""mysql_total_locks"":""22"",""mysql_lock_time_avg"":""8541"",""mysql_lock_time_max"":""22009"",""mysql_select_scans"":""9436"",""mysql_sort_scans"":""19364"",""mysql_join_scans"":""120"",""sys_load_avg"":12.26,""sys_memory_used"":2401.66796875,""sys_memory_used_buffers"":141.7265625,""sys_memory_used_cache"":837.46875,""sys_memory_swap_used"":0,""sys_memory_swap_used_cache"":0,""fpm_listen_queue"":""0"",""fpm_listen_queue_length"":""128"",""fpm_total_processes"":""13"",""fpm_active_processes"":""6""}"
1471658721,"{""mysql_table_scans_pct"":0.34464416943145,""mysql_deadlocks"":""0"",""mysql_wait_locks"":""0"",""mysql_current_locks"":""5288"",""mysql_total_locks"":""22"",""mysql_lock_time_avg"":""8541"",""mysql_lock_time_max"":""22009"",""mysql_select_scans"":""9681"",""mysql_sort_scans"":""19759"",""mysql_join_scans"":""127"",""sys_load_avg"":12.32,""sys_memory_used"":2416.515625,""sys_memory_used_buffers"":142.1484375,""sys_memory_used_cache"":841.46875,""sys_memory_swap_used"":0,""sys_memory_swap_used_cache"":0,""fpm_listen_queue"":""1"",""fpm_listen_queue_length"":""128"",""fpm_total_processes"":""11"",""fpm_active_processes"":""11""}"
1471658726,"{""mysql_table_scans_pct"":0.3441079239032,""mysql_deadlocks"":""0"",""mysql_wait_locks"":""0"",""mysql_current_locks"":""5374"",""mysql_total_locks"":""22"",""mysql_lock_time_avg"":""8541"",""mysql_lock_time_max"":""22009"",""mysql_select_scans"":""9964"",""mysql_sort_scans"":""20215"",""mysql_join_scans"":""128"",""sys_load_avg"":12.21,""sys_memory_used"":2472.6171875,""sys_memory_used_buffers"":142.52734375,""sys_memory_used_cache"":846.0625,""sys_memory_swap_used"":0,""sys_memory_swap_used_cache"":0,""fpm_listen_queue"":""0"",""fpm_listen_queue_length"":""128"",""fpm_total_processes"":""13"",""fpm_active_processes"":""13""}"
1471658731,"{""mysql_table_scans_pct"":0.34358245082501,""mysql_deadlocks"":""0"",""mysql_wait_locks"":""0"",""mysql_current_locks"":""5453"",""mysql_total_locks"":""22"",""mysql_lock_time_avg"":""8541"",""mysql_lock_time_max"":""22009"",""mysql_select_scans"":""10226"",""mysql_sort_scans"":""20627"",""mysql_join_scans"":""132"",""sys_load_avg"":12.04,""sys_memory_used"":2430.83203125,""sys_memory_used_buffers"":142.95703125,""sys_memory_used_cache"":850.25390625,""sys_memory_swap_used"":0,""sys_memory_swap_used_cache"":0,""fpm_listen_queue"":""0"",""fpm_listen_queue_length"":""128"",""fpm_total_processes"":""13"",""fpm_active_processes"":""12""}"
1471658736,"{""mysql_table_scans_pct"":0.34327902683374,""mysql_deadlocks"":""0"",""mysql_wait_locks"":""0"",""mysql_current_locks"":""5588"",""mysql_total_locks"":""22"",""mysql_lock_time_avg"":""8541"",""mysql_lock_time_max"":""22009"",""mysql_select_scans"":""10524"",""mysql_sort_scans"":""21003"",""mysql_join_scans"":""134"",""sys_load_avg"":11.31,""sys_memory_used"":2423.8515625,""sys_memory_used_buffers"":143.875,""sys_memory_used_cache"":854.16015625,""sys_memory_swap_used"":0,""sys_memory_swap_used_cache"":0,""fpm_listen_queue"":""0"",""fpm_listen_queue_length"":""128"",""fpm_total_processes"":""13"",""fpm_active_processes"":""9""}"
1471658741,"{""mysql_table_scans_pct"":0.34326320163566,""mysql_deadlocks"":""0"",""mysql_wait_locks"":""0"",""mysql_current_locks"":""5719"",""mysql_total_locks"":""22"",""mysql_lock_time_avg"":""8541"",""mysql_lock_time_max"":""22009"",""mysql_select_scans"":""10799"",""mysql_sort_scans"":""21377"",""mysql_join_scans"":""137"",""sys_load_avg"":11.45,""sys_memory_used"":2461.859375,""sys_memory_used_buffers"":144.390625,""sys_memory_used_cache"":856.8046875,""sys_memory_swap_used"":0,""sys_memory_swap_used_cache"":0,""fpm_listen_queue"":""0"",""fpm_listen_queue_length"":""128"",""fpm_total_processes"":""12"",""fpm_active_processes"":""8""}"
1471658746,"{""mysql_table_scans_pct"":0.34305523896184,""mysql_deadlocks"":""0"",""mysql_wait_locks"":""0"",""mysql_current_locks"":""5837"",""mysql_total_locks"":""22"",""mysql_lock_time_avg"":""8541"",""mysql_lock_time_max"":""22009"",""mysql_select_scans"":""11065"",""mysql_sort_scans"":""21746"",""mysql_join_scans"":""143"",""sys_load_avg"":10.77,""sys_memory_used"":2445.1953125,""sys_memory_used_buffers"":144.73828125,""sys_memory_used_cache"":860.390625,""sys_memory_swap_used"":0,""sys_memory_swap_used_cache"":0,""fpm_listen_queue"":""0"",""fpm_listen_queue_length"":""128"",""fpm_total_processes"":""12"",""fpm_active_processes"":""12""}"
1471658752,"{""mysql_table_scans_pct"":0.34284685760506,""mysql_deadlocks"":""0"",""mysql_wait_locks"":""0"",""mysql_current_locks"":""5966"",""mysql_total_locks"":""22"",""mysql_lock_time_avg"":""8541"",""mysql_lock_time_max"":""22009"",""mysql_select_scans"":""11350"",""mysql_sort_scans"":""22092"",""mysql_join_scans"":""145"",""sys_load_avg"":11.43,""sys_memory_used"":2539.13671875,""sys_memory_used_buffers"":145.34375,""sys_memory_used_cache"":863.34375,""sys_memory_swap_used"":0,""sys_memory_swap_used_cache"":0,""fpm_listen_queue"":""1"",""fpm_listen_queue_length"":""128"",""fpm_total_processes"":""14"",""fpm_active_processes"":""13""}"
1471658757,"{""mysql_table_scans_pct"":0.34259962426166,""mysql_deadlocks"":""0"",""mysql_wait_locks"":""0"",""mysql_current_locks"":""6098"",""mysql_total_locks"":""22"",""mysql_lock_time_avg"":""8541"",""mysql_lock_time_max"":""22009"",""mysql_select_scans"":""11607"",""mysql_sort_scans"":""22454"",""mysql_join_scans"":""153"",""sys_load_avg"":11.4,""sys_memory_used"":2495.80078125,""sys_memory_used_buffers"":145.7578125,""sys_memory_used_cache"":866.56640625,""sys_memory_swap_used"":0,""sys_memory_swap_used_cache"":0,""fpm_listen_queue"":""0"",""fpm_listen_queue_length"":""128"",""fpm_total_processes"":""13"",""fpm_active_processes"":""13""}"
1471658762,"{""mysql_table_scans_pct"":0.34240677429892,""mysql_deadlocks"":""0"",""mysql_wait_locks"":""0"",""mysql_current_locks"":""6232"",""mysql_total_locks"":""22"",""mysql_lock_time_avg"":""8541"",""mysql_lock_time_max"":""22009"",""mysql_select_scans"":""11868"",""mysql_sort_scans"":""22810"",""mysql_join_scans"":""153"",""sys_load_avg"":11.44,""sys_memory_used"":2534.671875,""sys_memory_used_buffers"":146.1640625,""sys_memory_used_cache"":870.19921875,""sys_memory_swap_used"":0,""sys_memory_swap_used_cache"":0,""fpm_listen_queue"":""1"",""fpm_listen_queue_length"":""128"",""fpm_total_processes"":""14"",""fpm_active_processes"":""11""}"
1471658767,"{""mysql_table_scans_pct"":0.34255804814149,""mysql_deadlocks"":""0"",""mysql_wait_locks"":""0"",""mysql_current_locks"":""6357"",""mysql_total_locks"":""22"",""mysql_lock_time_avg"":""8541"",""mysql_lock_time_max"":""22009"",""mysql_select_scans"":""12095"",""mysql_sort_scans"":""23131"",""mysql_join_scans"":""157"",""sys_load_avg"":11.25,""sys_memory_used"":2496.48828125,""sys_memory_used_buffers"":146.54296875,""sys_memory_used_cache"":872.01953125,""sys_memory_swap_used"":0,""sys_memory_swap_used_cache"":0,""fpm_listen_queue"":""2"",""fpm_listen_queue_length"":""128"",""fpm_total_processes"":""12"",""fpm_active_processes"":""12""}"
1471658772,"{""mysql_table_scans_pct"":0.34252394066338,""mysql_deadlocks"":""0"",""mysql_wait_locks"":""0"",""mysql_current_locks"":""6515"",""mysql_total_locks"":""22"",""mysql_lock_time_avg"":""8541"",""mysql_lock_time_max"":""22009"",""mysql_select_scans"":""12367"",""mysql_sort_scans"":""23541"",""mysql_join_scans"":""159"",""sys_load_avg"":11.55,""sys_memory_used"":2450.79296875,""sys_memory_used_buffers"":146.94140625,""sys_memory_used_cache"":875.609375,""sys_memory_swap_used"":0,""sys_memory_swap_used_cache"":0,""fpm_listen_queue"":""0"",""fpm_listen_queue_length"":""128"",""fpm_total_processes"":""11"",""fpm_active_processes"":""7""}"
1471658777,"{""mysql_table_scans_pct"":0.34252659134622,""mysql_deadlocks"":""0"",""mysql_wait_locks"":""0"",""mysql_current_locks"":""6661"",""mysql_total_locks"":""22"",""mysql_lock_time_avg"":""8541"",""mysql_lock_time_max"":""22009"",""mysql_select_scans"":""12615"",""mysql_sort_scans"":""23893"",""mysql_join_scans"":""164"",""sys_load_avg"":11.75,""sys_memory_used"":2490.296875,""sys_memory_used_buffers"":147.30859375,""sys_memory_used_cache"":878.62109375,""sys_memory_swap_used"":0,""sys_memory_swap_used_cache"":0,""fpm_listen_queue"":""0"",""fpm_listen_queue_length"":""128"",""fpm_total_processes"":""12"",""fpm_active_processes"":""12""}"
1471658782,"{""mysql_table_scans_pct"":0.34261694600172,""mysql_deadlocks"":""0"",""mysql_wait_locks"":""0"",""mysql_current_locks"":""6823"",""mysql_total_locks"":""22"",""mysql_lock_time_avg"":""8541"",""mysql_lock_time_max"":""22009"",""mysql_select_scans"":""12894"",""mysql_sort_scans"":""24270"",""mysql_join_scans"":""167"",""sys_load_avg"":11.61,""sys_memory_used"":2513.14453125,""sys_memory_used_buffers"":147.96484375,""sys_memory_used_cache"":882.6796875,""sys_memory_swap_used"":0,""sys_memory_swap_used_cache"":0,""fpm_listen_queue"":""0"",""fpm_listen_queue_length"":""128"",""fpm_total_processes"":""12"",""fpm_active_processes"":""10""}"
1471658788,"{""mysql_table_scans_pct"":0.34169950158022,""mysql_deadlocks"":""0"",""mysql_wait_locks"":""0"",""mysql_current_locks"":""6865"",""mysql_total_locks"":""22"",""mysql_lock_time_avg"":""8541"",""mysql_lock_time_max"":""22009"",""mysql_select_scans"":""13147"",""mysql_sort_scans"":""24564"",""mysql_join_scans"":""169"",""sys_load_avg"":11.96,""sys_memory_used"":2492.30859375,""sys_memory_used_buffers"":148.4296875,""sys_memory_used_cache"":885.078125,""sys_memory_swap_used"":0,""sys_memory_swap_used_cache"":0,""fpm_listen_queue"":""0"",""fpm_listen_queue_length"":""128"",""fpm_total_processes"":""13"",""fpm_active_processes"":""9""}"
1471658793,"{""mysql_table_scans_pct"":0.34083114016927,""mysql_deadlocks"":""0"",""mysql_wait_locks"":""0"",""mysql_current_locks"":""6883"",""mysql_total_locks"":""22"",""mysql_lock_time_avg"":""8541"",""mysql_lock_time_max"":""22009"",""mysql_select_scans"":""13404"",""mysql_sort_scans"":""24949"",""mysql_join_scans"":""174"",""sys_load_avg"":11.88,""sys_memory_used"":2483.41015625,""sys_memory_used_buffers"":149.06640625,""sys_memory_used_cache"":887.91796875,""sys_memory_swap_used"":0,""sys_memory_swap_used_cache"":0,""fpm_listen_queue"":""0"",""fpm_listen_queue_length"":""128"",""fpm_total_processes"":""12"",""fpm_active_processes"":""11""}"
1471658798,"{""mysql_table_scans_pct"":0.3397209658122,""mysql_deadlocks"":""0"",""mysql_wait_locks"":""0"",""mysql_current_locks"":""6938"",""mysql_total_locks"":""22"",""mysql_lock_time_avg"":""8541"",""mysql_lock_time_max"":""22009"",""mysql_select_scans"":""13661"",""mysql_sort_scans"":""25279"",""mysql_join_scans"":""174"",""sys_load_avg"":11.89,""sys_memory_used"":2508.6640625,""sys_memory_used_buffers"":149.6328125,""sys_memory_used_cache"":891.1875,""sys_memory_swap_used"":0,""sys_memory_swap_used_cache"":0,""fpm_listen_queue"":""0"",""fpm_listen_queue_length"":""128"",""fpm_total_processes"":""12"",""fpm_active_processes"":""11""}"
1471658803,"{""mysql_table_scans_pct"":0.33866462644798,""mysql_deadlocks"":""0"",""mysql_wait_locks"":""0"",""mysql_current_locks"":""6981"",""mysql_total_locks"":""22"",""mysql_lock_time_avg"":""8541"",""mysql_lock_time_max"":""22009"",""mysql_select_scans"":""13926"",""mysql_sort_scans"":""25572"",""mysql_join_scans"":""183"",""sys_load_avg"":11.66,""sys_memory_used"":2506.9921875,""sys_memory_used_buffers"":150.109375,""sys_memory_used_cache"":893.7421875,""sys_memory_swap_used"":0,""sys_memory_swap_used_cache"":0,""fpm_listen_queue"":""0"",""fpm_listen_queue_length"":""128"",""fpm_total_processes"":""12"",""fpm_active_processes"":""11""}"
1471658808,"{""mysql_table_scans_pct"":0.33741981193738,""mysql_deadlocks"":""0"",""mysql_wait_locks"":""0"",""mysql_current_locks"":""7049"",""mysql_total_locks"":""22"",""mysql_lock_time_avg"":""8541"",""mysql_lock_time_max"":""22009"",""mysql_select_scans"":""14186"",""mysql_sort_scans"":""25882"",""mysql_join_scans"":""188"",""sys_load_avg"":11.85,""sys_memory_used"":2528.95703125,""sys_memory_used_buffers"":150.53125,""sys_memory_used_cache"":896.42578125,""sys_memory_swap_used"":0,""sys_memory_swap_used_cache"":0,""fpm_listen_queue"":""0"",""fpm_listen_queue_length"":""128"",""fpm_total_processes"":""12"",""fpm_active_processes"":""10""}"
1471658813,"{""mysql_table_scans_pct"":0.33618353020958,""mysql_deadlocks"":""0"",""mysql_wait_locks"":""0"",""mysql_current_locks"":""7135"",""mysql_total_locks"":""22"",""mysql_lock_time_avg"":""8541"",""mysql_lock_time_max"":""22009"",""mysql_select_scans"":""14431"",""mysql_sort_scans"":""26277"",""mysql_join_scans"":""192"",""sys_load_avg"":11.78,""sys_memory_used"":2522.42578125,""sys_memory_used_buffers"":150.984375,""sys_memory_used_cache"":899.6171875,""sys_memory_swap_used"":0,""sys_memory_swap_used_cache"":0,""fpm_listen_queue"":""0"",""fpm_listen_queue_length"":""128"",""fpm_total_processes"":""12"",""fpm_active_processes"":""7""}"
1471658818,"{""mysql_table_scans_pct"":0.33502070021475,""mysql_deadlocks"":""0"",""mysql_wait_locks"":""0"",""mysql_current_locks"":""7251"",""mysql_total_locks"":""22"",""mysql_lock_time_avg"":""8541"",""mysql_lock_time_max"":""22009"",""mysql_select_scans"":""14665"",""mysql_sort_scans"":""26586"",""mysql_join_scans"":""193"",""sys_load_avg"":11.16,""sys_memory_used"":2514.8046875,""sys_memory_used_buffers"":151.51953125,""sys_memory_used_cache"":902.7265625,""sys_memory_swap_used"":0,""sys_memory_swap_used_cache"":0,""fpm_listen_queue"":""1"",""fpm_listen_queue_length"":""128"",""fpm_total_processes"":""11"",""fpm_active_processes"":""11""}"
1471658823,"{""mysql_table_scans_pct"":0.33396290488486,""mysql_deadlocks"":""0"",""mysql_wait_locks"":""0"",""mysql_current_locks"":""7353"",""mysql_total_locks"":""22"",""mysql_lock_time_avg"":""8541"",""mysql_lock_time_max"":""22009"",""mysql_select_scans"":""14883"",""mysql_sort_scans"":""26838"",""mysql_join_scans"":""198"",""sys_load_avg"":11.3,""sys_memory_used"":2581.8515625,""sys_memory_used_buffers"":151.96484375,""sys_memory_used_cache"":904.70703125,""sys_memory_swap_used"":0,""sys_memory_swap_used_cache"":0,""fpm_listen_queue"":""0"",""fpm_listen_queue_length"":""128"",""fpm_total_processes"":""14"",""fpm_active_processes"":""9""}"
1471658828,"{""mysql_table_scans_pct"":0.33285819833759,""mysql_deadlocks"":""0"",""mysql_wait_locks"":""0"",""mysql_current_locks"":""7489"",""mysql_total_locks"":""22"",""mysql_lock_time_avg"":""8541"",""mysql_lock_time_max"":""22009"",""mysql_select_scans"":""15082"",""mysql_sort_scans"":""27108"",""mysql_join_scans"":""199"",""sys_load_avg"":11.36,""sys_memory_used"":2574.93359375,""sys_memory_used_buffers"":152.3828125,""sys_memory_used_cache"":907.5,""sys_memory_swap_used"":0,""sys_memory_swap_used_cache"":0,""fpm_listen_queue"":""1"",""fpm_listen_queue_length"":""128"",""fpm_total_processes"":""12"",""fpm_active_processes"":""12""}"
1471658833,"{""mysql_table_scans_pct"":0.33153509638342,""mysql_deadlocks"":""0"",""mysql_wait_locks"":""0"",""mysql_current_locks"":""7625"",""mysql_total_locks"":""22"",""mysql_lock_time_avg"":""8541"",""mysql_lock_time_max"":""22009"",""mysql_select_scans"":""15324"",""mysql_sort_scans"":""27460"",""mysql_join_scans"":""204"",""sys_load_avg"":11.49,""sys_memory_used"":2588.5625,""sys_memory_used_buffers"":152.90625,""sys_memory_used_cache"":909.79296875,""sys_memory_swap_used"":0,""sys_memory_swap_used_cache"":0,""fpm_listen_queue"":""0"",""fpm_listen_queue_length"":""128"",""fpm_total_processes"":""13"",""fpm_active_processes"":""9""}"
1471658839,"{""mysql_table_scans_pct"":0.33018507341276,""mysql_deadlocks"":""0"",""mysql_wait_locks"":""0"",""mysql_current_locks"":""7750"",""mysql_total_locks"":""22"",""mysql_lock_time_avg"":""8541"",""mysql_lock_time_max"":""22009"",""mysql_select_scans"":""15582"",""mysql_sort_scans"":""27834"",""mysql_join_scans"":""205"",""sys_load_avg"":11.53,""sys_memory_used"":2549.24609375,""sys_memory_used_buffers"":153.28515625,""sys_memory_used_cache"":913.09765625,""sys_memory_swap_used"":0,""sys_memory_swap_used_cache"":0,""fpm_listen_queue"":""3"",""fpm_listen_queue_length"":""128"",""fpm_total_processes"":""12"",""fpm_active_processes"":""12""}"
1471658844,"{""mysql_table_scans_pct"":0.32928578013552,""mysql_deadlocks"":""0"",""mysql_wait_locks"":""0"",""mysql_current_locks"":""7841"",""mysql_total_locks"":""22"",""mysql_lock_time_avg"":""8541"",""mysql_lock_time_max"":""22009"",""mysql_select_scans"":""15784"",""mysql_sort_scans"":""28073"",""mysql_join_scans"":""208"",""sys_load_avg"":11.41,""sys_memory_used"":2564.73046875,""sys_memory_used_buffers"":153.6328125,""sys_memory_used_cache"":915.7109375,""sys_memory_swap_used"":0,""sys_memory_swap_used_cache"":0,""fpm_listen_queue"":""6"",""fpm_listen_queue_length"":""128"",""fpm_total_processes"":""12"",""fpm_active_processes"":""12""}"
1471658849,"{""mysql_table_scans_pct"":0.32914044206772,""mysql_deadlocks"":""0"",""mysql_wait_locks"":""0"",""mysql_current_locks"":""2"",""mysql_total_locks"":""22"",""mysql_lock_time_avg"":""8541"",""mysql_lock_time_max"":""22009"",""mysql_select_scans"":""15981"",""mysql_sort_scans"":""28320"",""mysql_join_scans"":""210"",""sys_load_avg"":11.62,""sys_memory_used"":2628.046875,""sys_memory_used_buffers"":154.4921875,""sys_memory_used_cache"":917.57421875,""sys_memory_swap_used"":0,""sys_memory_swap_used_cache"":0,""fpm_listen_queue"":""2"",""fpm_listen_queue_length"":""128"",""fpm_total_processes"":""13"",""fpm_active_processes"":""13""}"
1471658854,"{""mysql_table_scans_pct"":0.32721466590622,""mysql_deadlocks"":""0"",""mysql_wait_locks"":""0"",""mysql_current_locks"":""923"",""mysql_total_locks"":""22"",""mysql_lock_time_avg"":""8541"",""mysql_lock_time_max"":""22009"",""mysql_select_scans"":""16112"",""mysql_sort_scans"":""28553"",""mysql_join_scans"":""216"",""sys_load_avg"":11.89,""sys_memory_used"":2634.19140625,""sys_memory_used_buffers"":156.0078125,""sys_memory_used_cache"":918.875,""sys_memory_swap_used"":0,""sys_memory_swap_used_cache"":0,""fpm_listen_queue"":""0"",""fpm_listen_queue_length"":""128"",""fpm_total_processes"":""14"",""fpm_active_processes"":""10""}"
1471658859,"{""mysql_table_scans_pct"":0.32435396898434,""mysql_deadlocks"":""0"",""mysql_wait_locks"":""0"",""mysql_current_locks"":""2257"",""mysql_total_locks"":""22"",""mysql_lock_time_avg"":""8541"",""mysql_lock_time_max"":""22009"",""mysql_select_scans"":""16303"",""mysql_sort_scans"":""28827"",""mysql_join_scans"":""223"",""sys_load_avg"":11.98,""sys_memory_used"":2637.21875,""sys_memory_used_buffers"":156.66796875,""sys_memory_used_cache"":921.28515625,""sys_memory_swap_used"":0,""sys_memory_swap_used_cache"":0,""fpm_listen_queue"":""0"",""fpm_listen_queue_length"":""128"",""fpm_total_processes"":""14"",""fpm_active_processes"":""12""}"
1471658864,"{""mysql_table_scans_pct"":0.32082501054581,""mysql_deadlocks"":""0"",""mysql_wait_locks"":""0"",""mysql_current_locks"":""1053"",""mysql_total_locks"":""22"",""mysql_lock_time_avg"":""8541"",""mysql_lock_time_max"":""22009"",""mysql_select_scans"":""16570"",""mysql_sort_scans"":""29226"",""mysql_join_scans"":""224"",""sys_load_avg"":11.02,""sys_memory_used"":2688.7890625,""sys_memory_used_buffers"":157.30859375,""sys_memory_used_cache"":924.98828125,""sys_memory_swap_used"":0,""sys_memory_swap_used_cache"":0,""fpm_listen_queue"":""0"",""fpm_listen_queue_length"":""128"",""fpm_total_processes"":""14"",""fpm_active_processes"":""12""}"
1471658869,"{""mysql_table_scans_pct"":0.31686434443568,""mysql_deadlocks"":""0"",""mysql_wait_locks"":""0"",""mysql_current_locks"":""1159"",""mysql_total_locks"":""22"",""mysql_lock_time_avg"":""8541"",""mysql_lock_time_max"":""22009"",""mysql_select_scans"":""16829"",""mysql_sort_scans"":""29591"",""mysql_join_scans"":""224"",""sys_load_avg"":11.42,""sys_memory_used"":2639.953125,""sys_memory_used_buffers"":158.28125,""sys_memory_used_cache"":932.80859375,""sys_memory_swap_used"":0,""sys_memory_swap_used_cache"":0,""fpm_listen_queue"":""0"",""fpm_listen_queue_length"":""128"",""fpm_total_processes"":""13"",""fpm_active_processes"":""12""}"
1471658875,"{""mysql_table_scans_pct"":0.31193226453681,""mysql_deadlocks"":""0"",""mysql_wait_locks"":""0"",""mysql_current_locks"":""0"",""mysql_total_locks"":""22"",""mysql_lock_time_avg"":""8541"",""mysql_lock_time_max"":""22009"",""mysql_select_scans"":""17071"",""mysql_sort_scans"":""29828"",""mysql_join_scans"":""226"",""sys_load_avg"":11.62,""sys_memory_used"":2577.6328125,""sys_memory_used_buffers"":158.76171875,""sys_memory_used_cache"":939.9375,""sys_memory_swap_used"":0,""sys_memory_swap_used_cache"":0,""fpm_listen_queue"":""0"",""fpm_listen_queue_length"":""128"",""fpm_total_processes"":""12"",""fpm_active_processes"":""12""}"
1471658880,"{""mysql_table_scans_pct"":0.29292526512957,""mysql_deadlocks"":""0"",""mysql_wait_locks"":""0"",""mysql_current_locks"":""0"",""mysql_total_locks"":""22"",""mysql_lock_time_avg"":""8541"",""mysql_lock_time_max"":""22009"",""mysql_select_scans"":""17193"",""mysql_sort_scans"":""30074"",""mysql_join_scans"":""231"",""sys_load_avg"":11.81,""sys_memory_used"":2560.84765625,""sys_memory_used_buffers"":159.0625,""sys_memory_used_cache"":941.55859375,""sys_memory_swap_used"":0,""sys_memory_swap_used_cache"":0,""fpm_listen_queue"":""0"",""fpm_listen_queue_length"":""128"",""fpm_total_processes"":""13"",""fpm_active_processes"":""12""}"
1471658885,"{""mysql_table_scans_pct"":0.27884271205637,""mysql_deadlocks"":""0"",""mysql_wait_locks"":""0"",""mysql_current_locks"":""1"",""mysql_total_locks"":""22"",""mysql_lock_time_avg"":""8541"",""mysql_lock_time_max"":""22009"",""mysql_select_scans"":""17287"",""mysql_sort_scans"":""30290"",""mysql_join_scans"":""233"",""sys_load_avg"":11.99,""sys_memory_used"":2629.42578125,""sys_memory_used_buffers"":159.296875,""sys_memory_used_cache"":943.51953125,""sys_memory_swap_used"":0,""sys_memory_swap_used_cache"":0,""fpm_listen_queue"":""0"",""fpm_listen_queue_length"":""128"",""fpm_total_processes"":""13"",""fpm_active_processes"":""10""}"
1471658890,"{""mysql_table_scans_pct"":0.2601647880861,""mysql_deadlocks"":""0"",""mysql_wait_locks"":""0"",""mysql_current_locks"":""0"",""mysql_total_locks"":""22"",""mysql_lock_time_avg"":""8541"",""mysql_lock_time_max"":""22009"",""mysql_select_scans"":""17410"",""mysql_sort_scans"":""30540"",""mysql_join_scans"":""235"",""sys_load_avg"":11.99,""sys_memory_used"":2614.0390625,""sys_memory_used_buffers"":159.74609375,""sys_memory_used_cache"":946.3984375,""sys_memory_swap_used"":0,""sys_memory_swap_used_cache"":0,""fpm_listen_queue"":""0"",""fpm_listen_queue_length"":""128"",""fpm_total_processes"":""14"",""fpm_active_processes"":""14""}"
1471658895,"{""mysql_table_scans_pct"":0.24710775356181,""mysql_deadlocks"":""0"",""mysql_wait_locks"":""0"",""mysql_current_locks"":""0"",""mysql_total_locks"":""22"",""mysql_lock_time_avg"":""8541"",""mysql_lock_time_max"":""22009"",""mysql_select_scans"":""17521"",""mysql_sort_scans"":""30751"",""mysql_join_scans"":""238"",""sys_load_avg"":11.83,""sys_memory_used"":2566.85546875,""sys_memory_used_buffers"":160.0703125,""sys_memory_used_cache"":948.21875,""sys_memory_swap_used"":0,""sys_memory_swap_used_cache"":0,""fpm_listen_queue"":""0"",""fpm_listen_queue_length"":""128"",""fpm_total_processes"":""12"",""fpm_active_processes"":""11""}"
1471658900,"{""mysql_table_scans_pct"":0.23293948848615,""mysql_deadlocks"":""0"",""mysql_wait_locks"":""0"",""mysql_current_locks"":""0"",""mysql_total_locks"":""22"",""mysql_lock_time_avg"":""8541"",""mysql_lock_time_max"":""22009"",""mysql_select_scans"":""17636"",""mysql_sort_scans"":""30980"",""mysql_join_scans"":""240"",""sys_load_avg"":11.52,""sys_memory_used"":2499.703125,""sys_memory_used_buffers"":160.36328125,""sys_memory_used_cache"":949.62890625,""sys_memory_swap_used"":0,""sys_memory_swap_used_cache"":0,""fpm_listen_queue"":""3"",""fpm_listen_queue_length"":""128"",""fpm_total_processes"":""9"",""fpm_active_processes"":""9""}"
1471658905,"{""mysql_table_scans_pct"":0.2180204541881,""mysql_deadlocks"":""0"",""mysql_wait_locks"":""0"",""mysql_current_locks"":""0"",""mysql_total_locks"":""22"",""mysql_lock_time_avg"":""8541"",""mysql_lock_time_max"":""22009"",""mysql_select_scans"":""17767"",""mysql_sort_scans"":""31190"",""mysql_join_scans"":""243"",""sys_load_avg"":11.64,""sys_memory_used"":2533.65625,""sys_memory_used_buffers"":160.8125,""sys_memory_used_cache"":951.90625,""sys_memory_swap_used"":0,""sys_memory_swap_used_cache"":0,""fpm_listen_queue"":""0"",""fpm_listen_queue_length"":""128"",""fpm_total_processes"":""11"",""fpm_active_processes"":""9""}"
1471658910,"{""mysql_table_scans_pct"":0.20745082533394,""mysql_deadlocks"":""0"",""mysql_wait_locks"":""0"",""mysql_current_locks"":""4"",""mysql_total_locks"":""22"",""mysql_lock_time_avg"":""8541"",""mysql_lock_time_max"":""22009"",""mysql_select_scans"":""17886"",""mysql_sort_scans"":""31466"",""mysql_join_scans"":""245"",""sys_load_avg"":11.27,""sys_memory_used"":2541.578125,""sys_memory_used_buffers"":161.12109375,""sys_memory_used_cache"":953.90625,""sys_memory_swap_used"":0,""sys_memory_swap_used_cache"":0,""fpm_listen_queue"":""0"",""fpm_listen_queue_length"":""128"",""fpm_total_processes"":""12"",""fpm_active_processes"":""10""}"
1471658915,"{""mysql_table_scans_pct"":0.19877222731995,""mysql_deadlocks"":""0"",""mysql_wait_locks"":""0"",""mysql_current_locks"":""0"",""mysql_total_locks"":""22"",""mysql_lock_time_avg"":""8541"",""mysql_lock_time_max"":""22009"",""mysql_select_scans"":""18005"",""mysql_sort_scans"":""31736"",""mysql_join_scans"":""245"",""sys_load_avg"":10.85,""sys_memory_used"":2520.921875,""sys_memory_used_buffers"":161.51953125,""sys_memory_used_cache"":956.37890625,""sys_memory_swap_used"":0,""sys_memory_swap_used_cache"":0,""fpm_listen_queue"":""0"",""fpm_listen_queue_length"":""128"",""fpm_total_processes"":""11"",""fpm_active_processes"":""10""}"
1471658921,"{""mysql_table_scans_pct"":0.19458971014066,""mysql_deadlocks"":""0"",""mysql_wait_locks"":""0"",""mysql_current_locks"":""0"",""mysql_total_locks"":""22"",""mysql_lock_time_avg"":""8541"",""mysql_lock_time_max"":""22009"",""mysql_select_scans"":""18101"",""mysql_sort_scans"":""32004"",""mysql_join_scans"":""248"",""sys_load_avg"":10.46,""sys_memory_used"":2482.98828125,""sys_memory_used_buffers"":161.89453125,""sys_memory_used_cache"":957.91796875,""sys_memory_swap_used"":0,""sys_memory_swap_used_cache"":0,""fpm_listen_queue"":""0"",""fpm_listen_queue_length"":""128"",""fpm_total_processes"":""10"",""fpm_active_processes"":""9""}"
1471658926,"{""mysql_table_scans_pct"":0.19460083176859,""mysql_deadlocks"":""0"",""mysql_wait_locks"":""0"",""mysql_current_locks"":""0"",""mysql_total_locks"":""22"",""mysql_lock_time_avg"":""8541"",""mysql_lock_time_max"":""22009"",""mysql_select_scans"":""18176"",""mysql_sort_scans"":""32240"",""mysql_join_scans"":""252"",""sys_load_avg"":10.34,""sys_memory_used"":2555.46484375,""sys_memory_used_buffers"":162.484375,""sys_memory_used_cache"":959.4921875,""sys_memory_swap_used"":0,""sys_memory_swap_used_cache"":0,""fpm_listen_queue"":""0"",""fpm_listen_queue_length"":""128"",""fpm_total_processes"":""11"",""fpm_active_processes"":""11""}"
1471658931,"{""mysql_table_scans_pct"":0.19461102398891,""mysql_deadlocks"":""0"",""mysql_wait_locks"":""0"",""mysql_current_locks"":""0"",""mysql_total_locks"":""22"",""mysql_lock_time_avg"":""8541"",""mysql_lock_time_max"":""22009"",""mysql_select_scans"":""18237"",""mysql_sort_scans"":""32475"",""mysql_join_scans"":""255"",""sys_load_avg"":10.6,""sys_memory_used"":2612.20703125,""sys_memory_used_buffers"":162.87109375,""sys_memory_used_cache"":961.30859375,""sys_memory_swap_used"":0,""sys_memory_swap_used_cache"":0,""fpm_listen_queue"":""1"",""fpm_listen_queue_length"":""128"",""fpm_total_processes"":""12"",""fpm_active_processes"":""12""}"
1471658936,"{""mysql_table_scans_pct"":0.19448299618703,""mysql_deadlocks"":""0"",""mysql_wait_locks"":""0"",""mysql_current_locks"":""256"",""mysql_total_locks"":""22"",""mysql_lock_time_avg"":""8541"",""mysql_lock_time_max"":""22009"",""mysql_select_scans"":""18316"",""mysql_sort_scans"":""32764"",""mysql_join_scans"":""259"",""sys_load_avg"":10.71,""sys_memory_used"":2646.4609375,""sys_memory_used_buffers"":163.484375,""sys_memory_used_cache"":963.77734375,""sys_memory_swap_used"":0,""sys_memory_swap_used_cache"":0,""fpm_listen_queue"":""0"",""fpm_listen_queue_length"":""128"",""fpm_total_processes"":""11"",""fpm_active_processes"":""11""}"
1471658942,"{""mysql_table_scans_pct"":0.19364814033676,""mysql_deadlocks"":""0"",""mysql_wait_locks"":""0"",""mysql_current_locks"":""1505"",""mysql_total_locks"":""22"",""mysql_lock_time_avg"":""8541"",""mysql_lock_time_max"":""22009"",""mysql_select_scans"":""18485"",""mysql_sort_scans"":""33059"",""mysql_join_scans"":""265"",""sys_load_avg"":10.49,""sys_memory_used"":2684.109375,""sys_memory_used_buffers"":164.61328125,""sys_memory_used_cache"":966.87890625,""sys_memory_swap_used"":0,""sys_memory_swap_used_cache"":0,""fpm_listen_queue"":""0"",""fpm_listen_queue_length"":""128"",""fpm_total_processes"":""13"",""fpm_active_processes"":""13""}"
1471658947,"{""mysql_table_scans_pct"":0.19567081052006,""mysql_deadlocks"":""0"",""mysql_wait_locks"":""0"",""mysql_current_locks"":""1509"",""mysql_total_locks"":""22"",""mysql_lock_time_avg"":""8541"",""mysql_lock_time_max"":""22009"",""mysql_select_scans"":""18608"",""mysql_sort_scans"":""33276"",""mysql_join_scans"":""268"",""sys_load_avg"":10.53,""sys_memory_used"":2674.16015625,""sys_memory_used_buffers"":166.234375,""sys_memory_used_cache"":969.72265625,""sys_memory_swap_used"":0,""sys_memory_swap_used_cache"":0,""fpm_listen_queue"":""0"",""fpm_listen_queue_length"":""128"",""fpm_total_processes"":""13"",""fpm_active_processes"":""12""}"
1471658952,"{""mysql_table_scans_pct"":0.19535391025663,""mysql_deadlocks"":""0"",""mysql_wait_locks"":""0"",""mysql_current_locks"":""1486"",""mysql_total_locks"":""22"",""mysql_lock_time_avg"":""8541"",""mysql_lock_time_max"":""22009"",""mysql_select_scans"":""18777"",""mysql_sort_scans"":""33615"",""mysql_join_scans"":""271"",""sys_load_avg"":10.65,""sys_memory_used"":2719.1015625,""sys_memory_used_buffers"":166.53515625,""sys_memory_used_cache"":973.921875,""sys_memory_swap_used"":0,""sys_memory_swap_used_cache"":0,""fpm_listen_queue"":""0"",""fpm_listen_queue_length"":""128"",""fpm_total_processes"":""13"",""fpm_active_processes"":""12""}"
1471658957,"{""mysql_table_scans_pct"":0.19802274879949,""mysql_deadlocks"":""0"",""mysql_wait_locks"":""0"",""mysql_current_locks"":""25"",""mysql_total_locks"":""22"",""mysql_lock_time_avg"":""8541"",""mysql_lock_time_max"":""22009"",""mysql_select_scans"":""18899"",""mysql_sort_scans"":""33900"",""mysql_join_scans"":""273"",""sys_load_avg"":10.6,""sys_memory_used"":2674.9921875,""sys_memory_used_buffers"":166.8125,""sys_memory_used_cache"":977.13671875,""sys_memory_swap_used"":0,""sys_memory_swap_used_cache"":0,""fpm_listen_queue"":""0"",""fpm_listen_queue_length"":""128"",""fpm_total_processes"":""12"",""fpm_active_processes"":""10""}"
1471658962,"{""mysql_table_scans_pct"":0.19642998449408,""mysql_deadlocks"":""0"",""mysql_wait_locks"":""0"",""mysql_current_locks"":""430"",""mysql_total_locks"":""22"",""mysql_lock_time_avg"":""8541"",""mysql_lock_time_max"":""22009"",""mysql_select_scans"":""19006"",""mysql_sort_scans"":""34179"",""mysql_join_scans"":""275"",""sys_load_avg"":10.71,""sys_memory_used"":2675.28125,""sys_memory_used_buffers"":167.15625,""sys_memory_used_cache"":979.51171875,""sys_memory_swap_used"":0,""sys_memory_swap_used_cache"":0,""fpm_listen_queue"":""0"",""fpm_listen_queue_length"":""128"",""fpm_total_processes"":""11"",""fpm_active_processes"":""11""}"
1471658967,"{""mysql_table_scans_pct"":0.19628329703687,""mysql_deadlocks"":""0"",""mysql_wait_locks"":""0"",""mysql_current_locks"":""49"",""mysql_total_locks"":""22"",""mysql_lock_time_avg"":""8541"",""mysql_lock_time_max"":""22009"",""mysql_select_scans"":""19128"",""mysql_sort_scans"":""34464"",""mysql_join_scans"":""281"",""sys_load_avg"":10.81,""sys_memory_used"":2665.5546875,""sys_memory_used_buffers"":167.39453125,""sys_memory_used_cache"":980.6953125,""sys_memory_swap_used"":0,""sys_memory_swap_used_cache"":0,""fpm_listen_queue"":""0"",""fpm_listen_queue_length"":""128"",""fpm_total_processes"":""12"",""fpm_active_processes"":""11""}"
1471658972,"{""mysql_table_scans_pct"":0.19665793327113,""mysql_deadlocks"":""0"",""mysql_wait_locks"":""0"",""mysql_current_locks"":""146"",""mysql_total_locks"":""22"",""mysql_lock_time_avg"":""8541"",""mysql_lock_time_max"":""22009"",""mysql_select_scans"":""19185"",""mysql_sort_scans"":""34676"",""mysql_join_scans"":""284"",""sys_load_avg"":11.07,""sys_memory_used"":2673.703125,""sys_memory_used_buffers"":167.59765625,""sys_memory_used_cache"":981.83984375,""sys_memory_swap_used"":0,""sys_memory_swap_used_cache"":0,""fpm_listen_queue"":""0"",""fpm_listen_queue_length"":""128"",""fpm_total_processes"":""11"",""fpm_active_processes"":""9""}"
1471658977,"{""mysql_table_scans_pct"":0.19702799200908,""mysql_deadlocks"":""0"",""mysql_wait_locks"":""0"",""mysql_current_locks"":""243"",""mysql_total_locks"":""22"",""mysql_lock_time_avg"":""8541"",""mysql_lock_time_max"":""22009"",""mysql_select_scans"":""19263"",""mysql_sort_scans"":""34982"",""mysql_join_scans"":""290"",""sys_load_avg"":11.14,""sys_memory_used"":2774.84765625,""sys_memory_used_buffers"":167.7890625,""sys_memory_used_cache"":984.921875,""sys_memory_swap_used"":0,""sys_memory_swap_used_cache"":0,""fpm_listen_queue"":""1"",""fpm_listen_queue_length"":""128"",""fpm_total_processes"":""13"",""fpm_active_processes"":""4""}"
1471658982,"{""mysql_table_scans_pct"":0.19743982203523,""mysql_deadlocks"":""0"",""mysql_wait_locks"":""0"",""mysql_current_locks"":""357"",""mysql_total_locks"":""22"",""mysql_lock_time_avg"":""8541"",""mysql_lock_time_max"":""22009"",""mysql_select_scans"":""19337"",""mysql_sort_scans"":""35270"",""mysql_join_scans"":""290"",""sys_load_avg"":11.05,""sys_memory_used"":2730.12109375,""sys_memory_used_buffers"":167.98046875,""sys_memory_used_cache"":986.4140625,""sys_memory_swap_used"":0,""sys_memory_swap_used_cache"":0,""fpm_listen_queue"":""0"",""fpm_listen_queue_length"":""128"",""fpm_total_processes"":""12"",""fpm_active_processes"":""12""}"
1471658988,"{""mysql_table_scans_pct"":0.19786088864094,""mysql_deadlocks"":""0"",""mysql_wait_locks"":""0"",""mysql_current_locks"":""464"",""mysql_total_locks"":""22"",""mysql_lock_time_avg"":""8541"",""mysql_lock_time_max"":""22009"",""mysql_select_scans"":""19417"",""mysql_sort_scans"":""35538"",""mysql_join_scans"":""297"",""sys_load_avg"":11.21,""sys_memory_used"":2714.76953125,""sys_memory_used_buffers"":168.2109375,""sys_memory_used_cache"":987.8671875,""sys_memory_swap_used"":0,""sys_memory_swap_used_cache"":0,""fpm_listen_queue"":""0"",""fpm_listen_queue_length"":""128"",""fpm_total_processes"":""11"",""fpm_active_processes"":""11""}"
1471658993,"{""mysql_table_scans_pct"":0.1983276650839,""mysql_deadlocks"":""0"",""mysql_wait_locks"":""0"",""mysql_current_locks"":""586"",""mysql_total_locks"":""22"",""mysql_lock_time_avg"":""8541"",""mysql_lock_time_max"":""22009"",""mysql_select_scans"":""19472"",""mysql_sort_scans"":""35724"",""mysql_join_scans"":""298"",""sys_load_avg"":11.27,""sys_memory_used"":2652.0859375,""sys_memory_used_buffers"":168.40625,""sys_memory_used_cache"":989.17578125,""sys_memory_swap_used"":0,""sys_memory_swap_used_cache"":0,""fpm_listen_queue"":""0"",""fpm_listen_queue_length"":""128"",""fpm_total_processes"":""11"",""fpm_active_processes"":""8""}"
1471658998,"{""mysql_table_scans_pct"":0.20112471233871,""mysql_deadlocks"":""0"",""mysql_wait_locks"":""0"",""mysql_current_locks"":""125"",""mysql_total_locks"":""22"",""mysql_lock_time_avg"":""8541"",""mysql_lock_time_max"":""22009"",""mysql_select_scans"":""19530"",""mysql_sort_scans"":""35969"",""mysql_join_scans"":""301"",""sys_load_avg"":11.17,""sys_memory_used"":2747.77734375,""sys_memory_used_buffers"":168.65625,""sys_memory_used_cache"":991.1328125,""sys_memory_swap_used"":0,""sys_memory_swap_used_cache"":0,""fpm_listen_queue"":""2"",""fpm_listen_queue_length"":""128"",""fpm_total_processes"":""10"",""fpm_active_processes"":""3""}"
1471659003,"{""mysql_table_scans_pct"":0.20103173524347,""mysql_deadlocks"":""0"",""mysql_wait_locks"":""1"",""mysql_current_locks"":""2198"",""mysql_total_locks"":""23"",""mysql_lock_time_avg"":""8169"",""mysql_lock_time_max"":""22009"",""mysql_select_scans"":""19639"",""mysql_sort_scans"":""36205"",""mysql_join_scans"":""304"",""sys_load_avg"":11.24,""sys_memory_used"":2771.11328125,""sys_memory_used_buffers"":168.9765625,""sys_memory_used_cache"":993.59375,""sys_memory_swap_used"":0,""sys_memory_swap_used_cache"":0,""fpm_listen_queue"":""4"",""fpm_listen_queue_length"":""128"",""fpm_total_processes"":""12"",""fpm_active_processes"":""12""}"
1471659008,"{""mysql_table_scans_pct"":0.19962603694084,""mysql_deadlocks"":""0"",""mysql_wait_locks"":""3"",""mysql_current_locks"":""2859"",""mysql_total_locks"":""25"",""mysql_lock_time_avg"":""7516"",""mysql_lock_time_max"":""22009"",""mysql_select_scans"":""19768"",""mysql_sort_scans"":""36411"",""mysql_join_scans"":""304"",""sys_load_avg"":11.3,""sys_memory_used"":2746.078125,""sys_memory_used_buffers"":169.23046875,""sys_memory_used_cache"":994.66015625,""sys_memory_swap_used"":0,""sys_memory_swap_used_cache"":0,""fpm_listen_queue"":""2"",""fpm_listen_queue_length"":""128"",""fpm_total_processes"":""12"",""fpm_active_processes"":""12""}"
1471659013,"{""mysql_table_scans_pct"":0.19692566798431,""mysql_deadlocks"":""0"",""mysql_wait_locks"":""7"",""mysql_current_locks"":""3885"",""mysql_total_locks"":""29"",""mysql_lock_time_avg"":""6479"",""mysql_lock_time_max"":""22009"",""mysql_select_scans"":""19939"",""mysql_sort_scans"":""36672"",""mysql_join_scans"":""304"",""sys_load_avg"":10.55,""sys_memory_used"":2813.05859375,""sys_memory_used_buffers"":169.40625,""sys_memory_used_cache"":996.2734375,""sys_memory_swap_used"":0,""sys_memory_swap_used_cache"":0,""fpm_listen_queue"":""0"",""fpm_listen_queue_length"":""128"",""fpm_total_processes"":""13"",""fpm_active_processes"":""12""}"
1471659018,"{""mysql_table_scans_pct"":0.19775971351529,""mysql_deadlocks"":""0"",""mysql_wait_locks"":""10"",""mysql_current_locks"":""5109"",""mysql_total_locks"":""32"",""mysql_lock_time_avg"":""5872"",""mysql_lock_time_max"":""22009"",""mysql_select_scans"":""20064"",""mysql_sort_scans"":""36876"",""mysql_join_scans"":""304"",""sys_load_avg"":9.87,""sys_memory_used"":2871.8515625,""sys_memory_used_buffers"":169.67578125,""sys_memory_used_cache"":997.31640625,""sys_memory_swap_used"":0,""sys_memory_swap_used_cache"":0,""fpm_listen_queue"":""1"",""fpm_listen_queue_length"":""128"",""fpm_total_processes"":""15"",""fpm_active_processes"":""13""}"
1471659024,"{""mysql_table_scans_pct"":0.19779329974443,""mysql_deadlocks"":""0"",""mysql_wait_locks"":""0"",""mysql_current_locks"":""881"",""mysql_total_locks"":""34"",""mysql_lock_time_avg"":""7879"",""mysql_lock_time_max"":""22009"",""mysql_select_scans"":""20227"",""mysql_sort_scans"":""37165"",""mysql_join_scans"":""319"",""sys_load_avg"":9.8,""sys_memory_used"":2777.37890625,""sys_memory_used_buffers"":169.9140625,""sys_memory_used_cache"":998.4140625,""sys_memory_swap_used"":0,""sys_memory_swap_used_cache"":0,""fpm_listen_queue"":""0"",""fpm_listen_queue_length"":""128"",""fpm_total_processes"":""13"",""fpm_active_processes"":""6""}"
1471659029,"{""mysql_table_scans_pct"":0.20151480936268,""mysql_deadlocks"":""0"",""mysql_wait_locks"":""2"",""mysql_current_locks"":""4340"",""mysql_total_locks"":""36"",""mysql_lock_time_avg"":""7442"",""mysql_lock_time_max"":""22009"",""mysql_select_scans"":""20387"",""mysql_sort_scans"":""37388"",""mysql_join_scans"":""319"",""sys_load_avg"":9.41,""sys_memory_used"":2750.546875,""sys_memory_used_buffers"":170.17578125,""sys_memory_used_cache"":1004.96875,""sys_memory_swap_used"":0,""sys_memory_swap_used_cache"":0,""fpm_listen_queue"":""0"",""fpm_listen_queue_length"":""128"",""fpm_total_processes"":""11"",""fpm_active_processes"":""11""}"
1471659034,"{""mysql_table_scans_pct"":0.20956129602859,""mysql_deadlocks"":""0"",""mysql_wait_locks"":""7"",""mysql_current_locks"":""13629"",""mysql_total_locks"":""41"",""mysql_lock_time_avg"":""6534"",""mysql_lock_time_max"":""22009"",""mysql_select_scans"":""20558"",""mysql_sort_scans"":""37645"",""mysql_join_scans"":""319"",""sys_load_avg"":9.3,""sys_memory_used"":2804.5,""sys_memory_used_buffers"":170.37109375,""sys_memory_used_cache"":1008.59375,""sys_memory_swap_used"":0,""sys_memory_swap_used_cache"":0,""fpm_listen_queue"":""0"",""fpm_listen_queue_length"":""128"",""fpm_total_processes"":""14"",""fpm_active_processes"":""13""}"
1471659039,"{""mysql_table_scans_pct"":0.21850734392858,""mysql_deadlocks"":""0"",""mysql_wait_locks"":""0"",""mysql_current_locks"":""92"",""mysql_total_locks"":""44"",""mysql_lock_time_avg"":""7496"",""mysql_lock_time_max"":""22009"",""mysql_select_scans"":""20701"",""mysql_sort_scans"":""37835"",""mysql_join_scans"":""333"",""sys_load_avg"":8.64,""sys_memory_used"":2872.171875,""sys_memory_used_buffers"":170.76953125,""sys_memory_used_cache"":1009.234375,""sys_memory_swap_used"":0,""sys_memory_swap_used_cache"":0,""fpm_listen_queue"":""0"",""fpm_listen_queue_length"":""128"",""fpm_total_processes"":""14"",""fpm_active_processes"":""8""}"
1471659044,"{""mysql_table_scans_pct"":0.21987757778207,""mysql_deadlocks"":""0"",""mysql_wait_locks"":""0"",""mysql_current_locks"":""11"",""mysql_total_locks"":""46"",""mysql_lock_time_avg"":""7276"",""mysql_lock_time_max"":""22009"",""mysql_select_scans"":""20765"",""mysql_sort_scans"":""38098"",""mysql_join_scans"":""336"",""sys_load_avg"":8.58,""sys_memory_used"":2817.7109375,""sys_memory_used_buffers"":171.11328125,""sys_memory_used_cache"":1010.87890625,""sys_memory_swap_used"":0,""sys_memory_swap_used_cache"":0,""fpm_listen_queue"":""1"",""fpm_listen_queue_length"":""128"",""fpm_total_processes"":""12"",""fpm_active_processes"":""9""}"
1471659049,"{""mysql_table_scans_pct"":0.22023936548454,""mysql_deadlocks"":""0"",""mysql_wait_locks"":""0"",""mysql_current_locks"":""85"",""mysql_total_locks"":""46"",""mysql_lock_time_avg"":""7276"",""mysql_lock_time_max"":""22009"",""mysql_select_scans"":""20829"",""mysql_sort_scans"":""38335"",""mysql_join_scans"":""337"",""sys_load_avg"":8.38,""sys_memory_used"":2795.83984375,""sys_memory_used_buffers"":171.4140625,""sys_memory_used_cache"":1012.296875,""sys_memory_swap_used"":0,""sys_memory_swap_used_cache"":0,""fpm_listen_queue"":""0"",""fpm_listen_queue_length"":""128"",""fpm_total_processes"":""12"",""fpm_active_processes"":""8""}"
1471659054,"{""mysql_table_scans_pct"":0.22060117313198,""mysql_deadlocks"":""0"",""mysql_wait_locks"":""0"",""mysql_current_locks"":""168"",""mysql_total_locks"":""46"",""mysql_lock_time_avg"":""7276"",""mysql_lock_time_max"":""22009"",""mysql_select_scans"":""20909"",""mysql_sort_scans"":""38616"",""mysql_join_scans"":""340"",""sys_load_avg"":8.75,""sys_memory_used"":2707.1171875,""sys_memory_used_buffers"":171.7109375,""sys_memory_used_cache"":1013.16015625,""sys_memory_swap_used"":0,""sys_memory_swap_used_cache"":0,""fpm_listen_queue"":""0"",""fpm_listen_queue_length"":""128"",""fpm_total_processes"":""11"",""fpm_active_processes"":""6""}"
1471659059,"{""mysql_table_scans_pct"":0.22096190548999,""mysql_deadlocks"":""0"",""mysql_wait_locks"":""0"",""mysql_current_locks"":""245"",""mysql_total_locks"":""46"",""mysql_lock_time_avg"":""7276"",""mysql_lock_time_max"":""22009"",""mysql_select_scans"":""20955"",""mysql_sort_scans"":""38772"",""mysql_join_scans"":""342"",""sys_load_avg"":8.85,""sys_memory_used"":2790.421875,""sys_memory_used_buffers"":171.94140625,""sys_memory_used_cache"":1015.03125,""sys_memory_swap_used"":0,""sys_memory_swap_used_cache"":0,""fpm_listen_queue"":""0"",""fpm_listen_queue_length"":""128"",""fpm_total_processes"":""13"",""fpm_active_processes"":""10""}"
1471659064,"{""mysql_table_scans_pct"":0.22126703837884,""mysql_deadlocks"":""0"",""mysql_wait_locks"":""0"",""mysql_current_locks"":""313"",""mysql_total_locks"":""46"",""mysql_lock_time_avg"":""7276"",""mysql_lock_time_max"":""22009"",""mysql_select_scans"":""21009"",""mysql_sort_scans"":""38901"",""mysql_join_scans"":""352"",""sys_load_avg"":9.18,""sys_memory_used"":2763.2890625,""sys_memory_used_buffers"":172.2734375,""sys_memory_used_cache"":1016.19921875,""sys_memory_swap_used"":0,""sys_memory_swap_used_cache"":0,""fpm_listen_queue"":""0"",""fpm_listen_queue_length"":""128"",""fpm_total_processes"":""12"",""fpm_active_processes"":""11""}"
1471659070,"{""mysql_table_scans_pct"":0.22160601729304,""mysql_deadlocks"":""0"",""mysql_wait_locks"":""0"",""mysql_current_locks"":""407"",""mysql_total_locks"":""46"",""mysql_lock_time_avg"":""7276"",""mysql_lock_time_max"":""22009"",""mysql_select_scans"":""21077"",""mysql_sort_scans"":""39139"",""mysql_join_scans"":""355"",""sys_load_avg"":9.17,""sys_memory_used"":2739.5859375,""sys_memory_used_buffers"":172.546875,""sys_memory_used_cache"":1017.60546875,""sys_memory_swap_used"":0,""sys_memory_swap_used_cache"":0,""fpm_listen_queue"":""0"",""fpm_listen_queue_length"":""128"",""fpm_total_processes"":""11"",""fpm_active_processes"":""11""}"
1471659075,"{""mysql_table_scans_pct"":0.22195324205556,""mysql_deadlocks"":""0"",""mysql_wait_locks"":""0"",""mysql_current_locks"":""532"",""mysql_total_locks"":""46"",""mysql_lock_time_avg"":""7276"",""mysql_lock_time_max"":""22009"",""mysql_select_scans"":""21162"",""mysql_sort_scans"":""39397"",""mysql_join_scans"":""358"",""sys_load_avg"":8.99,""sys_memory_used"":2739.015625,""sys_memory_used_buffers"":172.93359375,""sys_memory_used_cache"":1018.49609375,""sys_memory_swap_used"":0,""sys_memory_swap_used_cache"":0,""fpm_listen_queue"":""0"",""fpm_listen_queue_length"":""128"",""fpm_total_processes"":""11"",""fpm_active_processes"":""10""}"
1471659080,"{""mysql_table_scans_pct"":0.22238499221781,""mysql_deadlocks"":""0"",""mysql_wait_locks"":""0"",""mysql_current_locks"":""686"",""mysql_total_locks"":""46"",""mysql_lock_time_avg"":""7276"",""mysql_lock_time_max"":""22009"",""mysql_select_scans"":""21223"",""mysql_sort_scans"":""39625"",""mysql_join_scans"":""360"",""sys_load_avg"":8.51,""sys_memory_used"":2683.1640625,""sys_memory_used_buffers"":173.171875,""sys_memory_used_cache"":1019.41015625,""sys_memory_swap_used"":0,""sys_memory_swap_used_cache"":0,""fpm_listen_queue"":""0"",""fpm_listen_queue_length"":""128"",""fpm_total_processes"":""9"",""fpm_active_processes"":""9""}"
1471659085,"{""mysql_table_scans_pct"":0.22284843184001,""mysql_deadlocks"":""0"",""mysql_wait_locks"":""0"",""mysql_current_locks"":""842"",""mysql_total_locks"":""46"",""mysql_lock_time_avg"":""7276"",""mysql_lock_time_max"":""22009"",""mysql_select_scans"":""21273"",""mysql_sort_scans"":""39794"",""mysql_join_scans"":""362"",""sys_load_avg"":8.31,""sys_memory_used"":2654.7421875,""sys_memory_used_buffers"":173.40234375,""sys_memory_used_cache"":1020.3046875,""sys_memory_swap_used"":0,""sys_memory_swap_used_cache"":0,""fpm_listen_queue"":""0"",""fpm_listen_queue_length"":""128"",""fpm_total_processes"":""9"",""fpm_active_processes"":""5""}"
1471659090,"{""mysql_table_scans_pct"":0.2233389411305,""mysql_deadlocks"":""0"",""mysql_wait_locks"":""0"",""mysql_current_locks"":""1011"",""mysql_total_locks"":""46"",""mysql_lock_time_avg"":""7276"",""mysql_lock_time_max"":""22009"",""mysql_select_scans"":""21321"",""mysql_sort_scans"":""39962"",""mysql_join_scans"":""365"",""sys_load_avg"":7.65,""sys_memory_used"":2603.05078125,""sys_memory_used_buffers"":173.59375,""sys_memory_used_cache"":1021.71875,""sys_memory_swap_used"":0,""sys_memory_swap_used_cache"":0,""fpm_listen_queue"":""0"",""fpm_listen_queue_length"":""128"",""fpm_total_processes"":""7"",""fpm_active_processes"":""5""}"
1471659095,"{""mysql_table_scans_pct"":0.22386642997046,""mysql_deadlocks"":""0"",""mysql_wait_locks"":""0"",""mysql_current_locks"":""1185"",""mysql_total_locks"":""46"",""mysql_lock_time_avg"":""7276"",""mysql_lock_time_max"":""22009"",""mysql_select_scans"":""21360"",""mysql_sort_scans"":""40077"",""mysql_join_scans"":""365"",""sys_load_avg"":7.19,""sys_memory_used"":2567.19921875,""sys_memory_used_buffers"":173.8515625,""sys_memory_used_cache"":1022.31640625,""sys_memory_swap_used"":0,""sys_memory_swap_used_cache"":0,""fpm_listen_queue"":""0"",""fpm_listen_queue_length"":""128"",""fpm_total_processes"":""6"",""fpm_active_processes"":""5""}"
1471659100,"{""mysql_table_scans_pct"":0.22433967173168,""mysql_deadlocks"":""0"",""mysql_wait_locks"":""0"",""mysql_current_locks"":""1346"",""mysql_total_locks"":""46"",""mysql_lock_time_avg"":""7276"",""mysql_lock_time_max"":""22009"",""mysql_select_scans"":""21380"",""mysql_sort_scans"":""40122"",""mysql_join_scans"":""368"",""sys_load_avg"":7.02,""sys_memory_used"":2533.87890625,""sys_memory_used_buffers"":174.12890625,""sys_memory_used_cache"":1022.9375,""sys_memory_swap_used"":0,""sys_memory_swap_used_cache"":0,""fpm_listen_queue"":""0"",""fpm_listen_queue_length"":""128"",""fpm_total_processes"":""4"",""fpm_active_processes"":""1""}"
1471659105,"{""mysql_table_scans_pct"":0.22486726057923,""mysql_deadlocks"":""0"",""mysql_wait_locks"":""0"",""mysql_current_locks"":""1534"",""mysql_total_locks"":""46"",""mysql_lock_time_avg"":""7276"",""mysql_lock_time_max"":""22009"",""mysql_select_scans"":""21384"",""mysql_sort_scans"":""40128"",""mysql_join_scans"":""368"",""sys_load_avg"":6.62,""sys_memory_used"":2502.29296875,""sys_memory_used_buffers"":174.375,""sys_memory_used_cache"":1023.0390625,""sys_memory_swap_used"":0,""sys_memory_swap_used_cache"":0,""fpm_listen_queue"":""0"",""fpm_listen_queue_length"":""128"",""fpm_total_processes"":""3"",""fpm_active_processes"":""1""}"
1471659110,"{""mysql_table_scans_pct"":0.2251109045376,""mysql_deadlocks"":""0"",""mysql_wait_locks"":""0"",""mysql_current_locks"":""1609"",""mysql_total_locks"":""46"",""mysql_lock_time_avg"":""7276"",""mysql_lock_time_max"":""22009"",""mysql_select_scans"":""21386"",""mysql_sort_scans"":""40128"",""mysql_join_scans"":""368"",""sys_load_avg"":6.17,""sys_memory_used"":2426.265625,""sys_memory_used_buffers"":220.42578125,""sys_memory_used_cache"":965.18359375,""sys_memory_swap_used"":0,""sys_memory_swap_used_cache"":0,""fpm_listen_queue"":""0"",""fpm_listen_queue_length"":""128"",""fpm_total_processes"":""3"",""fpm_active_processes"":""1""}"
