1472555526,"{""mysql_table_scans_pct"":0.20864521479461,""mysql_deadlocks"":""0"",""mysql_wait_locks"":""0"",""mysql_current_locks"":""0"",""mysql_total_locks"":""0"",""mysql_lock_time_avg"":""0"",""mysql_lock_time_max"":""0"",""mysql_select_scans"":""1267"",""mysql_sort_scans"":""2804"",""mysql_join_scans"":""0"",""sys_load_avg"":1.86,""sys_memory_used"":1498.99609375,""sys_memory_used_buffers"":96.1953125,""sys_memory_used_cache"":315,""sys_memory_swap_used"":0,""sys_memory_swap_used_cache"":0,""fpm_listen_queue"":""0"",""fpm_listen_queue_length"":""128"",""fpm_total_processes"":""10"",""fpm_active_processes"":""8""}"
1472555531,"{""mysql_table_scans_pct"":0.20982194476795,""mysql_deadlocks"":""0"",""mysql_wait_locks"":""0"",""mysql_current_locks"":""0"",""mysql_total_locks"":""0"",""mysql_lock_time_avg"":""0"",""mysql_lock_time_max"":""0"",""mysql_select_scans"":""1929"",""mysql_sort_scans"":""4568"",""mysql_join_scans"":""0"",""sys_load_avg"":2.6,""sys_memory_used"":1677.7265625,""sys_memory_used_buffers"":100.0703125,""sys_memory_used_cache"":322.0234375,""sys_memory_swap_used"":0,""sys_memory_swap_used_cache"":0,""fpm_listen_queue"":""0"",""fpm_listen_queue_length"":""128"",""fpm_total_processes"":""14"",""fpm_active_processes"":""14""}"
1472555536,"{""mysql_table_scans_pct"":0.2108053605059,""mysql_deadlocks"":""0"",""mysql_wait_locks"":""0"",""mysql_current_locks"":""0"",""mysql_total_locks"":""0"",""mysql_lock_time_avg"":""0"",""mysql_lock_time_max"":""0"",""mysql_select_scans"":""2494"",""mysql_sort_scans"":""5873"",""mysql_join_scans"":""0"",""sys_load_avg"":3.75,""sys_memory_used"":1790.01171875,""sys_memory_used_buffers"":104.546875,""sys_memory_used_cache"":331.0078125,""sys_memory_swap_used"":0,""sys_memory_swap_used_cache"":0,""fpm_listen_queue"":""1"",""fpm_listen_queue_length"":""128"",""fpm_total_processes"":""15"",""fpm_active_processes"":""14""}"
1472555541,"{""mysql_table_scans_pct"":0.21188284545923,""mysql_deadlocks"":""0"",""mysql_wait_locks"":""0"",""mysql_current_locks"":""0"",""mysql_total_locks"":""0"",""mysql_lock_time_avg"":""0"",""mysql_lock_time_max"":""0"",""mysql_select_scans"":""2901"",""mysql_sort_scans"":""6784"",""mysql_join_scans"":""0"",""sys_load_avg"":4.65,""sys_memory_used"":1820.45703125,""sys_memory_used_buffers"":108.828125,""sys_memory_used_cache"":348.39453125,""sys_memory_swap_used"":0,""sys_memory_swap_used_cache"":0,""fpm_listen_queue"":""0"",""fpm_listen_queue_length"":""128"",""fpm_total_processes"":""17"",""fpm_active_processes"":""14""}"
1472555546,"{""mysql_table_scans_pct"":0.21230354945102,""mysql_deadlocks"":""0"",""mysql_wait_locks"":""0"",""mysql_current_locks"":""0"",""mysql_total_locks"":""0"",""mysql_lock_time_avg"":""0"",""mysql_lock_time_max"":""0"",""mysql_select_scans"":""3245"",""mysql_sort_scans"":""7681"",""mysql_join_scans"":""0"",""sys_load_avg"":5.48,""sys_memory_used"":1879.00390625,""sys_memory_used_buffers"":112.01171875,""sys_memory_used_cache"":366.32421875,""sys_memory_swap_used"":0,""sys_memory_swap_used_cache"":0,""fpm_listen_queue"":""0"",""fpm_listen_queue_length"":""128"",""fpm_total_processes"":""16"",""fpm_active_processes"":""15""}"
1472555552,"{""mysql_table_scans_pct"":0.21280173095724,""mysql_deadlocks"":""0"",""mysql_wait_locks"":""0"",""mysql_current_locks"":""0"",""mysql_total_locks"":""0"",""mysql_lock_time_avg"":""0"",""mysql_lock_time_max"":""0"",""mysql_select_scans"":""3532"",""mysql_sort_scans"":""8376"",""mysql_join_scans"":""0"",""sys_load_avg"":6.24,""sys_memory_used"":1884.62890625,""sys_memory_used_buffers"":113.7109375,""sys_memory_used_cache"":374.78515625,""sys_memory_swap_used"":0,""sys_memory_swap_used_cache"":0,""fpm_listen_queue"":""0"",""fpm_listen_queue_length"":""128"",""fpm_total_processes"":""15"",""fpm_active_processes"":""15""}"
1472555557,"{""mysql_table_scans_pct"":0.20976701317113,""mysql_deadlocks"":""0"",""mysql_wait_locks"":""0"",""mysql_current_locks"":""0"",""mysql_total_locks"":""0"",""mysql_lock_time_avg"":""0"",""mysql_lock_time_max"":""0"",""mysql_select_scans"":""3758"",""mysql_sort_scans"":""8972"",""mysql_join_scans"":""0"",""sys_load_avg"":6.78,""sys_memory_used"":1925.3828125,""sys_memory_used_buffers"":116.00390625,""sys_memory_used_cache"":386.671875,""sys_memory_swap_used"":0,""sys_memory_swap_used_cache"":0,""fpm_listen_queue"":""4"",""fpm_listen_queue_length"":""128"",""fpm_total_processes"":""15"",""fpm_active_processes"":""15""}"
1472555562,"{""mysql_table_scans_pct"":0.20989687412029,""mysql_deadlocks"":""0"",""mysql_wait_locks"":""0"",""mysql_current_locks"":""0"",""mysql_total_locks"":""0"",""mysql_lock_time_avg"":""0"",""mysql_lock_time_max"":""0"",""mysql_select_scans"":""3987"",""mysql_sort_scans"":""9572"",""mysql_join_scans"":""0"",""sys_load_avg"":7.28,""sys_memory_used"":1910.51171875,""sys_memory_used_buffers"":117.35546875,""sys_memory_used_cache"":397.10546875,""sys_memory_swap_used"":0,""sys_memory_swap_used_cache"":0,""fpm_listen_queue"":""0"",""fpm_listen_queue_length"":""128"",""fpm_total_processes"":""16"",""fpm_active_processes"":""12""}"
1472555567,"{""mysql_table_scans_pct"":0.21040725831648,""mysql_deadlocks"":""0"",""mysql_wait_locks"":""0"",""mysql_current_locks"":""1"",""mysql_total_locks"":""0"",""mysql_lock_time_avg"":""0"",""mysql_lock_time_max"":""0"",""mysql_select_scans"":""4203"",""mysql_sort_scans"":""10108"",""mysql_join_scans"":""0"",""sys_load_avg"":7.82,""sys_memory_used"":1902.953125,""sys_memory_used_buffers"":118.6640625,""sys_memory_used_cache"":405.78125,""sys_memory_swap_used"":0,""sys_memory_swap_used_cache"":0,""fpm_listen_queue"":""0"",""fpm_listen_queue_length"":""128"",""fpm_total_processes"":""14"",""fpm_active_processes"":""14""}"
1472555572,"{""mysql_table_scans_pct"":0.21032380604365,""mysql_deadlocks"":""0"",""mysql_wait_locks"":""0"",""mysql_current_locks"":""0"",""mysql_total_locks"":""0"",""mysql_lock_time_avg"":""0"",""mysql_lock_time_max"":""0"",""mysql_select_scans"":""4373"",""mysql_sort_scans"":""10544"",""mysql_join_scans"":""0"",""sys_load_avg"":8.47,""sys_memory_used"":1943.4609375,""sys_memory_used_buffers"":119.609375,""sys_memory_used_cache"":414.05859375,""sys_memory_swap_used"":0,""sys_memory_swap_used_cache"":0,""fpm_listen_queue"":""0"",""fpm_listen_queue_length"":""128"",""fpm_total_processes"":""14"",""fpm_active_processes"":""14""}"
1472555577,"{""mysql_table_scans_pct"":0.2105780717937,""mysql_deadlocks"":""0"",""mysql_wait_locks"":""0"",""mysql_current_locks"":""0"",""mysql_total_locks"":""0"",""mysql_lock_time_avg"":""0"",""mysql_lock_time_max"":""0"",""mysql_select_scans"":""4507"",""mysql_sort_scans"":""10933"",""mysql_join_scans"":""0"",""sys_load_avg"":8.6,""sys_memory_used"":1962.9296875,""sys_memory_used_buffers"":120.76171875,""sys_memory_used_cache"":424.20703125,""sys_memory_swap_used"":0,""sys_memory_swap_used_cache"":0,""fpm_listen_queue"":""0"",""fpm_listen_queue_length"":""128"",""fpm_total_processes"":""16"",""fpm_active_processes"":""13""}"
1472555582,"{""mysql_table_scans_pct"":0.21079846664752,""mysql_deadlocks"":""0"",""mysql_wait_locks"":""0"",""mysql_current_locks"":""4"",""mysql_total_locks"":""0"",""mysql_lock_time_avg"":""0"",""mysql_lock_time_max"":""0"",""mysql_select_scans"":""4711"",""mysql_sort_scans"":""11464"",""mysql_join_scans"":""0"",""sys_load_avg"":9.11,""sys_memory_used"":2091.921875,""sys_memory_used_buffers"":121.96875,""sys_memory_used_cache"":433.2109375,""sys_memory_swap_used"":0,""sys_memory_swap_used_cache"":0,""fpm_listen_queue"":""0"",""fpm_listen_queue_length"":""128"",""fpm_total_processes"":""17"",""fpm_active_processes"":""13""}"
1472555587,"{""mysql_table_scans_pct"":0.21096755311947,""mysql_deadlocks"":""0"",""mysql_wait_locks"":""0"",""mysql_current_locks"":""0"",""mysql_total_locks"":""0"",""mysql_lock_time_avg"":""0"",""mysql_lock_time_max"":""0"",""mysql_select_scans"":""4787"",""mysql_sort_scans"":""11708"",""mysql_join_scans"":""0"",""sys_load_avg"":9.5,""sys_memory_used"":2002.09765625,""sys_memory_used_buffers"":122.859375,""sys_memory_used_cache"":442.14453125,""sys_memory_swap_used"":0,""sys_memory_swap_used_cache"":0,""fpm_listen_queue"":""0"",""fpm_listen_queue_length"":""128"",""fpm_total_processes"":""16"",""fpm_active_processes"":""13""}"
1472555592,"{""mysql_table_scans_pct"":0.21117913821328,""mysql_deadlocks"":""0"",""mysql_wait_locks"":""0"",""mysql_current_locks"":""0"",""mysql_total_locks"":""0"",""mysql_lock_time_avg"":""0"",""mysql_lock_time_max"":""0"",""mysql_select_scans"":""4933"",""mysql_sort_scans"":""12098"",""mysql_join_scans"":""0"",""sys_load_avg"":9.62,""sys_memory_used"":2024.07421875,""sys_memory_used_buffers"":123.58203125,""sys_memory_used_cache"":450.90234375,""sys_memory_swap_used"":0,""sys_memory_swap_used_cache"":0,""fpm_listen_queue"":""0"",""fpm_listen_queue_length"":""128"",""fpm_total_processes"":""15"",""fpm_active_processes"":""13""}"
1472555597,"{""mysql_table_scans_pct"":0.21134229531053,""mysql_deadlocks"":""0"",""mysql_wait_locks"":""0"",""mysql_current_locks"":""0"",""mysql_total_locks"":""0"",""mysql_lock_time_avg"":""0"",""mysql_lock_time_max"":""0"",""mysql_select_scans"":""5020"",""mysql_sort_scans"":""12345"",""mysql_join_scans"":""0"",""sys_load_avg"":9.73,""sys_memory_used"":2011.1484375,""sys_memory_used_buffers"":124.0625,""sys_memory_used_cache"":457.65234375,""sys_memory_swap_used"":0,""sys_memory_swap_used_cache"":0,""fpm_listen_queue"":""0"",""fpm_listen_queue_length"":""128"",""fpm_total_processes"":""14"",""fpm_active_processes"":""10""}"
1472555603,"{""mysql_table_scans_pct"":0.21151664661697,""mysql_deadlocks"":""0"",""mysql_wait_locks"":""0"",""mysql_current_locks"":""0"",""mysql_total_locks"":""0"",""mysql_lock_time_avg"":""0"",""mysql_lock_time_max"":""0"",""mysql_select_scans"":""5100"",""mysql_sort_scans"":""12589"",""mysql_join_scans"":""0"",""sys_load_avg"":10.17,""sys_memory_used"":1998.16796875,""sys_memory_used_buffers"":124.41796875,""sys_memory_used_cache"":463.60546875,""sys_memory_swap_used"":0,""sys_memory_swap_used_cache"":0,""fpm_listen_queue"":""0"",""fpm_listen_queue_length"":""128"",""fpm_total_processes"":""13"",""fpm_active_processes"":""13""}"
1472555608,"{""mysql_table_scans_pct"":0.21181179224819,""mysql_deadlocks"":""0"",""mysql_wait_locks"":""0"",""mysql_current_locks"":""0"",""mysql_total_locks"":""0"",""mysql_lock_time_avg"":""0"",""mysql_lock_time_max"":""0"",""mysql_select_scans"":""5212"",""mysql_sort_scans"":""12973"",""mysql_join_scans"":""0"",""sys_load_avg"":10.24,""sys_memory_used"":2006.515625,""sys_memory_used_buffers"":125.02734375,""sys_memory_used_cache"":475.89453125,""sys_memory_swap_used"":0,""sys_memory_swap_used_cache"":0,""fpm_listen_queue"":""3"",""fpm_listen_queue_length"":""128"",""fpm_total_processes"":""12"",""fpm_active_processes"":""9""}"
1472555613,"{""mysql_table_scans_pct"":0.21199365774965,""mysql_deadlocks"":""0"",""mysql_wait_locks"":""0"",""mysql_current_locks"":""0"",""mysql_total_locks"":""0"",""mysql_lock_time_avg"":""0"",""mysql_lock_time_max"":""0"",""mysql_select_scans"":""5301"",""mysql_sort_scans"":""13212"",""mysql_join_scans"":""0"",""sys_load_avg"":10.3,""sys_memory_used"":1985.0234375,""sys_memory_used_buffers"":125.640625,""sys_memory_used_cache"":481.05078125,""sys_memory_swap_used"":0,""sys_memory_swap_used_cache"":0,""fpm_listen_queue"":""0"",""fpm_listen_queue_length"":""128"",""fpm_total_processes"":""13"",""fpm_active_processes"":""12""}"
1472555618,"{""mysql_table_scans_pct"":0.21218164111192,""mysql_deadlocks"":""0"",""mysql_wait_locks"":""0"",""mysql_current_locks"":""0"",""mysql_total_locks"":""0"",""mysql_lock_time_avg"":""0"",""mysql_lock_time_max"":""0"",""mysql_select_scans"":""5397"",""mysql_sort_scans"":""13550"",""mysql_join_scans"":""0"",""sys_load_avg"":10.52,""sys_memory_used"":2047.015625,""sys_memory_used_buffers"":126.16796875,""sys_memory_used_cache"":490.73828125,""sys_memory_swap_used"":0,""sys_memory_swap_used_cache"":0,""fpm_listen_queue"":""0"",""fpm_listen_queue_length"":""128"",""fpm_total_processes"":""13"",""fpm_active_processes"":""11""}"
1472555623,"{""mysql_table_scans_pct"":0.21228074159364,""mysql_deadlocks"":""0"",""mysql_wait_locks"":""0"",""mysql_current_locks"":""0"",""mysql_total_locks"":""0"",""mysql_lock_time_avg"":""0"",""mysql_lock_time_max"":""0"",""mysql_select_scans"":""5474"",""mysql_sort_scans"":""13774"",""mysql_join_scans"":""0"",""sys_load_avg"":9.91,""sys_memory_used"":2028.41796875,""sys_memory_used_buffers"":126.4921875,""sys_memory_used_cache"":497.96484375,""sys_memory_swap_used"":0,""sys_memory_swap_used_cache"":0,""fpm_listen_queue"":""1"",""fpm_listen_queue_length"":""128"",""fpm_total_processes"":""12"",""fpm_active_processes"":""12""}"
1472555628,"{""mysql_table_scans_pct"":0.21235069919643,""mysql_deadlocks"":""0"",""mysql_wait_locks"":""0"",""mysql_current_locks"":""0"",""mysql_total_locks"":""0"",""mysql_lock_time_avg"":""0"",""mysql_lock_time_max"":""0"",""mysql_select_scans"":""5549"",""mysql_sort_scans"":""13942"",""mysql_join_scans"":""0"",""sys_load_avg"":9.84,""sys_memory_used"":2030.046875,""sys_memory_used_buffers"":126.7578125,""sys_memory_used_cache"":501.6875,""sys_memory_swap_used"":0,""sys_memory_swap_used_cache"":0,""fpm_listen_queue"":""0"",""fpm_listen_queue_length"":""128"",""fpm_total_processes"":""13"",""fpm_active_processes"":""12""}"
1472555633,"{""mysql_table_scans_pct"":0.21245843871082,""mysql_deadlocks"":""0"",""mysql_wait_locks"":""0"",""mysql_current_locks"":""0"",""mysql_total_locks"":""0"",""mysql_lock_time_avg"":""0"",""mysql_lock_time_max"":""0"",""mysql_select_scans"":""5639"",""mysql_sort_scans"":""14149"",""mysql_join_scans"":""0"",""sys_load_avg"":9.85,""sys_memory_used"":2063.80078125,""sys_memory_used_buffers"":127.23046875,""sys_memory_used_cache"":505.81640625,""sys_memory_swap_used"":0,""sys_memory_swap_used_cache"":0,""fpm_listen_queue"":""0"",""fpm_listen_queue_length"":""128"",""fpm_total_processes"":""14"",""fpm_active_processes"":""13""}"
1472555638,"{""mysql_table_scans_pct"":0.21271220026061,""mysql_deadlocks"":""0"",""mysql_wait_locks"":""0"",""mysql_current_locks"":""0"",""mysql_total_locks"":""0"",""mysql_lock_time_avg"":""0"",""mysql_lock_time_max"":""0"",""mysql_select_scans"":""5744"",""mysql_sort_scans"":""14510"",""mysql_join_scans"":""0"",""sys_load_avg"":10.19,""sys_memory_used"":2158.359375,""sys_memory_used_buffers"":127.7109375,""sys_memory_used_cache"":515.0234375,""sys_memory_swap_used"":0,""sys_memory_swap_used_cache"":0,""fpm_listen_queue"":""0"",""fpm_listen_queue_length"":""128"",""fpm_total_processes"":""14"",""fpm_active_processes"":""14""}"
1472555643,"{""mysql_table_scans_pct"":0.21291195302253,""mysql_deadlocks"":""0"",""mysql_wait_locks"":""0"",""mysql_current_locks"":""0"",""mysql_total_locks"":""0"",""mysql_lock_time_avg"":""0"",""mysql_lock_time_max"":""0"",""mysql_select_scans"":""5823"",""mysql_sort_scans"":""14737"",""mysql_join_scans"":""0"",""sys_load_avg"":10.01,""sys_memory_used"":2151.171875,""sys_memory_used_buffers"":127.9453125,""sys_memory_used_cache"":519.8671875,""sys_memory_swap_used"":0,""sys_memory_swap_used_cache"":0,""fpm_listen_queue"":""0"",""fpm_listen_queue_length"":""128"",""fpm_total_processes"":""14"",""fpm_active_processes"":""14""}"
1472555649,"{""mysql_table_scans_pct"":0.21308747502007,""mysql_deadlocks"":""0"",""mysql_wait_locks"":""0"",""mysql_current_locks"":""2"",""mysql_total_locks"":""0"",""mysql_lock_time_avg"":""0"",""mysql_lock_time_max"":""0"",""mysql_select_scans"":""5914"",""mysql_sort_scans"":""15011"",""mysql_join_scans"":""0"",""sys_load_avg"":10.17,""sys_memory_used"":2125.55859375,""sys_memory_used_buffers"":128.13671875,""sys_memory_used_cache"":526.08203125,""sys_memory_swap_used"":0,""sys_memory_swap_used_cache"":0,""fpm_listen_queue"":""0"",""fpm_listen_queue_length"":""128"",""fpm_total_processes"":""15"",""fpm_active_processes"":""12""}"
1472555654,"{""mysql_table_scans_pct"":0.21319912217179,""mysql_deadlocks"":""0"",""mysql_wait_locks"":""0"",""mysql_current_locks"":""0"",""mysql_total_locks"":""0"",""mysql_lock_time_avg"":""0"",""mysql_lock_time_max"":""0"",""mysql_select_scans"":""5998"",""mysql_sort_scans"":""15279"",""mysql_join_scans"":""0"",""sys_load_avg"":10.16,""sys_memory_used"":2093.546875,""sys_memory_used_buffers"":128.51171875,""sys_memory_used_cache"":533.19921875,""sys_memory_swap_used"":0,""sys_memory_swap_used_cache"":0,""fpm_listen_queue"":""0"",""fpm_listen_queue_length"":""128"",""fpm_total_processes"":""13"",""fpm_active_processes"":""9""}"
1472555659,"{""mysql_table_scans_pct"":0.21338561179867,""mysql_deadlocks"":""0"",""mysql_wait_locks"":""0"",""mysql_current_locks"":""0"",""mysql_total_locks"":""0"",""mysql_lock_time_avg"":""0"",""mysql_lock_time_max"":""0"",""mysql_select_scans"":""6092"",""mysql_sort_scans"":""15587"",""mysql_join_scans"":""0"",""sys_load_avg"":10.38,""sys_memory_used"":2119.76171875,""sys_memory_used_buffers"":130.46875,""sys_memory_used_cache"":542.26953125,""sys_memory_swap_used"":0,""sys_memory_swap_used_cache"":0,""fpm_listen_queue"":""0"",""fpm_listen_queue_length"":""128"",""fpm_total_processes"":""13"",""fpm_active_processes"":""11""}"
1472555664,"{""mysql_table_scans_pct"":0.21358141098098,""mysql_deadlocks"":""0"",""mysql_wait_locks"":""0"",""mysql_current_locks"":""0"",""mysql_total_locks"":""0"",""mysql_lock_time_avg"":""0"",""mysql_lock_time_max"":""0"",""mysql_select_scans"":""6181"",""mysql_sort_scans"":""15874"",""mysql_join_scans"":""0"",""sys_load_avg"":10.35,""sys_memory_used"":2159.54296875,""sys_memory_used_buffers"":130.85546875,""sys_memory_used_cache"":548.1953125,""sys_memory_swap_used"":0,""sys_memory_swap_used_cache"":0,""fpm_listen_queue"":""0"",""fpm_listen_queue_length"":""128"",""fpm_total_processes"":""13"",""fpm_active_processes"":""9""}"
1472555669,"{""mysql_table_scans_pct"":0.21380657610007,""mysql_deadlocks"":""0"",""mysql_wait_locks"":""0"",""mysql_current_locks"":""0"",""mysql_total_locks"":""0"",""mysql_lock_time_avg"":""0"",""mysql_lock_time_max"":""0"",""mysql_select_scans"":""6273"",""mysql_sort_scans"":""16159"",""mysql_join_scans"":""0"",""sys_load_avg"":10.32,""sys_memory_used"":2166.3125,""sys_memory_used_buffers"":131.06640625,""sys_memory_used_cache"":553.45703125,""sys_memory_swap_used"":0,""sys_memory_swap_used_cache"":0,""fpm_listen_queue"":""1"",""fpm_listen_queue_length"":""128"",""fpm_total_processes"":""12"",""fpm_active_processes"":""9""}"
1472555674,"{""mysql_table_scans_pct"":0.21385168586682,""mysql_deadlocks"":""0"",""mysql_wait_locks"":""0"",""mysql_current_locks"":""0"",""mysql_total_locks"":""0"",""mysql_lock_time_avg"":""0"",""mysql_lock_time_max"":""0"",""mysql_select_scans"":""6365"",""mysql_sort_scans"":""16380"",""mysql_join_scans"":""0"",""sys_load_avg"":10.38,""sys_memory_used"":2153.59765625,""sys_memory_used_buffers"":131.265625,""sys_memory_used_cache"":556.3203125,""sys_memory_swap_used"":0,""sys_memory_swap_used_cache"":0,""fpm_listen_queue"":""0"",""fpm_listen_queue_length"":""128"",""fpm_total_processes"":""12"",""fpm_active_processes"":""12""}"
1472555679,"{""mysql_table_scans_pct"":0.21404766457864,""mysql_deadlocks"":""0"",""mysql_wait_locks"":""0"",""mysql_current_locks"":""0"",""mysql_total_locks"":""0"",""mysql_lock_time_avg"":""0"",""mysql_lock_time_max"":""0"",""mysql_select_scans"":""6458"",""mysql_sort_scans"":""16706"",""mysql_join_scans"":""0"",""sys_load_avg"":10.03,""sys_memory_used"":2143.8203125,""sys_memory_used_buffers"":131.64453125,""sys_memory_used_cache"":562.58984375,""sys_memory_swap_used"":0,""sys_memory_swap_used_cache"":0,""fpm_listen_queue"":""3"",""fpm_listen_queue_length"":""128"",""fpm_total_processes"":""11"",""fpm_active_processes"":""11""}"
1472555684,"{""mysql_table_scans_pct"":0.21429899853456,""mysql_deadlocks"":""0"",""mysql_wait_locks"":""0"",""mysql_current_locks"":""0"",""mysql_total_locks"":""0"",""mysql_lock_time_avg"":""0"",""mysql_lock_time_max"":""0"",""mysql_select_scans"":""6558"",""mysql_sort_scans"":""17054"",""mysql_join_scans"":""0"",""sys_load_avg"":10.03,""sys_memory_used"":2169.7890625,""sys_memory_used_buffers"":131.8671875,""sys_memory_used_cache"":570.765625,""sys_memory_swap_used"":0,""sys_memory_swap_used_cache"":0,""fpm_listen_queue"":""0"",""fpm_listen_queue_length"":""128"",""fpm_total_processes"":""12"",""fpm_active_processes"":""8""}"
1472555690,"{""mysql_table_scans_pct"":0.21444462179649,""mysql_deadlocks"":""0"",""mysql_wait_locks"":""0"",""mysql_current_locks"":""0"",""mysql_total_locks"":""0"",""mysql_lock_time_avg"":""0"",""mysql_lock_time_max"":""0"",""mysql_select_scans"":""6634"",""mysql_sort_scans"":""17319"",""mysql_join_scans"":""0"",""sys_load_avg"":10.1,""sys_memory_used"":2185.046875,""sys_memory_used_buffers"":132.06640625,""sys_memory_used_cache"":576.203125,""sys_memory_swap_used"":0,""sys_memory_swap_used_cache"":0,""fpm_listen_queue"":""3"",""fpm_listen_queue_length"":""128"",""fpm_total_processes"":""11"",""fpm_active_processes"":""11""}"
1472555695,"{""mysql_table_scans_pct"":0.21457853359504,""mysql_deadlocks"":""0"",""mysql_wait_locks"":""0"",""mysql_current_locks"":""0"",""mysql_total_locks"":""0"",""mysql_lock_time_avg"":""0"",""mysql_lock_time_max"":""0"",""mysql_select_scans"":""6715"",""mysql_sort_scans"":""17605"",""mysql_join_scans"":""0"",""sys_load_avg"":10.1,""sys_memory_used"":2185.27734375,""sys_memory_used_buffers"":132.2421875,""sys_memory_used_cache"":581.734375,""sys_memory_swap_used"":0,""sys_memory_swap_used_cache"":0,""fpm_listen_queue"":""0"",""fpm_listen_queue_length"":""128"",""fpm_total_processes"":""12"",""fpm_active_processes"":""12""}"
1472555700,"{""mysql_table_scans_pct"":0.21478189157682,""mysql_deadlocks"":""0"",""mysql_wait_locks"":""0"",""mysql_current_locks"":""0"",""mysql_total_locks"":""0"",""mysql_lock_time_avg"":""0"",""mysql_lock_time_max"":""0"",""mysql_select_scans"":""6800"",""mysql_sort_scans"":""17920"",""mysql_join_scans"":""0"",""sys_load_avg"":10.25,""sys_memory_used"":2224.9296875,""sys_memory_used_buffers"":132.43359375,""sys_memory_used_cache"":588.62109375,""sys_memory_swap_used"":0,""sys_memory_swap_used_cache"":0,""fpm_listen_queue"":""0"",""fpm_listen_queue_length"":""128"",""fpm_total_processes"":""12"",""fpm_active_processes"":""12""}"
1472555705,"{""mysql_table_scans_pct"":0.21486968284956,""mysql_deadlocks"":""0"",""mysql_wait_locks"":""0"",""mysql_current_locks"":""0"",""mysql_total_locks"":""0"",""mysql_lock_time_avg"":""0"",""mysql_lock_time_max"":""0"",""mysql_select_scans"":""6868"",""mysql_sort_scans"":""18116"",""mysql_join_scans"":""0"",""sys_load_avg"":10.55,""sys_memory_used"":2245.73046875,""sys_memory_used_buffers"":132.6015625,""sys_memory_used_cache"":593.375,""sys_memory_swap_used"":0,""sys_memory_swap_used_cache"":0,""fpm_listen_queue"":""0"",""fpm_listen_queue_length"":""128"",""fpm_total_processes"":""14"",""fpm_active_processes"":""10""}"
1472555710,"{""mysql_table_scans_pct"":0.21503624938552,""mysql_deadlocks"":""0"",""mysql_wait_locks"":""0"",""mysql_current_locks"":""0"",""mysql_total_locks"":""0"",""mysql_lock_time_avg"":""0"",""mysql_lock_time_max"":""0"",""mysql_select_scans"":""6955"",""mysql_sort_scans"":""18406"",""mysql_join_scans"":""0"",""sys_load_avg"":10.82,""sys_memory_used"":2235.4375,""sys_memory_used_buffers"":132.73046875,""sys_memory_used_cache"":599.61328125,""sys_memory_swap_used"":0,""sys_memory_swap_used_cache"":0,""fpm_listen_queue"":""0"",""fpm_listen_queue_length"":""128"",""fpm_total_processes"":""13"",""fpm_active_processes"":""12""}"
1472555715,"{""mysql_table_scans_pct"":0.2152470018356,""mysql_deadlocks"":""0"",""mysql_wait_locks"":""0"",""mysql_current_locks"":""0"",""mysql_total_locks"":""0"",""mysql_lock_time_avg"":""0"",""mysql_lock_time_max"":""0"",""mysql_select_scans"":""7059"",""mysql_sort_scans"":""18763"",""mysql_join_scans"":""0"",""sys_load_avg"":10.76,""sys_memory_used"":2257.71875,""sys_memory_used_buffers"":133.21875,""sys_memory_used_cache"":605.9296875,""sys_memory_swap_used"":0,""sys_memory_swap_used_cache"":0,""fpm_listen_queue"":""0"",""fpm_listen_queue_length"":""128"",""fpm_total_processes"":""12"",""fpm_active_processes"":""10""}"
1472555720,"{""mysql_table_scans_pct"":0.21532085402463,""mysql_deadlocks"":""0"",""mysql_wait_locks"":""0"",""mysql_current_locks"":""0"",""mysql_total_locks"":""0"",""mysql_lock_time_avg"":""0"",""mysql_lock_time_max"":""0"",""mysql_select_scans"":""7139"",""mysql_sort_scans"":""18972"",""mysql_join_scans"":""0"",""sys_load_avg"":10.22,""sys_memory_used"":2284.65234375,""sys_memory_used_buffers"":133.41015625,""sys_memory_used_cache"":609.9375,""sys_memory_swap_used"":0,""sys_memory_swap_used_cache"":0,""fpm_listen_queue"":""1"",""fpm_listen_queue_length"":""128"",""fpm_total_processes"":""12"",""fpm_active_processes"":""7""}"
1472555725,"{""mysql_table_scans_pct"":0.21546085427743,""mysql_deadlocks"":""0"",""mysql_wait_locks"":""0"",""mysql_current_locks"":""0"",""mysql_total_locks"":""0"",""mysql_lock_time_avg"":""0"",""mysql_lock_time_max"":""0"",""mysql_select_scans"":""7225"",""mysql_sort_scans"":""19236"",""mysql_join_scans"":""0"",""sys_load_avg"":10.28,""sys_memory_used"":2283.125,""sys_memory_used_buffers"":133.54296875,""sys_memory_used_cache"":614.86328125,""sys_memory_swap_used"":0,""sys_memory_swap_used_cache"":0,""fpm_listen_queue"":""0"",""fpm_listen_queue_length"":""128"",""fpm_total_processes"":""13"",""fpm_active_processes"":""7""}"
1472555730,"{""mysql_table_scans_pct"":0.21555510746892,""mysql_deadlocks"":""0"",""mysql_wait_locks"":""0"",""mysql_current_locks"":""0"",""mysql_total_locks"":""0"",""mysql_lock_time_avg"":""0"",""mysql_lock_time_max"":""0"",""mysql_select_scans"":""7312"",""mysql_sort_scans"":""19453"",""mysql_join_scans"":""0"",""sys_load_avg"":9.94,""sys_memory_used"":2247.28515625,""sys_memory_used_buffers"":133.71484375,""sys_memory_used_cache"":617.59765625,""sys_memory_swap_used"":0,""sys_memory_swap_used_cache"":0,""fpm_listen_queue"":""3"",""fpm_listen_queue_length"":""128"",""fpm_total_processes"":""11"",""fpm_active_processes"":""11""}"
1472555736,"{""mysql_table_scans_pct"":0.21572302771751,""mysql_deadlocks"":""0"",""mysql_wait_locks"":""0"",""mysql_current_locks"":""0"",""mysql_total_locks"":""0"",""mysql_lock_time_avg"":""0"",""mysql_lock_time_max"":""0"",""mysql_select_scans"":""7413"",""mysql_sort_scans"":""19732"",""mysql_join_scans"":""0"",""sys_load_avg"":9.3,""sys_memory_used"":2235.0234375,""sys_memory_used_buffers"":133.88671875,""sys_memory_used_cache"":622.3671875,""sys_memory_swap_used"":0,""sys_memory_swap_used_cache"":0,""fpm_listen_queue"":""0"",""fpm_listen_queue_length"":""128"",""fpm_total_processes"":""11"",""fpm_active_processes"":""10""}"
1472555741,"{""mysql_table_scans_pct"":0.21585702526055,""mysql_deadlocks"":""0"",""mysql_wait_locks"":""0"",""mysql_current_locks"":""0"",""mysql_total_locks"":""0"",""mysql_lock_time_avg"":""0"",""mysql_lock_time_max"":""0"",""mysql_select_scans"":""7502"",""mysql_sort_scans"":""19990"",""mysql_join_scans"":""0"",""sys_load_avg"":9.52,""sys_memory_used"":2248.50390625,""sys_memory_used_buffers"":134.05078125,""sys_memory_used_cache"":627.375,""sys_memory_swap_used"":0,""sys_memory_swap_used_cache"":0,""fpm_listen_queue"":""0"",""fpm_listen_queue_length"":""128"",""fpm_total_processes"":""12"",""fpm_active_processes"":""8""}"
1472555746,"{""mysql_table_scans_pct"":0.21602336566399,""mysql_deadlocks"":""0"",""mysql_wait_locks"":""0"",""mysql_current_locks"":""1"",""mysql_total_locks"":""0"",""mysql_lock_time_avg"":""0"",""mysql_lock_time_max"":""0"",""mysql_select_scans"":""7587"",""mysql_sort_scans"":""20267"",""mysql_join_scans"":""0"",""sys_load_avg"":9.56,""sys_memory_used"":2285.03125,""sys_memory_used_buffers"":134.34375,""sys_memory_used_cache"":631.5859375,""sys_memory_swap_used"":0,""sys_memory_swap_used_cache"":0,""fpm_listen_queue"":""1"",""fpm_listen_queue_length"":""128"",""fpm_total_processes"":""11"",""fpm_active_processes"":""11""}"
1472555751,"{""mysql_table_scans_pct"":0.21606248812437,""mysql_deadlocks"":""0"",""mysql_wait_locks"":""0"",""mysql_current_locks"":""0"",""mysql_total_locks"":""0"",""mysql_lock_time_avg"":""0"",""mysql_lock_time_max"":""0"",""mysql_select_scans"":""7675"",""mysql_sort_scans"":""20507"",""mysql_join_scans"":""0"",""sys_load_avg"":9.27,""sys_memory_used"":2348.8828125,""sys_memory_used_buffers"":134.4765625,""sys_memory_used_cache"":634.62109375,""sys_memory_swap_used"":0,""sys_memory_swap_used_cache"":0,""fpm_listen_queue"":""0"",""fpm_listen_queue_length"":""128"",""fpm_total_processes"":""13"",""fpm_active_processes"":""9""}"
1472555756,"{""mysql_table_scans_pct"":0.21618711755674,""mysql_deadlocks"":""0"",""mysql_wait_locks"":""0"",""mysql_current_locks"":""0"",""mysql_total_locks"":""0"",""mysql_lock_time_avg"":""0"",""mysql_lock_time_max"":""0"",""mysql_select_scans"":""7768"",""mysql_sort_scans"":""20783"",""mysql_join_scans"":""0"",""sys_load_avg"":9.49,""sys_memory_used"":2244.8125,""sys_memory_used_buffers"":134.69921875,""sys_memory_used_cache"":638.88671875,""sys_memory_swap_used"":0,""sys_memory_swap_used_cache"":0,""fpm_listen_queue"":""0"",""fpm_listen_queue_length"":""128"",""fpm_total_processes"":""10"",""fpm_active_processes"":""9""}"
1472555761,"{""mysql_table_scans_pct"":0.21631784798496,""mysql_deadlocks"":""0"",""mysql_wait_locks"":""0"",""mysql_current_locks"":""0"",""mysql_total_locks"":""0"",""mysql_lock_time_avg"":""0"",""mysql_lock_time_max"":""0"",""mysql_select_scans"":""7859"",""mysql_sort_scans"":""21054"",""mysql_join_scans"":""0"",""sys_load_avg"":9.69,""sys_memory_used"":2266.3125,""sys_memory_used_buffers"":134.86328125,""sys_memory_used_cache"":642,""sys_memory_swap_used"":0,""sys_memory_swap_used_cache"":0,""fpm_listen_queue"":""2"",""fpm_listen_queue_length"":""128"",""fpm_total_processes"":""10"",""fpm_active_processes"":""10""}"
1472555766,"{""mysql_table_scans_pct"":0.21643367061232,""mysql_deadlocks"":""0"",""mysql_wait_locks"":""0"",""mysql_current_locks"":""0"",""mysql_total_locks"":""0"",""mysql_lock_time_avg"":""0"",""mysql_lock_time_max"":""0"",""mysql_select_scans"":""7933"",""mysql_sort_scans"":""21267"",""mysql_join_scans"":""0"",""sys_load_avg"":9.64,""sys_memory_used"":2296.70703125,""sys_memory_used_buffers"":134.98828125,""sys_memory_used_cache"":644.5390625,""sys_memory_swap_used"":0,""sys_memory_swap_used_cache"":0,""fpm_listen_queue"":""6"",""fpm_listen_queue_length"":""128"",""fpm_total_processes"":""11"",""fpm_active_processes"":""11""}"
1472555771,"{""mysql_table_scans_pct"":0.21653719624637,""mysql_deadlocks"":""0"",""mysql_wait_locks"":""0"",""mysql_current_locks"":""0"",""mysql_total_locks"":""0"",""mysql_lock_time_avg"":""0"",""mysql_lock_time_max"":""0"",""mysql_select_scans"":""8019"",""mysql_sort_scans"":""21500"",""mysql_join_scans"":""0"",""sys_load_avg"":9.43,""sys_memory_used"":2244.81640625,""sys_memory_used_buffers"":135.25,""sys_memory_used_cache"":649.92578125,""sys_memory_swap_used"":0,""sys_memory_swap_used_cache"":0,""fpm_listen_queue"":""0"",""fpm_listen_queue_length"":""128"",""fpm_total_processes"":""11"",""fpm_active_processes"":""6""}"
1472555776,"{""mysql_table_scans_pct"":0.21674898568215,""mysql_deadlocks"":""0"",""mysql_wait_locks"":""0"",""mysql_current_locks"":""0"",""mysql_total_locks"":""0"",""mysql_lock_time_avg"":""0"",""mysql_lock_time_max"":""0"",""mysql_select_scans"":""8120"",""mysql_sort_scans"":""21825"",""mysql_join_scans"":""0"",""sys_load_avg"":9.39,""sys_memory_used"":2323.76953125,""sys_memory_used_buffers"":135.3671875,""sys_memory_used_cache"":653.05859375,""sys_memory_swap_used"":0,""sys_memory_swap_used_cache"":0,""fpm_listen_queue"":""1"",""fpm_listen_queue_length"":""128"",""fpm_total_processes"":""11"",""fpm_active_processes"":""11""}"
1472555782,"{""mysql_table_scans_pct"":0.21686856158691,""mysql_deadlocks"":""0"",""mysql_wait_locks"":""0"",""mysql_current_locks"":""0"",""mysql_total_locks"":""0"",""mysql_lock_time_avg"":""0"",""mysql_lock_time_max"":""0"",""mysql_select_scans"":""8216"",""mysql_sort_scans"":""22120"",""mysql_join_scans"":""0"",""sys_load_avg"":9.28,""sys_memory_used"":2334.57421875,""sys_memory_used_buffers"":135.48046875,""sys_memory_used_cache"":656.42578125,""sys_memory_swap_used"":0,""sys_memory_swap_used_cache"":0,""fpm_listen_queue"":""0"",""fpm_listen_queue_length"":""128"",""fpm_total_processes"":""11"",""fpm_active_processes"":""11""}"
1472555787,"{""mysql_table_scans_pct"":0.21694933009245,""mysql_deadlocks"":""0"",""mysql_wait_locks"":""0"",""mysql_current_locks"":""0"",""mysql_total_locks"":""0"",""mysql_lock_time_avg"":""0"",""mysql_lock_time_max"":""0"",""mysql_select_scans"":""8296"",""mysql_sort_scans"":""22327"",""mysql_join_scans"":""0"",""sys_load_avg"":9.26,""sys_memory_used"":2327.02734375,""sys_memory_used_buffers"":135.80078125,""sys_memory_used_cache"":661.45703125,""sys_memory_swap_used"":0,""sys_memory_swap_used_cache"":0,""fpm_listen_queue"":""0"",""fpm_listen_queue_length"":""128"",""fpm_total_processes"":""11"",""fpm_active_processes"":""8""}"
1472555792,"{""mysql_table_scans_pct"":0.21707607648111,""mysql_deadlocks"":""0"",""mysql_wait_locks"":""0"",""mysql_current_locks"":""0"",""mysql_total_locks"":""0"",""mysql_lock_time_avg"":""0"",""mysql_lock_time_max"":""0"",""mysql_select_scans"":""8381"",""mysql_sort_scans"":""22573"",""mysql_join_scans"":""0"",""sys_load_avg"":9.32,""sys_memory_used"":2364.4765625,""sys_memory_used_buffers"":135.9609375,""sys_memory_used_cache"":664.69921875,""sys_memory_swap_used"":0,""sys_memory_swap_used_cache"":0,""fpm_listen_queue"":""0"",""fpm_listen_queue_length"":""128"",""fpm_total_processes"":""11"",""fpm_active_processes"":""11""}"
1472555797,"{""mysql_table_scans_pct"":0.21712739805104,""mysql_deadlocks"":""0"",""mysql_wait_locks"":""0"",""mysql_current_locks"":""0"",""mysql_total_locks"":""0"",""mysql_lock_time_avg"":""0"",""mysql_lock_time_max"":""0"",""mysql_select_scans"":""8463"",""mysql_sort_scans"":""22788"",""mysql_join_scans"":""0"",""sys_load_avg"":9.13,""sys_memory_used"":2339.4140625,""sys_memory_used_buffers"":136.10546875,""sys_memory_used_cache"":667.7265625,""sys_memory_swap_used"":0,""sys_memory_swap_used_cache"":0,""fpm_listen_queue"":""2"",""fpm_listen_queue_length"":""128"",""fpm_total_processes"":""10"",""fpm_active_processes"":""10""}"
1472555802,"{""mysql_table_scans_pct"":0.21720755273316,""mysql_deadlocks"":""0"",""mysql_wait_locks"":""0"",""mysql_current_locks"":""0"",""mysql_total_locks"":""0"",""mysql_lock_time_avg"":""0"",""mysql_lock_time_max"":""0"",""mysql_select_scans"":""8547"",""mysql_sort_scans"":""22986"",""mysql_join_scans"":""0"",""sys_load_avg"":8.8,""sys_memory_used"":2310.15234375,""sys_memory_used_buffers"":136.19921875,""sys_memory_used_cache"":670.57421875,""sys_memory_swap_used"":0,""sys_memory_swap_used_cache"":0,""fpm_listen_queue"":""4"",""fpm_listen_queue_length"":""128"",""fpm_total_processes"":""10"",""fpm_active_processes"":""10""}"
1472555807,"{""mysql_table_scans_pct"":0.21721517670473,""mysql_deadlocks"":""0"",""mysql_wait_locks"":""0"",""mysql_current_locks"":""0"",""mysql_total_locks"":""0"",""mysql_lock_time_avg"":""0"",""mysql_lock_time_max"":""0"",""mysql_select_scans"":""8623"",""mysql_sort_scans"":""23187"",""mysql_join_scans"":""0"",""sys_load_avg"":8.9,""sys_memory_used"":2295.82421875,""sys_memory_used_buffers"":136.34765625,""sys_memory_used_cache"":673.84765625,""sys_memory_swap_used"":0,""sys_memory_swap_used_cache"":0,""fpm_listen_queue"":""0"",""fpm_listen_queue_length"":""128"",""fpm_total_processes"":""10"",""fpm_active_processes"":""10""}"
1472555812,"{""mysql_table_scans_pct"":0.21733357280111,""mysql_deadlocks"":""0"",""mysql_wait_locks"":""0"",""mysql_current_locks"":""0"",""mysql_total_locks"":""0"",""mysql_lock_time_avg"":""0"",""mysql_lock_time_max"":""0"",""mysql_select_scans"":""8702"",""mysql_sort_scans"":""23371"",""mysql_join_scans"":""0"",""sys_load_avg"":8.9,""sys_memory_used"":2336.796875,""sys_memory_used_buffers"":136.57421875,""sys_memory_used_cache"":676.12890625,""sys_memory_swap_used"":0,""sys_memory_swap_used_cache"":0,""fpm_listen_queue"":""0"",""fpm_listen_queue_length"":""128"",""fpm_total_processes"":""11"",""fpm_active_processes"":""7""}"
1472555818,"{""mysql_table_scans_pct"":0.21742395647421,""mysql_deadlocks"":""0"",""mysql_wait_locks"":""0"",""mysql_current_locks"":""0"",""mysql_total_locks"":""0"",""mysql_lock_time_avg"":""0"",""mysql_lock_time_max"":""0"",""mysql_select_scans"":""8779"",""mysql_sort_scans"":""23569"",""mysql_join_scans"":""0"",""sys_load_avg"":8.83,""sys_memory_used"":2339.5546875,""sys_memory_used_buffers"":136.66796875,""sys_memory_used_cache"":679.62890625,""sys_memory_swap_used"":0,""sys_memory_swap_used_cache"":0,""fpm_listen_queue"":""0"",""fpm_listen_queue_length"":""128"",""fpm_total_processes"":""10"",""fpm_active_processes"":""10""}"
1472555823,"{""mysql_table_scans_pct"":0.21751853828449,""mysql_deadlocks"":""0"",""mysql_wait_locks"":""0"",""mysql_current_locks"":""0"",""mysql_total_locks"":""0"",""mysql_lock_time_avg"":""0"",""mysql_lock_time_max"":""0"",""mysql_select_scans"":""8865"",""mysql_sort_scans"":""23822"",""mysql_join_scans"":""0"",""sys_load_avg"":9.33,""sys_memory_used"":2420.03515625,""sys_memory_used_buffers"":136.8125,""sys_memory_used_cache"":682.8359375,""sys_memory_swap_used"":0,""sys_memory_swap_used_cache"":0,""fpm_listen_queue"":""0"",""fpm_listen_queue_length"":""128"",""fpm_total_processes"":""12"",""fpm_active_processes"":""10""}"
1472555828,"{""mysql_table_scans_pct"":0.21765045812854,""mysql_deadlocks"":""0"",""mysql_wait_locks"":""0"",""mysql_current_locks"":""0"",""mysql_total_locks"":""0"",""mysql_lock_time_avg"":""0"",""mysql_lock_time_max"":""0"",""mysql_select_scans"":""8956"",""mysql_sort_scans"":""24089"",""mysql_join_scans"":""0"",""sys_load_avg"":9.3,""sys_memory_used"":2420.5859375,""sys_memory_used_buffers"":136.93359375,""sys_memory_used_cache"":686.77734375,""sys_memory_swap_used"":0,""sys_memory_swap_used_cache"":0,""fpm_listen_queue"":""0"",""fpm_listen_queue_length"":""128"",""fpm_total_processes"":""12"",""fpm_active_processes"":""4""}"
1472555833,"{""mysql_table_scans_pct"":0.21772887331125,""mysql_deadlocks"":""0"",""mysql_wait_locks"":""0"",""mysql_current_locks"":""0"",""mysql_total_locks"":""0"",""mysql_lock_time_avg"":""0"",""mysql_lock_time_max"":""0"",""mysql_select_scans"":""9030"",""mysql_sort_scans"":""24262"",""mysql_join_scans"":""0"",""sys_load_avg"":8.8,""sys_memory_used"":2347.75,""sys_memory_used_buffers"":137.0625,""sys_memory_used_cache"":690.28515625,""sys_memory_swap_used"":0,""sys_memory_swap_used_cache"":0,""fpm_listen_queue"":""0"",""fpm_listen_queue_length"":""128"",""fpm_total_processes"":""10"",""fpm_active_processes"":""6""}"
1472555838,"{""mysql_table_scans_pct"":0.21782740817886,""mysql_deadlocks"":""0"",""mysql_wait_locks"":""0"",""mysql_current_locks"":""0"",""mysql_total_locks"":""0"",""mysql_lock_time_avg"":""0"",""mysql_lock_time_max"":""0"",""mysql_select_scans"":""9114"",""mysql_sort_scans"":""24474"",""mysql_join_scans"":""0"",""sys_load_avg"":8.81,""sys_memory_used"":2323.546875,""sys_memory_used_buffers"":137.21484375,""sys_memory_used_cache"":693.05078125,""sys_memory_swap_used"":0,""sys_memory_swap_used_cache"":0,""fpm_listen_queue"":""0"",""fpm_listen_queue_length"":""128"",""fpm_total_processes"":""10"",""fpm_active_processes"":""9""}"
1472555843,"{""mysql_table_scans_pct"":0.21798034569899,""mysql_deadlocks"":""0"",""mysql_wait_locks"":""0"",""mysql_current_locks"":""0"",""mysql_total_locks"":""0"",""mysql_lock_time_avg"":""0"",""mysql_lock_time_max"":""0"",""mysql_select_scans"":""9221"",""mysql_sort_scans"":""24728"",""mysql_join_scans"":""0"",""sys_load_avg"":8.43,""sys_memory_used"":2363.05078125,""sys_memory_used_buffers"":137.44140625,""sys_memory_used_cache"":696.96484375,""sys_memory_swap_used"":0,""sys_memory_swap_used_cache"":0,""fpm_listen_queue"":""5"",""fpm_listen_queue_length"":""128"",""fpm_total_processes"":""10"",""fpm_active_processes"":""10""}"
1472555848,"{""mysql_table_scans_pct"":0.21806554222929,""mysql_deadlocks"":""0"",""mysql_wait_locks"":""0"",""mysql_current_locks"":""0"",""mysql_total_locks"":""0"",""mysql_lock_time_avg"":""0"",""mysql_lock_time_max"":""0"",""mysql_select_scans"":""9309"",""mysql_sort_scans"":""24932"",""mysql_join_scans"":""0"",""sys_load_avg"":8.71,""sys_memory_used"":2405.4375,""sys_memory_used_buffers"":137.5546875,""sys_memory_used_cache"":699.3046875,""sys_memory_swap_used"":0,""sys_memory_swap_used_cache"":0,""fpm_listen_queue"":""0"",""fpm_listen_queue_length"":""128"",""fpm_total_processes"":""11"",""fpm_active_processes"":""9""}"
1472555854,"{""mysql_table_scans_pct"":0.21815963579334,""mysql_deadlocks"":""0"",""mysql_wait_locks"":""0"",""mysql_current_locks"":""0"",""mysql_total_locks"":""0"",""mysql_lock_time_avg"":""0"",""mysql_lock_time_max"":""0"",""mysql_select_scans"":""9387"",""mysql_sort_scans"":""25154"",""mysql_join_scans"":""0"",""sys_load_avg"":8.34,""sys_memory_used"":2341.77734375,""sys_memory_used_buffers"":137.671875,""sys_memory_used_cache"":701.1015625,""sys_memory_swap_used"":0,""sys_memory_swap_used_cache"":0,""fpm_listen_queue"":""0"",""fpm_listen_queue_length"":""128"",""fpm_total_processes"":""9"",""fpm_active_processes"":""9""}"
1472555859,"{""mysql_table_scans_pct"":0.21826556403213,""mysql_deadlocks"":""0"",""mysql_wait_locks"":""0"",""mysql_current_locks"":""0"",""mysql_total_locks"":""0"",""mysql_lock_time_avg"":""0"",""mysql_lock_time_max"":""0"",""mysql_select_scans"":""9465"",""mysql_sort_scans"":""25368"",""mysql_join_scans"":""0"",""sys_load_avg"":8.31,""sys_memory_used"":2296.62890625,""sys_memory_used_buffers"":137.79296875,""sys_memory_used_cache"":704.2421875,""sys_memory_swap_used"":0,""sys_memory_swap_used_cache"":0,""fpm_listen_queue"":""0"",""fpm_listen_queue_length"":""128"",""fpm_total_processes"":""9"",""fpm_active_processes"":""7""}"
1472555864,"{""mysql_table_scans_pct"":0.21840801052311,""mysql_deadlocks"":""0"",""mysql_wait_locks"":""0"",""mysql_current_locks"":""0"",""mysql_total_locks"":""0"",""mysql_lock_time_avg"":""0"",""mysql_lock_time_max"":""0"",""mysql_select_scans"":""9563"",""mysql_sort_scans"":""25659"",""mysql_join_scans"":""0"",""sys_load_avg"":8.6,""sys_memory_used"":2335.96484375,""sys_memory_used_buffers"":137.9140625,""sys_memory_used_cache"":707.11328125,""sys_memory_swap_used"":0,""sys_memory_swap_used_cache"":0,""fpm_listen_queue"":""0"",""fpm_listen_queue_length"":""128"",""fpm_total_processes"":""10"",""fpm_active_processes"":""7""}"
1472555869,"{""mysql_table_scans_pct"":0.21850044606688,""mysql_deadlocks"":""0"",""mysql_wait_locks"":""0"",""mysql_current_locks"":""0"",""mysql_total_locks"":""0"",""mysql_lock_time_avg"":""0"",""mysql_lock_time_max"":""0"",""mysql_select_scans"":""9654"",""mysql_sort_scans"":""25903"",""mysql_join_scans"":""0"",""sys_load_avg"":8.72,""sys_memory_used"":2391.58203125,""sys_memory_used_buffers"":138.04296875,""sys_memory_used_cache"":709.296875,""sys_memory_swap_used"":0,""sys_memory_swap_used_cache"":0,""fpm_listen_queue"":""0"",""fpm_listen_queue_length"":""128"",""fpm_total_processes"":""10"",""fpm_active_processes"":""8""}"
1472555874,"{""mysql_table_scans_pct"":0.21860633949836,""mysql_deadlocks"":""0"",""mysql_wait_locks"":""0"",""mysql_current_locks"":""0"",""mysql_total_locks"":""0"",""mysql_lock_time_avg"":""0"",""mysql_lock_time_max"":""0"",""mysql_select_scans"":""9727"",""mysql_sort_scans"":""26079"",""mysql_join_scans"":""0"",""sys_load_avg"":8.9,""sys_memory_used"":2432.0390625,""sys_memory_used_buffers"":138.421875,""sys_memory_used_cache"":711.734375,""sys_memory_swap_used"":0,""sys_memory_swap_used_cache"":0,""fpm_listen_queue"":""0"",""fpm_listen_queue_length"":""128"",""fpm_total_processes"":""11"",""fpm_active_processes"":""9""}"
1472555879,"{""mysql_table_scans_pct"":0.21872870299955,""mysql_deadlocks"":""0"",""mysql_wait_locks"":""0"",""mysql_current_locks"":""0"",""mysql_total_locks"":""0"",""mysql_lock_time_avg"":""0"",""mysql_lock_time_max"":""0"",""mysql_select_scans"":""9803"",""mysql_sort_scans"":""26284"",""mysql_join_scans"":""0"",""sys_load_avg"":8.75,""sys_memory_used"":2368.76953125,""sys_memory_used_buffers"":138.5078125,""sys_memory_used_cache"":713.93359375,""sys_memory_swap_used"":0,""sys_memory_swap_used_cache"":0,""fpm_listen_queue"":""0"",""fpm_listen_queue_length"":""128"",""fpm_total_processes"":""9"",""fpm_active_processes"":""9""}"
1472555884,"{""mysql_table_scans_pct"":0.21884856803016,""mysql_deadlocks"":""0"",""mysql_wait_locks"":""0"",""mysql_current_locks"":""0"",""mysql_total_locks"":""0"",""mysql_lock_time_avg"":""0"",""mysql_lock_time_max"":""0"",""mysql_select_scans"":""9871"",""mysql_sort_scans"":""26506"",""mysql_join_scans"":""0"",""sys_load_avg"":8.77,""sys_memory_used"":2395.02734375,""sys_memory_used_buffers"":138.6015625,""sys_memory_used_cache"":716.8671875,""sys_memory_swap_used"":0,""sys_memory_swap_used_cache"":0,""fpm_listen_queue"":""4"",""fpm_listen_queue_length"":""128"",""fpm_total_processes"":""9"",""fpm_active_processes"":""8""}"
1472555889,"{""mysql_table_scans_pct"":0.21890663533582,""mysql_deadlocks"":""0"",""mysql_wait_locks"":""0"",""mysql_current_locks"":""0"",""mysql_total_locks"":""0"",""mysql_lock_time_avg"":""0"",""mysql_lock_time_max"":""0"",""mysql_select_scans"":""9950"",""mysql_sort_scans"":""26734"",""mysql_join_scans"":""0"",""sys_load_avg"":8.71,""sys_memory_used"":2405.0546875,""sys_memory_used_buffers"":138.73046875,""sys_memory_used_cache"":719.62109375,""sys_memory_swap_used"":0,""sys_memory_swap_used_cache"":0,""fpm_listen_queue"":""0"",""fpm_listen_queue_length"":""128"",""fpm_total_processes"":""11"",""fpm_active_processes"":""10""}"
1472555894,"{""mysql_table_scans_pct"":0.21892636003474,""mysql_deadlocks"":""0"",""mysql_wait_locks"":""0"",""mysql_current_locks"":""0"",""mysql_total_locks"":""0"",""mysql_lock_time_avg"":""0"",""mysql_lock_time_max"":""0"",""mysql_select_scans"":""10020"",""mysql_sort_scans"":""26923"",""mysql_join_scans"":""0"",""sys_load_avg"":8.65,""sys_memory_used"":2351.47265625,""sys_memory_used_buffers"":138.84375,""sys_memory_used_cache"":722.703125,""sys_memory_swap_used"":0,""sys_memory_swap_used_cache"":0,""fpm_listen_queue"":""0"",""fpm_listen_queue_length"":""128"",""fpm_total_processes"":""9"",""fpm_active_processes"":""8""}"
1472555899,"{""mysql_table_scans_pct"":0.21900898741516,""mysql_deadlocks"":""0"",""mysql_wait_locks"":""0"",""mysql_current_locks"":""0"",""mysql_total_locks"":""0"",""mysql_lock_time_avg"":""0"",""mysql_lock_time_max"":""0"",""mysql_select_scans"":""10101"",""mysql_sort_scans"":""27119"",""mysql_join_scans"":""0"",""sys_load_avg"":8.12,""sys_memory_used"":2447.1015625,""sys_memory_used_buffers"":138.9375,""sys_memory_used_cache"":724.4140625,""sys_memory_swap_used"":0,""sys_memory_swap_used_cache"":0,""fpm_listen_queue"":""0"",""fpm_listen_queue_length"":""128"",""fpm_total_processes"":""10"",""fpm_active_processes"":""10""}"
1472555904,"{""mysql_table_scans_pct"":0.21902354863292,""mysql_deadlocks"":""0"",""mysql_wait_locks"":""0"",""mysql_current_locks"":""0"",""mysql_total_locks"":""0"",""mysql_lock_time_avg"":""0"",""mysql_lock_time_max"":""0"",""mysql_select_scans"":""10173"",""mysql_sort_scans"":""27288"",""mysql_join_scans"":""0"",""sys_load_avg"":7.55,""sys_memory_used"":2419.37109375,""sys_memory_used_buffers"":139.03515625,""sys_memory_used_cache"":726.640625,""sys_memory_swap_used"":0,""sys_memory_swap_used_cache"":0,""fpm_listen_queue"":""0"",""fpm_listen_queue_length"":""128"",""fpm_total_processes"":""10"",""fpm_active_processes"":""10""}"
1472555909,"{""mysql_table_scans_pct"":0.21913354570657,""mysql_deadlocks"":""0"",""mysql_wait_locks"":""0"",""mysql_current_locks"":""0"",""mysql_total_locks"":""0"",""mysql_lock_time_avg"":""0"",""mysql_lock_time_max"":""0"",""mysql_select_scans"":""10257"",""mysql_sort_scans"":""27488"",""mysql_join_scans"":""0"",""sys_load_avg"":7.5,""sys_memory_used"":2499.85546875,""sys_memory_used_buffers"":139.26953125,""sys_memory_used_cache"":729.1015625,""sys_memory_swap_used"":0,""sys_memory_swap_used_cache"":0,""fpm_listen_queue"":""0"",""fpm_listen_queue_length"":""128"",""fpm_total_processes"":""12"",""fpm_active_processes"":""11""}"
1472555915,"{""mysql_table_scans_pct"":0.21927772899302,""mysql_deadlocks"":""0"",""mysql_wait_locks"":""0"",""mysql_current_locks"":""3"",""mysql_total_locks"":""0"",""mysql_lock_time_avg"":""0"",""mysql_lock_time_max"":""0"",""mysql_select_scans"":""10344"",""mysql_sort_scans"":""27710"",""mysql_join_scans"":""0"",""sys_load_avg"":7.14,""sys_memory_used"":2402.8671875,""sys_memory_used_buffers"":139.6640625,""sys_memory_used_cache"":731.6953125,""sys_memory_swap_used"":0,""sys_memory_swap_used_cache"":0,""fpm_listen_queue"":""0"",""fpm_listen_queue_length"":""128"",""fpm_total_processes"":""10"",""fpm_active_processes"":""7""}"
1472555920,"{""mysql_table_scans_pct"":0.21933092427085,""mysql_deadlocks"":""0"",""mysql_wait_locks"":""0"",""mysql_current_locks"":""0"",""mysql_total_locks"":""0"",""mysql_lock_time_avg"":""0"",""mysql_lock_time_max"":""0"",""mysql_select_scans"":""10416"",""mysql_sort_scans"":""27848"",""mysql_join_scans"":""0"",""sys_load_avg"":7.05,""sys_memory_used"":2449.1953125,""sys_memory_used_buffers"":139.8046875,""sys_memory_used_cache"":733.08984375,""sys_memory_swap_used"":0,""sys_memory_swap_used_cache"":0,""fpm_listen_queue"":""0"",""fpm_listen_queue_length"":""128"",""fpm_total_processes"":""10"",""fpm_active_processes"":""10""}"
1472555925,"{""mysql_table_scans_pct"":0.21937510312279,""mysql_deadlocks"":""0"",""mysql_wait_locks"":""0"",""mysql_current_locks"":""0"",""mysql_total_locks"":""0"",""mysql_lock_time_avg"":""0"",""mysql_lock_time_max"":""0"",""mysql_select_scans"":""10499"",""mysql_sort_scans"":""28080"",""mysql_join_scans"":""0"",""sys_load_avg"":7.13,""sys_memory_used"":2435.98046875,""sys_memory_used_buffers"":140.09765625,""sys_memory_used_cache"":736.2890625,""sys_memory_swap_used"":0,""sys_memory_swap_used_cache"":0,""fpm_listen_queue"":""0"",""fpm_listen_queue_length"":""128"",""fpm_total_processes"":""10"",""fpm_active_processes"":""8""}"
1472555930,"{""mysql_table_scans_pct"":0.21947388549499,""mysql_deadlocks"":""0"",""mysql_wait_locks"":""0"",""mysql_current_locks"":""0"",""mysql_total_locks"":""0"",""mysql_lock_time_avg"":""0"",""mysql_lock_time_max"":""0"",""mysql_select_scans"":""10597"",""mysql_sort_scans"":""28387"",""mysql_join_scans"":""0"",""sys_load_avg"":7.28,""sys_memory_used"":2475.1171875,""sys_memory_used_buffers"":140.1875,""sys_memory_used_cache"":738.47265625,""sys_memory_swap_used"":0,""sys_memory_swap_used_cache"":0,""fpm_listen_queue"":""2"",""fpm_listen_queue_length"":""128"",""fpm_total_processes"":""10"",""fpm_active_processes"":""7""}"
1472555935,"{""mysql_table_scans_pct"":0.21942162468672,""mysql_deadlocks"":""0"",""mysql_wait_locks"":""0"",""mysql_current_locks"":""0"",""mysql_total_locks"":""0"",""mysql_lock_time_avg"":""0"",""mysql_lock_time_max"":""0"",""mysql_select_scans"":""10664"",""mysql_sort_scans"":""28540"",""mysql_join_scans"":""0"",""sys_load_avg"":7.58,""sys_memory_used"":2532.69140625,""sys_memory_used_buffers"":140.30078125,""sys_memory_used_cache"":741.06640625,""sys_memory_swap_used"":0,""sys_memory_swap_used_cache"":0,""fpm_listen_queue"":""0"",""fpm_listen_queue_length"":""128"",""fpm_total_processes"":""12"",""fpm_active_processes"":""11""}"
1472555940,"{""mysql_table_scans_pct"":0.21947405592686,""mysql_deadlocks"":""0"",""mysql_wait_locks"":""0"",""mysql_current_locks"":""0"",""mysql_total_locks"":""0"",""mysql_lock_time_avg"":""0"",""mysql_lock_time_max"":""0"",""mysql_select_scans"":""10741"",""mysql_sort_scans"":""28741"",""mysql_join_scans"":""0"",""sys_load_avg"":8.01,""sys_memory_used"":2525.10546875,""sys_memory_used_buffers"":140.40625,""sys_memory_used_cache"":743.5078125,""sys_memory_swap_used"":0,""sys_memory_swap_used_cache"":0,""fpm_listen_queue"":""0"",""fpm_listen_queue_length"":""128"",""fpm_total_processes"":""12"",""fpm_active_processes"":""9""}"
1472555945,"{""mysql_table_scans_pct"":0.21955726638049,""mysql_deadlocks"":""0"",""mysql_wait_locks"":""0"",""mysql_current_locks"":""1"",""mysql_total_locks"":""0"",""mysql_lock_time_avg"":""0"",""mysql_lock_time_max"":""0"",""mysql_select_scans"":""10813"",""mysql_sort_scans"":""28930"",""mysql_join_scans"":""0"",""sys_load_avg"":8.33,""sys_memory_used"":2506.984375,""sys_memory_used_buffers"":140.5078125,""sys_memory_used_cache"":745.8671875,""sys_memory_swap_used"":0,""sys_memory_swap_used_cache"":0,""fpm_listen_queue"":""0"",""fpm_listen_queue_length"":""128"",""fpm_total_processes"":""12"",""fpm_active_processes"":""11""}"
1472555950,"{""mysql_table_scans_pct"":0.21964756764513,""mysql_deadlocks"":""0"",""mysql_wait_locks"":""0"",""mysql_current_locks"":""6"",""mysql_total_locks"":""0"",""mysql_lock_time_avg"":""0"",""mysql_lock_time_max"":""0"",""mysql_select_scans"":""10888"",""mysql_sort_scans"":""29150"",""mysql_join_scans"":""0"",""sys_load_avg"":8.46,""sys_memory_used"":2498.75,""sys_memory_used_buffers"":140.64453125,""sys_memory_used_cache"":748.8046875,""sys_memory_swap_used"":0,""sys_memory_swap_used_cache"":0,""fpm_listen_queue"":""0"",""fpm_listen_queue_length"":""128"",""fpm_total_processes"":""11"",""fpm_active_processes"":""5""}"
1472555955,"{""mysql_table_scans_pct"":0.21973125010499,""mysql_deadlocks"":""0"",""mysql_wait_locks"":""0"",""mysql_current_locks"":""3"",""mysql_total_locks"":""0"",""mysql_lock_time_avg"":""0"",""mysql_lock_time_max"":""0"",""mysql_select_scans"":""10968"",""mysql_sort_scans"":""29334"",""mysql_join_scans"":""0"",""sys_load_avg"":8.59,""sys_memory_used"":2493.90625,""sys_memory_used_buffers"":140.72265625,""sys_memory_used_cache"":750.51171875,""sys_memory_swap_used"":0,""sys_memory_swap_used_cache"":0,""fpm_listen_queue"":""0"",""fpm_listen_queue_length"":""128"",""fpm_total_processes"":""11"",""fpm_active_processes"":""8""}"
1472555960,"{""mysql_table_scans_pct"":0.21980476642471,""mysql_deadlocks"":""0"",""mysql_wait_locks"":""0"",""mysql_current_locks"":""0"",""mysql_total_locks"":""0"",""mysql_lock_time_avg"":""0"",""mysql_lock_time_max"":""0"",""mysql_select_scans"":""11046"",""mysql_sort_scans"":""29560"",""mysql_join_scans"":""0"",""sys_load_avg"":8.06,""sys_memory_used"":2553.45703125,""sys_memory_used_buffers"":141.24609375,""sys_memory_used_cache"":753.78125,""sys_memory_swap_used"":0,""sys_memory_swap_used_cache"":0,""fpm_listen_queue"":""1"",""fpm_listen_queue_length"":""128"",""fpm_total_processes"":""11"",""fpm_active_processes"":""8""}"
1472555965,"{""mysql_table_scans_pct"":0.21988341378103,""mysql_deadlocks"":""0"",""mysql_wait_locks"":""0"",""mysql_current_locks"":""0"",""mysql_total_locks"":""0"",""mysql_lock_time_avg"":""0"",""mysql_lock_time_max"":""0"",""mysql_select_scans"":""11126"",""mysql_sort_scans"":""29802"",""mysql_join_scans"":""0"",""sys_load_avg"":7.97,""sys_memory_used"":2517.32421875,""sys_memory_used_buffers"":141.37109375,""sys_memory_used_cache"":756.51953125,""sys_memory_swap_used"":0,""sys_memory_swap_used_cache"":0,""fpm_listen_queue"":""0"",""fpm_listen_queue_length"":""128"",""fpm_total_processes"":""10"",""fpm_active_processes"":""10""}"
1472555971,"{""mysql_table_scans_pct"":0.21991812379252,""mysql_deadlocks"":""0"",""mysql_wait_locks"":""0"",""mysql_current_locks"":""0"",""mysql_total_locks"":""0"",""mysql_lock_time_avg"":""0"",""mysql_lock_time_max"":""0"",""mysql_select_scans"":""11197"",""mysql_sort_scans"":""29967"",""mysql_join_scans"":""0"",""sys_load_avg"":8.14,""sys_memory_used"":2456.38671875,""sys_memory_used_buffers"":141.484375,""sys_memory_used_cache"":758.5703125,""sys_memory_swap_used"":0,""sys_memory_swap_used_cache"":0,""fpm_listen_queue"":""0"",""fpm_listen_queue_length"":""128"",""fpm_total_processes"":""10"",""fpm_active_processes"":""4""}"
1472555976,"{""mysql_table_scans_pct"":0.21997821227055,""mysql_deadlocks"":""0"",""mysql_wait_locks"":""0"",""mysql_current_locks"":""0"",""mysql_total_locks"":""0"",""mysql_lock_time_avg"":""0"",""mysql_lock_time_max"":""0"",""mysql_select_scans"":""11269"",""mysql_sort_scans"":""30135"",""mysql_join_scans"":""0"",""sys_load_avg"":8.21,""sys_memory_used"":2473.51171875,""sys_memory_used_buffers"":141.80859375,""sys_memory_used_cache"":760.28515625,""sys_memory_swap_used"":0,""sys_memory_swap_used_cache"":0,""fpm_listen_queue"":""0"",""fpm_listen_queue_length"":""128"",""fpm_total_processes"":""9"",""fpm_active_processes"":""9""}"
1472555981,"{""mysql_table_scans_pct"":0.22009459837704,""mysql_deadlocks"":""0"",""mysql_wait_locks"":""0"",""mysql_current_locks"":""0"",""mysql_total_locks"":""0"",""mysql_lock_time_avg"":""0"",""mysql_lock_time_max"":""0"",""mysql_select_scans"":""11349"",""mysql_sort_scans"":""30358"",""mysql_join_scans"":""0"",""sys_load_avg"":8.27,""sys_memory_used"":2516.03125,""sys_memory_used_buffers"":142.23828125,""sys_memory_used_cache"":762.5546875,""sys_memory_swap_used"":0,""sys_memory_swap_used_cache"":0,""fpm_listen_queue"":""1"",""fpm_listen_queue_length"":""128"",""fpm_total_processes"":""9"",""fpm_active_processes"":""9""}"
1472555986,"{""mysql_table_scans_pct"":0.22015822525825,""mysql_deadlocks"":""0"",""mysql_wait_locks"":""0"",""mysql_current_locks"":""0"",""mysql_total_locks"":""0"",""mysql_lock_time_avg"":""0"",""mysql_lock_time_max"":""0"",""mysql_select_scans"":""11414"",""mysql_sort_scans"":""30533"",""mysql_join_scans"":""0"",""sys_load_avg"":8.09,""sys_memory_used"":2485.8671875,""sys_memory_used_buffers"":142.609375,""sys_memory_used_cache"":764.5234375,""sys_memory_swap_used"":0,""sys_memory_swap_used_cache"":0,""fpm_listen_queue"":""0"",""fpm_listen_queue_length"":""128"",""fpm_total_processes"":""10"",""fpm_active_processes"":""8""}"
1472555991,"{""mysql_table_scans_pct"":0.22019921720903,""mysql_deadlocks"":""0"",""mysql_wait_locks"":""0"",""mysql_current_locks"":""6"",""mysql_total_locks"":""0"",""mysql_lock_time_avg"":""0"",""mysql_lock_time_max"":""0"",""mysql_select_scans"":""11482"",""mysql_sort_scans"":""30696"",""mysql_join_scans"":""0"",""sys_load_avg"":8.08,""sys_memory_used"":2465.89453125,""sys_memory_used_buffers"":142.890625,""sys_memory_used_cache"":766.23828125,""sys_memory_swap_used"":0,""sys_memory_swap_used_cache"":0,""fpm_listen_queue"":""0"",""fpm_listen_queue_length"":""128"",""fpm_total_processes"":""8"",""fpm_active_processes"":""8""}"
1472555996,"{""mysql_table_scans_pct"":0.22025210377323,""mysql_deadlocks"":""0"",""mysql_wait_locks"":""0"",""mysql_current_locks"":""0"",""mysql_total_locks"":""0"",""mysql_lock_time_avg"":""0"",""mysql_lock_time_max"":""0"",""mysql_select_scans"":""11566"",""mysql_sort_scans"":""30880"",""mysql_join_scans"":""0"",""sys_load_avg"":8.07,""sys_memory_used"":2524.77734375,""sys_memory_used_buffers"":143.44140625,""sys_memory_used_cache"":768.90234375,""sys_memory_swap_used"":0,""sys_memory_swap_used_cache"":0,""fpm_listen_queue"":""0"",""fpm_listen_queue_length"":""128"",""fpm_total_processes"":""10"",""fpm_active_processes"":""5""}"
1472556001,"{""mysql_table_scans_pct"":0.2203217779707,""mysql_deadlocks"":""0"",""mysql_wait_locks"":""0"",""mysql_current_locks"":""0"",""mysql_total_locks"":""0"",""mysql_lock_time_avg"":""0"",""mysql_lock_time_max"":""0"",""mysql_select_scans"":""11645"",""mysql_sort_scans"":""31117"",""mysql_join_scans"":""0"",""sys_load_avg"":8.15,""sys_memory_used"":2543.90234375,""sys_memory_used_buffers"":143.765625,""sys_memory_used_cache"":770.75390625,""sys_memory_swap_used"":0,""sys_memory_swap_used_cache"":0,""fpm_listen_queue"":""0"",""fpm_listen_queue_length"":""128"",""fpm_total_processes"":""11"",""fpm_active_processes"":""10""}"
1472556006,"{""mysql_table_scans_pct"":0.22037571132694,""mysql_deadlocks"":""0"",""mysql_wait_locks"":""0"",""mysql_current_locks"":""0"",""mysql_total_locks"":""0"",""mysql_lock_time_avg"":""0"",""mysql_lock_time_max"":""0"",""mysql_select_scans"":""11711"",""mysql_sort_scans"":""31269"",""mysql_join_scans"":""0"",""sys_load_avg"":8.62,""sys_memory_used"":2613.765625,""sys_memory_used_buffers"":143.91796875,""sys_memory_used_cache"":772.87109375,""sys_memory_swap_used"":0,""sys_memory_swap_used_cache"":0,""fpm_listen_queue"":""0"",""fpm_listen_queue_length"":""128"",""fpm_total_processes"":""13"",""fpm_active_processes"":""8""}"
1472556011,"{""mysql_table_scans_pct"":0.22046804199795,""mysql_deadlocks"":""0"",""mysql_wait_locks"":""0"",""mysql_current_locks"":""0"",""mysql_total_locks"":""0"",""mysql_lock_time_avg"":""0"",""mysql_lock_time_max"":""0"",""mysql_select_scans"":""11784"",""mysql_sort_scans"":""31486"",""mysql_join_scans"":""0"",""sys_load_avg"":8.49,""sys_memory_used"":2541.8828125,""sys_memory_used_buffers"":144.26171875,""sys_memory_used_cache"":775.02734375,""sys_memory_swap_used"":0,""sys_memory_swap_used_cache"":0,""fpm_listen_queue"":""0"",""fpm_listen_queue_length"":""128"",""fpm_total_processes"":""11"",""fpm_active_processes"":""8""}"
1472556017,"{""mysql_table_scans_pct"":0.22048047570538,""mysql_deadlocks"":""0"",""mysql_wait_locks"":""0"",""mysql_current_locks"":""0"",""mysql_total_locks"":""0"",""mysql_lock_time_avg"":""0"",""mysql_lock_time_max"":""0"",""mysql_select_scans"":""11837"",""mysql_sort_scans"":""31592"",""mysql_join_scans"":""0"",""sys_load_avg"":8.53,""sys_memory_used"":2564.75,""sys_memory_used_buffers"":144.4296875,""sys_memory_used_cache"":776.6796875,""sys_memory_swap_used"":0,""sys_memory_swap_used_cache"":0,""fpm_listen_queue"":""0"",""fpm_listen_queue_length"":""128"",""fpm_total_processes"":""11"",""fpm_active_processes"":""8""}"
1472556022,"{""mysql_table_scans_pct"":0.22049424736803,""mysql_deadlocks"":""0"",""mysql_wait_locks"":""0"",""mysql_current_locks"":""0"",""mysql_total_locks"":""0"",""mysql_lock_time_avg"":""0"",""mysql_lock_time_max"":""0"",""mysql_select_scans"":""11901"",""mysql_sort_scans"":""31701"",""mysql_join_scans"":""0"",""sys_load_avg"":8.65,""sys_memory_used"":2541.4921875,""sys_memory_used_buffers"":144.65625,""sys_memory_used_cache"":778.15625,""sys_memory_swap_used"":0,""sys_memory_swap_used_cache"":0,""fpm_listen_queue"":""0"",""fpm_listen_queue_length"":""128"",""fpm_total_processes"":""9"",""fpm_active_processes"":""8""}"
1472556027,"{""mysql_table_scans_pct"":0.22058115803277,""mysql_deadlocks"":""0"",""mysql_wait_locks"":""0"",""mysql_current_locks"":""0"",""mysql_total_locks"":""0"",""mysql_lock_time_avg"":""0"",""mysql_lock_time_max"":""0"",""mysql_select_scans"":""11977"",""mysql_sort_scans"":""31907"",""mysql_join_scans"":""0"",""sys_load_avg"":8.43,""sys_memory_used"":2581.06640625,""sys_memory_used_buffers"":144.8828125,""sys_memory_used_cache"":779.7578125,""sys_memory_swap_used"":0,""sys_memory_swap_used_cache"":0,""fpm_listen_queue"":""0"",""fpm_listen_queue_length"":""128"",""fpm_total_processes"":""11"",""fpm_active_processes"":""8""}"
1472556032,"{""mysql_table_scans_pct"":0.2206268451163,""mysql_deadlocks"":""0"",""mysql_wait_locks"":""0"",""mysql_current_locks"":""0"",""mysql_total_locks"":""0"",""mysql_lock_time_avg"":""0"",""mysql_lock_time_max"":""0"",""mysql_select_scans"":""12053"",""mysql_sort_scans"":""32096"",""mysql_join_scans"":""0"",""sys_load_avg"":8.32,""sys_memory_used"":2539.875,""sys_memory_used_buffers"":145.203125,""sys_memory_used_cache"":780.9609375,""sys_memory_swap_used"":0,""sys_memory_swap_used_cache"":0,""fpm_listen_queue"":""0"",""fpm_listen_queue_length"":""128"",""fpm_total_processes"":""11"",""fpm_active_processes"":""8""}"
1472556037,"{""mysql_table_scans_pct"":0.22064453213717,""mysql_deadlocks"":""0"",""mysql_wait_locks"":""0"",""mysql_current_locks"":""0"",""mysql_total_locks"":""0"",""mysql_lock_time_avg"":""0"",""mysql_lock_time_max"":""0"",""mysql_select_scans"":""12128"",""mysql_sort_scans"":""32283"",""mysql_join_scans"":""0"",""sys_load_avg"":8.61,""sys_memory_used"":2575.59765625,""sys_memory_used_buffers"":145.453125,""sys_memory_used_cache"":782.546875,""sys_memory_swap_used"":0,""sys_memory_swap_used_cache"":0,""fpm_listen_queue"":""0"",""fpm_listen_queue_length"":""128"",""fpm_total_processes"":""10"",""fpm_active_processes"":""4""}"
1472556042,"{""mysql_table_scans_pct"":0.22072852342622,""mysql_deadlocks"":""0"",""mysql_wait_locks"":""0"",""mysql_current_locks"":""0"",""mysql_total_locks"":""0"",""mysql_lock_time_avg"":""0"",""mysql_lock_time_max"":""0"",""mysql_select_scans"":""12215"",""mysql_sort_scans"":""32506"",""mysql_join_scans"":""0"",""sys_load_avg"":8.16,""sys_memory_used"":2578.15625,""sys_memory_used_buffers"":145.58984375,""sys_memory_used_cache"":784.13671875,""sys_memory_swap_used"":0,""sys_memory_swap_used_cache"":0,""fpm_listen_queue"":""0"",""fpm_listen_queue_length"":""128"",""fpm_total_processes"":""10"",""fpm_active_processes"":""7""}"
1472556047,"{""mysql_table_scans_pct"":0.22077058125279,""mysql_deadlocks"":""0"",""mysql_wait_locks"":""0"",""mysql_current_locks"":""0"",""mysql_total_locks"":""0"",""mysql_lock_time_avg"":""0"",""mysql_lock_time_max"":""0"",""mysql_select_scans"":""12291"",""mysql_sort_scans"":""32676"",""mysql_join_scans"":""0"",""sys_load_avg"":8.31,""sys_memory_used"":2558.56640625,""sys_memory_used_buffers"":145.82421875,""sys_memory_used_cache"":786.10546875,""sys_memory_swap_used"":0,""sys_memory_swap_used_cache"":0,""fpm_listen_queue"":""1"",""fpm_listen_queue_length"":""128"",""fpm_total_processes"":""9"",""fpm_active_processes"":""7""}"
1472556052,"{""mysql_table_scans_pct"":0.22080205156339,""mysql_deadlocks"":""0"",""mysql_wait_locks"":""0"",""mysql_current_locks"":""0"",""mysql_total_locks"":""0"",""mysql_lock_time_avg"":""0"",""mysql_lock_time_max"":""0"",""mysql_select_scans"":""12356"",""mysql_sort_scans"":""32827"",""mysql_join_scans"":""0"",""sys_load_avg"":8.29,""sys_memory_used"":2539.37890625,""sys_memory_used_buffers"":146.02734375,""sys_memory_used_cache"":788.32421875,""sys_memory_swap_used"":0,""sys_memory_swap_used_cache"":0,""fpm_listen_queue"":""0"",""fpm_listen_queue_length"":""128"",""fpm_total_processes"":""10"",""fpm_active_processes"":""8""}"
1472556057,"{""mysql_table_scans_pct"":0.22088021258178,""mysql_deadlocks"":""0"",""mysql_wait_locks"":""0"",""mysql_current_locks"":""5"",""mysql_total_locks"":""0"",""mysql_lock_time_avg"":""0"",""mysql_lock_time_max"":""0"",""mysql_select_scans"":""12431"",""mysql_sort_scans"":""33010"",""mysql_join_scans"":""0"",""sys_load_avg"":8.18,""sys_memory_used"":2503.30078125,""sys_memory_used_buffers"":146.234375,""sys_memory_used_cache"":789.76171875,""sys_memory_swap_used"":0,""sys_memory_swap_used_cache"":0,""fpm_listen_queue"":""0"",""fpm_listen_queue_length"":""128"",""fpm_total_processes"":""9"",""fpm_active_processes"":""8""}"
1472556062,"{""mysql_table_scans_pct"":0.22087839975757,""mysql_deadlocks"":""0"",""mysql_wait_locks"":""0"",""mysql_current_locks"":""0"",""mysql_total_locks"":""0"",""mysql_lock_time_avg"":""0"",""mysql_lock_time_max"":""0"",""mysql_select_scans"":""12504"",""mysql_sort_scans"":""33179"",""mysql_join_scans"":""0"",""sys_load_avg"":9.13,""sys_memory_used"":2547.72265625,""sys_memory_used_buffers"":146.57421875,""sys_memory_used_cache"":791.06640625,""sys_memory_swap_used"":0,""sys_memory_swap_used_cache"":0,""fpm_listen_queue"":""0"",""fpm_listen_queue_length"":""128"",""fpm_total_processes"":""9"",""fpm_active_processes"":""9""}"
1472556068,"{""mysql_table_scans_pct"":0.22092893624744,""mysql_deadlocks"":""0"",""mysql_wait_locks"":""0"",""mysql_current_locks"":""0"",""mysql_total_locks"":""0"",""mysql_lock_time_avg"":""0"",""mysql_lock_time_max"":""0"",""mysql_select_scans"":""12565"",""mysql_sort_scans"":""33336"",""mysql_join_scans"":""0"",""sys_load_avg"":9.28,""sys_memory_used"":2521.4140625,""sys_memory_used_buffers"":146.7109375,""sys_memory_used_cache"":792.03515625,""sys_memory_swap_used"":0,""sys_memory_swap_used_cache"":0,""fpm_listen_queue"":""0"",""fpm_listen_queue_length"":""128"",""fpm_total_processes"":""10"",""fpm_active_processes"":""4""}"
1472556073,"{""mysql_table_scans_pct"":0.22104020809548,""mysql_deadlocks"":""0"",""mysql_wait_locks"":""0"",""mysql_current_locks"":""0"",""mysql_total_locks"":""0"",""mysql_lock_time_avg"":""0"",""mysql_lock_time_max"":""0"",""mysql_select_scans"":""12653"",""mysql_sort_scans"":""33598"",""mysql_join_scans"":""0"",""sys_load_avg"":9.18,""sys_memory_used"":2560.8828125,""sys_memory_used_buffers"":146.88671875,""sys_memory_used_cache"":793.7734375,""sys_memory_swap_used"":0,""sys_memory_swap_used_cache"":0,""fpm_listen_queue"":""3"",""fpm_listen_queue_length"":""128"",""fpm_total_processes"":""9"",""fpm_active_processes"":""7""}"
1472556078,"{""mysql_table_scans_pct"":0.22104252004889,""mysql_deadlocks"":""0"",""mysql_wait_locks"":""0"",""mysql_current_locks"":""0"",""mysql_total_locks"":""0"",""mysql_lock_time_avg"":""0"",""mysql_lock_time_max"":""0"",""mysql_select_scans"":""12727"",""mysql_sort_scans"":""33755"",""mysql_join_scans"":""0"",""sys_load_avg"":9.08,""sys_memory_used"":2610.734375,""sys_memory_used_buffers"":147.0078125,""sys_memory_used_cache"":795.0546875,""sys_memory_swap_used"":0,""sys_memory_swap_used_cache"":0,""fpm_listen_queue"":""0"",""fpm_listen_queue_length"":""128"",""fpm_total_processes"":""11"",""fpm_active_processes"":""6""}"
1472556083,"{""mysql_table_scans_pct"":0.2210488001227,""mysql_deadlocks"":""0"",""mysql_wait_locks"":""0"",""mysql_current_locks"":""1"",""mysql_total_locks"":""1"",""mysql_lock_time_avg"":""1"",""mysql_lock_time_max"":""1"",""mysql_select_scans"":""12803"",""mysql_sort_scans"":""33923"",""mysql_join_scans"":""0"",""sys_load_avg"":9.08,""sys_memory_used"":2612.53125,""sys_memory_used_buffers"":147.24609375,""sys_memory_used_cache"":796.828125,""sys_memory_swap_used"":0,""sys_memory_swap_used_cache"":0,""fpm_listen_queue"":""0"",""fpm_listen_queue_length"":""128"",""fpm_total_processes"":""11"",""fpm_active_processes"":""4""}"
1472556088,"{""mysql_table_scans_pct"":0.22116953755834,""mysql_deadlocks"":""0"",""mysql_wait_locks"":""0"",""mysql_current_locks"":""0"",""mysql_total_locks"":""1"",""mysql_lock_time_avg"":""1"",""mysql_lock_time_max"":""1"",""mysql_select_scans"":""12879"",""mysql_sort_scans"":""34129"",""mysql_join_scans"":""0"",""sys_load_avg"":8.67,""sys_memory_used"":2567.8828125,""sys_memory_used_buffers"":147.37890625,""sys_memory_used_cache"":797.71484375,""sys_memory_swap_used"":0,""sys_memory_swap_used_cache"":0,""fpm_listen_queue"":""0"",""fpm_listen_queue_length"":""128"",""fpm_total_processes"":""9"",""fpm_active_processes"":""9""}"
1472556093,"{""mysql_table_scans_pct"":0.22115383211599,""mysql_deadlocks"":""0"",""mysql_wait_locks"":""0"",""mysql_current_locks"":""0"",""mysql_total_locks"":""1"",""mysql_lock_time_avg"":""1"",""mysql_lock_time_max"":""1"",""mysql_select_scans"":""12933"",""mysql_sort_scans"":""34238"",""mysql_join_scans"":""0"",""sys_load_avg"":8.7,""sys_memory_used"":2543.3203125,""sys_memory_used_buffers"":147.4921875,""sys_memory_used_cache"":799.0234375,""sys_memory_swap_used"":0,""sys_memory_swap_used_cache"":0,""fpm_listen_queue"":""1"",""fpm_listen_queue_length"":""128"",""fpm_total_processes"":""8"",""fpm_active_processes"":""5""}"
1472556098,"{""mysql_table_scans_pct"":0.22123212227111,""mysql_deadlocks"":""0"",""mysql_wait_locks"":""0"",""mysql_current_locks"":""0"",""mysql_total_locks"":""1"",""mysql_lock_time_avg"":""1"",""mysql_lock_time_max"":""1"",""mysql_select_scans"":""12994"",""mysql_sort_scans"":""34396"",""mysql_join_scans"":""0"",""sys_load_avg"":7.89,""sys_memory_used"":2523.16796875,""sys_memory_used_buffers"":147.69140625,""sys_memory_used_cache"":800.4609375,""sys_memory_swap_used"":0,""sys_memory_swap_used_cache"":0,""fpm_listen_queue"":""0"",""fpm_listen_queue_length"":""128"",""fpm_total_processes"":""9"",""fpm_active_processes"":""8""}"
1472556103,"{""mysql_table_scans_pct"":0.22132168682806,""mysql_deadlocks"":""0"",""mysql_wait_locks"":""0"",""mysql_current_locks"":""0"",""mysql_total_locks"":""1"",""mysql_lock_time_avg"":""1"",""mysql_lock_time_max"":""1"",""mysql_select_scans"":""13077"",""mysql_sort_scans"":""34651"",""mysql_join_scans"":""0"",""sys_load_avg"":7.98,""sys_memory_used"":2564.50390625,""sys_memory_used_buffers"":147.88671875,""sys_memory_used_cache"":802.0078125,""sys_memory_swap_used"":0,""sys_memory_swap_used_cache"":0,""fpm_listen_queue"":""0"",""fpm_listen_queue_length"":""128"",""fpm_total_processes"":""9"",""fpm_active_processes"":""9""}"
1472556108,"{""mysql_table_scans_pct"":0.22137589761435,""mysql_deadlocks"":""0"",""mysql_wait_locks"":""0"",""mysql_current_locks"":""0"",""mysql_total_locks"":""1"",""mysql_lock_time_avg"":""1"",""mysql_lock_time_max"":""1"",""mysql_select_scans"":""13152"",""mysql_sort_scans"":""34859"",""mysql_join_scans"":""0"",""sys_load_avg"":7.98,""sys_memory_used"":2526.68359375,""sys_memory_used_buffers"":148.02734375,""sys_memory_used_cache"":804.0859375,""sys_memory_swap_used"":0,""sys_memory_swap_used_cache"":0,""fpm_listen_queue"":""1"",""fpm_listen_queue_length"":""128"",""fpm_total_processes"":""9"",""fpm_active_processes"":""8""}"
1472556114,"{""mysql_table_scans_pct"":0.22141105352439,""mysql_deadlocks"":""0"",""mysql_wait_locks"":""0"",""mysql_current_locks"":""0"",""mysql_total_locks"":""1"",""mysql_lock_time_avg"":""1"",""mysql_lock_time_max"":""1"",""mysql_select_scans"":""13204"",""mysql_sort_scans"":""34990"",""mysql_join_scans"":""0"",""sys_load_avg"":7.99,""sys_memory_used"":2551.03125,""sys_memory_used_buffers"":148.35546875,""sys_memory_used_cache"":804.91015625,""sys_memory_swap_used"":0,""sys_memory_swap_used_cache"":0,""fpm_listen_queue"":""2"",""fpm_listen_queue_length"":""128"",""fpm_total_processes"":""8"",""fpm_active_processes"":""3""}"
1472556119,"{""mysql_table_scans_pct"":0.22142413716198,""mysql_deadlocks"":""0"",""mysql_wait_locks"":""0"",""mysql_current_locks"":""0"",""mysql_total_locks"":""1"",""mysql_lock_time_avg"":""1"",""mysql_lock_time_max"":""1"",""mysql_select_scans"":""13245"",""mysql_sort_scans"":""35065"",""mysql_join_scans"":""0"",""sys_load_avg"":7.43,""sys_memory_used"":2473.3046875,""sys_memory_used_buffers"":148.50390625,""sys_memory_used_cache"":806.453125,""sys_memory_swap_used"":0,""sys_memory_swap_used_cache"":0,""fpm_listen_queue"":""0"",""fpm_listen_queue_length"":""128"",""fpm_total_processes"":""7"",""fpm_active_processes"":""5""}"
1472556124,"{""mysql_table_scans_pct"":0.22147436156975,""mysql_deadlocks"":""0"",""mysql_wait_locks"":""0"",""mysql_current_locks"":""3"",""mysql_total_locks"":""1"",""mysql_lock_time_avg"":""1"",""mysql_lock_time_max"":""1"",""mysql_select_scans"":""13282"",""mysql_sort_scans"":""35132"",""mysql_join_scans"":""0"",""sys_load_avg"":7.07,""sys_memory_used"":2396.671875,""sys_memory_used_buffers"":148.578125,""sys_memory_used_cache"":806.53125,""sys_memory_swap_used"":0,""sys_memory_swap_used_cache"":0,""fpm_listen_queue"":""0"",""fpm_listen_queue_length"":""128"",""fpm_total_processes"":""4"",""fpm_active_processes"":""3""}"
1472556129,"{""mysql_table_scans_pct"":0.22151794565175,""mysql_deadlocks"":""0"",""mysql_wait_locks"":""0"",""mysql_current_locks"":""0"",""mysql_total_locks"":""1"",""mysql_lock_time_avg"":""1"",""mysql_lock_time_max"":""1"",""mysql_select_scans"":""13301"",""mysql_sort_scans"":""35152"",""mysql_join_scans"":""0"",""sys_load_avg"":6.5,""sys_memory_used"":2403.31640625,""sys_memory_used_buffers"":148.68359375,""sys_memory_used_cache"":806.8828125,""sys_memory_swap_used"":0,""sys_memory_swap_used_cache"":0,""fpm_listen_queue"":""0"",""fpm_listen_queue_length"":""128"",""fpm_total_processes"":""4"",""fpm_active_processes"":""2""}"
1472556134,"{""mysql_table_scans_pct"":0.22157267727035,""mysql_deadlocks"":""0"",""mysql_wait_locks"":""0"",""mysql_current_locks"":""0"",""mysql_total_locks"":""1"",""mysql_lock_time_avg"":""1"",""mysql_lock_time_max"":""1"",""mysql_select_scans"":""13314"",""mysql_sort_scans"":""35164"",""mysql_join_scans"":""0"",""sys_load_avg"":5.98,""sys_memory_used"":2368.3359375,""sys_memory_used_buffers"":148.75,""sys_memory_used_cache"":807.05859375,""sys_memory_swap_used"":0,""sys_memory_swap_used_cache"":0,""fpm_listen_queue"":""0"",""fpm_listen_queue_length"":""128"",""fpm_total_processes"":""3"",""fpm_active_processes"":""1""}"
1472556139,"{""mysql_table_scans_pct"":0.2216310481703,""mysql_deadlocks"":""0"",""mysql_wait_locks"":""0"",""mysql_current_locks"":""0"",""mysql_total_locks"":""1"",""mysql_lock_time_avg"":""1"",""mysql_lock_time_max"":""1"",""mysql_select_scans"":""13321"",""mysql_sort_scans"":""35164"",""mysql_join_scans"":""0"",""sys_load_avg"":5.58,""sys_memory_used"":2379.55859375,""sys_memory_used_buffers"":184.6171875,""sys_memory_used_cache"":793.0234375,""sys_memory_swap_used"":0,""sys_memory_swap_used_cache"":0,""fpm_listen_queue"":""0"",""fpm_listen_queue_length"":""128"",""fpm_total_processes"":""3"",""fpm_active_processes"":""1""}"
