1477371726,"{""mysql_table_scans_pct"":0.33278400376199,""mysql_deadlocks"":""0"",""mysql_wait_locks"":""0"",""mysql_current_locks"":""995"",""mysql_total_locks"":""0"",""mysql_lock_time_avg"":""0"",""mysql_lock_time_max"":""0"",""mysql_select_scans"":""1833"",""mysql_sort_scans"":""3933"",""mysql_join_scans"":""13"",""sys_load_avg"":3.85,""sys_memory_used"":2634.35546875,""sys_memory_used_buffers"":170.6328125,""sys_memory_used_cache"":703.21484375,""sys_memory_swap_used"":0,""sys_memory_swap_used_cache"":0,""fpm_listen_queue"":""1"",""fpm_listen_queue_length"":""128"",""fpm_total_processes"":""14"",""fpm_active_processes"":""14""}"
1477371731,"{""mysql_table_scans_pct"":0.33166038832867,""mysql_deadlocks"":""0"",""mysql_wait_locks"":""0"",""mysql_current_locks"":""1141"",""mysql_total_locks"":""0"",""mysql_lock_time_avg"":""0"",""mysql_lock_time_max"":""0"",""mysql_select_scans"":""2144"",""mysql_sort_scans"":""4674"",""mysql_join_scans"":""16"",""sys_load_avg"":5.06,""sys_memory_used"":2707.765625,""sys_memory_used_buffers"":173.546875,""sys_memory_used_cache"":713,""sys_memory_swap_used"":0,""sys_memory_swap_used_cache"":0,""fpm_listen_queue"":""0"",""fpm_listen_queue_length"":""128"",""fpm_total_processes"":""15"",""fpm_active_processes"":""15""}"
1477371736,"{""mysql_table_scans_pct"":0.33045236837269,""mysql_deadlocks"":""0"",""mysql_wait_locks"":""0"",""mysql_current_locks"":""1301"",""mysql_total_locks"":""0"",""mysql_lock_time_avg"":""0"",""mysql_lock_time_max"":""0"",""mysql_select_scans"":""2422"",""mysql_sort_scans"":""5453"",""mysql_join_scans"":""18"",""sys_load_avg"":5.54,""sys_memory_used"":2747.47265625,""sys_memory_used_buffers"":176.22265625,""sys_memory_used_cache"":724.0859375,""sys_memory_swap_used"":0,""sys_memory_swap_used_cache"":0,""fpm_listen_queue"":""0"",""fpm_listen_queue_length"":""128"",""fpm_total_processes"":""16"",""fpm_active_processes"":""13""}"
1477371741,"{""mysql_table_scans_pct"":0.33064671610128,""mysql_deadlocks"":""0"",""mysql_wait_locks"":""0"",""mysql_current_locks"":""1454"",""mysql_total_locks"":""0"",""mysql_lock_time_avg"":""0"",""mysql_lock_time_max"":""0"",""mysql_select_scans"":""2634"",""mysql_sort_scans"":""6216"",""mysql_join_scans"":""19"",""sys_load_avg"":6.14,""sys_memory_used"":2761.6015625,""sys_memory_used_buffers"":178.66796875,""sys_memory_used_cache"":733.73828125,""sys_memory_swap_used"":0,""sys_memory_swap_used_cache"":0,""fpm_listen_queue"":""0"",""fpm_listen_queue_length"":""128"",""fpm_total_processes"":""16"",""fpm_active_processes"":""10""}"
1477371746,"{""mysql_table_scans_pct"":0.33116216806054,""mysql_deadlocks"":""0"",""mysql_wait_locks"":""0"",""mysql_current_locks"":""1639"",""mysql_total_locks"":""0"",""mysql_lock_time_avg"":""0"",""mysql_lock_time_max"":""0"",""mysql_select_scans"":""2817"",""mysql_sort_scans"":""6797"",""mysql_join_scans"":""22"",""sys_load_avg"":6.77,""sys_memory_used"":2790.62109375,""sys_memory_used_buffers"":180.51171875,""sys_memory_used_cache"":743.9921875,""sys_memory_swap_used"":0,""sys_memory_swap_used_cache"":0,""fpm_listen_queue"":""0"",""fpm_listen_queue_length"":""128"",""fpm_total_processes"":""15"",""fpm_active_processes"":""7""}"
1477371752,"{""mysql_table_scans_pct"":0.34802933610732,""mysql_deadlocks"":""0"",""mysql_wait_locks"":""0"",""mysql_current_locks"":""3254"",""mysql_total_locks"":""0"",""mysql_lock_time_avg"":""0"",""mysql_lock_time_max"":""0"",""mysql_select_scans"":""3085"",""mysql_sort_scans"":""7367"",""mysql_join_scans"":""26"",""sys_load_avg"":7.35,""sys_memory_used"":2783.37890625,""sys_memory_used_buffers"":181.87109375,""sys_memory_used_cache"":751.05859375,""sys_memory_swap_used"":0,""sys_memory_swap_used_cache"":0,""fpm_listen_queue"":""0"",""fpm_listen_queue_length"":""128"",""fpm_total_processes"":""12"",""fpm_active_processes"":""12""}"
1477371757,"{""mysql_table_scans_pct"":0.34921910305888,""mysql_deadlocks"":""0"",""mysql_wait_locks"":""0"",""mysql_current_locks"":""4136"",""mysql_total_locks"":""0"",""mysql_lock_time_avg"":""0"",""mysql_lock_time_max"":""0"",""mysql_select_scans"":""3449"",""mysql_sort_scans"":""8077"",""mysql_join_scans"":""30"",""sys_load_avg"":7.4,""sys_memory_used"":2887.6875,""sys_memory_used_buffers"":183.703125,""sys_memory_used_cache"":759.92578125,""sys_memory_swap_used"":0,""sys_memory_swap_used_cache"":0,""fpm_listen_queue"":""0"",""fpm_listen_queue_length"":""128"",""fpm_total_processes"":""15"",""fpm_active_processes"":""12""}"
1477371762,"{""mysql_table_scans_pct"":0.34579563143563,""mysql_deadlocks"":""0"",""mysql_wait_locks"":""0"",""mysql_current_locks"":""6279"",""mysql_total_locks"":""0"",""mysql_lock_time_avg"":""0"",""mysql_lock_time_max"":""0"",""mysql_select_scans"":""3754"",""mysql_sort_scans"":""8843"",""mysql_join_scans"":""31"",""sys_load_avg"":8.01,""sys_memory_used"":2930.34765625,""sys_memory_used_buffers"":185.125,""sys_memory_used_cache"":774.40234375,""sys_memory_swap_used"":0,""sys_memory_swap_used_cache"":0,""fpm_listen_queue"":""1"",""fpm_listen_queue_length"":""128"",""fpm_total_processes"":""13"",""fpm_active_processes"":""9""}"
1477371767,"{""mysql_table_scans_pct"":0.34906523929053,""mysql_deadlocks"":""0"",""mysql_wait_locks"":""0"",""mysql_current_locks"":""6279"",""mysql_total_locks"":""0"",""mysql_lock_time_avg"":""0"",""mysql_lock_time_max"":""0"",""mysql_select_scans"":""4041"",""mysql_sort_scans"":""9396"",""mysql_join_scans"":""33"",""sys_load_avg"":8.49,""sys_memory_used"":2958.20703125,""sys_memory_used_buffers"":186.55078125,""sys_memory_used_cache"":786.2421875,""sys_memory_swap_used"":0,""sys_memory_swap_used_cache"":0,""fpm_listen_queue"":""3"",""fpm_listen_queue_length"":""128"",""fpm_total_processes"":""13"",""fpm_active_processes"":""13""}"
1477371772,"{""mysql_table_scans_pct"":0.35220513999518,""mysql_deadlocks"":""0"",""mysql_wait_locks"":""0"",""mysql_current_locks"":""6484"",""mysql_total_locks"":""0"",""mysql_lock_time_avg"":""0"",""mysql_lock_time_max"":""0"",""mysql_select_scans"":""4341"",""mysql_sort_scans"":""9946"",""mysql_join_scans"":""37"",""sys_load_avg"":8.53,""sys_memory_used"":3001.23828125,""sys_memory_used_buffers"":188.015625,""sys_memory_used_cache"":795.6015625,""sys_memory_swap_used"":0,""sys_memory_swap_used_cache"":0,""fpm_listen_queue"":""0"",""fpm_listen_queue_length"":""128"",""fpm_total_processes"":""13"",""fpm_active_processes"":""13""}"
1477371777,"{""mysql_table_scans_pct"":0.3570217786531,""mysql_deadlocks"":""0"",""mysql_wait_locks"":""0"",""mysql_current_locks"":""7173"",""mysql_total_locks"":""0"",""mysql_lock_time_avg"":""0"",""mysql_lock_time_max"":""0"",""mysql_select_scans"":""4585"",""mysql_sort_scans"":""10463"",""mysql_join_scans"":""39"",""sys_load_avg"":8.65,""sys_memory_used"":3001.953125,""sys_memory_used_buffers"":189.28515625,""sys_memory_used_cache"":805.58984375,""sys_memory_swap_used"":0,""sys_memory_swap_used_cache"":0,""fpm_listen_queue"":""0"",""fpm_listen_queue_length"":""128"",""fpm_total_processes"":""14"",""fpm_active_processes"":""12""}"
1477371782,"{""mysql_table_scans_pct"":0.35650530469539,""mysql_deadlocks"":""0"",""mysql_wait_locks"":""0"",""mysql_current_locks"":""7321"",""mysql_total_locks"":""0"",""mysql_lock_time_avg"":""0"",""mysql_lock_time_max"":""0"",""mysql_select_scans"":""4841"",""mysql_sort_scans"":""11013"",""mysql_join_scans"":""42"",""sys_load_avg"":8.99,""sys_memory_used"":3104.1015625,""sys_memory_used_buffers"":190.40234375,""sys_memory_used_cache"":815.67578125,""sys_memory_swap_used"":0,""sys_memory_swap_used_cache"":0,""fpm_listen_queue"":""0"",""fpm_listen_queue_length"":""128"",""fpm_total_processes"":""14"",""fpm_active_processes"":""14""}"
1477371787,"{""mysql_table_scans_pct"":0.35602758453739,""mysql_deadlocks"":""0"",""mysql_wait_locks"":""0"",""mysql_current_locks"":""7499"",""mysql_total_locks"":""0"",""mysql_lock_time_avg"":""0"",""mysql_lock_time_max"":""0"",""mysql_select_scans"":""5077"",""mysql_sort_scans"":""11538"",""mysql_join_scans"":""42"",""sys_load_avg"":9.56,""sys_memory_used"":3163.828125,""sys_memory_used_buffers"":191.28515625,""sys_memory_used_cache"":825.13671875,""sys_memory_swap_used"":0,""sys_memory_swap_used_cache"":0,""fpm_listen_queue"":""0"",""fpm_listen_queue_length"":""128"",""fpm_total_processes"":""16"",""fpm_active_processes"":""14""}"
1477371792,"{""mysql_table_scans_pct"":0.35601139090494,""mysql_deadlocks"":""0"",""mysql_wait_locks"":""0"",""mysql_current_locks"":""7682"",""mysql_total_locks"":""0"",""mysql_lock_time_avg"":""0"",""mysql_lock_time_max"":""0"",""mysql_select_scans"":""5316"",""mysql_sort_scans"":""12013"",""mysql_join_scans"":""45"",""sys_load_avg"":9.91,""sys_memory_used"":3118.4140625,""sys_memory_used_buffers"":191.9453125,""sys_memory_used_cache"":831.89453125,""sys_memory_swap_used"":0,""sys_memory_swap_used_cache"":0,""fpm_listen_queue"":""0"",""fpm_listen_queue_length"":""128"",""fpm_total_processes"":""14"",""fpm_active_processes"":""11""}"
1477371797,"{""mysql_table_scans_pct"":0.35608101137418,""mysql_deadlocks"":""0"",""mysql_wait_locks"":""0"",""mysql_current_locks"":""7866"",""mysql_total_locks"":""0"",""mysql_lock_time_avg"":""0"",""mysql_lock_time_max"":""0"",""mysql_select_scans"":""5533"",""mysql_sort_scans"":""12333"",""mysql_join_scans"":""47"",""sys_load_avg"":10,""sys_memory_used"":3103.85546875,""sys_memory_used_buffers"":192.53515625,""sys_memory_used_cache"":836.94921875,""sys_memory_swap_used"":0,""sys_memory_swap_used_cache"":0,""fpm_listen_queue"":""0"",""fpm_listen_queue_length"":""128"",""fpm_total_processes"":""14"",""fpm_active_processes"":""11""}"
1477371803,"{""mysql_table_scans_pct"":0.35578863099432,""mysql_deadlocks"":""0"",""mysql_wait_locks"":""0"",""mysql_current_locks"":""8033"",""mysql_total_locks"":""0"",""mysql_lock_time_avg"":""0"",""mysql_lock_time_max"":""0"",""mysql_select_scans"":""5784"",""mysql_sort_scans"":""12781"",""mysql_join_scans"":""50"",""sys_load_avg"":10.39,""sys_memory_used"":3130.5,""sys_memory_used_buffers"":193.2109375,""sys_memory_used_cache"":844.62109375,""sys_memory_swap_used"":0,""sys_memory_swap_used_cache"":0,""fpm_listen_queue"":""0"",""fpm_listen_queue_length"":""128"",""fpm_total_processes"":""13"",""fpm_active_processes"":""13""}"
1477371808,"{""mysql_table_scans_pct"":0.35520815477218,""mysql_deadlocks"":""0"",""mysql_wait_locks"":""0"",""mysql_current_locks"":""8201"",""mysql_total_locks"":""0"",""mysql_lock_time_avg"":""0"",""mysql_lock_time_max"":""0"",""mysql_select_scans"":""6030"",""mysql_sort_scans"":""13169"",""mysql_join_scans"":""54"",""sys_load_avg"":10.28,""sys_memory_used"":3153.98828125,""sys_memory_used_buffers"":194.03515625,""sys_memory_used_cache"":851.234375,""sys_memory_swap_used"":0,""sys_memory_swap_used_cache"":0,""fpm_listen_queue"":""0"",""fpm_listen_queue_length"":""128"",""fpm_total_processes"":""13"",""fpm_active_processes"":""11""}"
1477371813,"{""mysql_table_scans_pct"":0.35468108322472,""mysql_deadlocks"":""0"",""mysql_wait_locks"":""0"",""mysql_current_locks"":""8370"",""mysql_total_locks"":""0"",""mysql_lock_time_avg"":""0"",""mysql_lock_time_max"":""0"",""mysql_select_scans"":""6283"",""mysql_sort_scans"":""13626"",""mysql_join_scans"":""54"",""sys_load_avg"":10.65,""sys_memory_used"":3171.6171875,""sys_memory_used_buffers"":194.87109375,""sys_memory_used_cache"":858.8359375,""sys_memory_swap_used"":0,""sys_memory_swap_used_cache"":0,""fpm_listen_queue"":""0"",""fpm_listen_queue_length"":""128"",""fpm_total_processes"":""13"",""fpm_active_processes"":""7""}"
1477371818,"{""mysql_table_scans_pct"":0.35405837629068,""mysql_deadlocks"":""0"",""mysql_wait_locks"":""0"",""mysql_current_locks"":""8520"",""mysql_total_locks"":""0"",""mysql_lock_time_avg"":""0"",""mysql_lock_time_max"":""0"",""mysql_select_scans"":""6522"",""mysql_sort_scans"":""14043"",""mysql_join_scans"":""58"",""sys_load_avg"":10.68,""sys_memory_used"":3166.55859375,""sys_memory_used_buffers"":195.48828125,""sys_memory_used_cache"":866.10546875,""sys_memory_swap_used"":0,""sys_memory_swap_used_cache"":0,""fpm_listen_queue"":""2"",""fpm_listen_queue_length"":""128"",""fpm_total_processes"":""11"",""fpm_active_processes"":""9""}"
1477371823,"{""mysql_table_scans_pct"":0.35369909946713,""mysql_deadlocks"":""0"",""mysql_wait_locks"":""0"",""mysql_current_locks"":""8671"",""mysql_total_locks"":""0"",""mysql_lock_time_avg"":""0"",""mysql_lock_time_max"":""0"",""mysql_select_scans"":""6774"",""mysql_sort_scans"":""14490"",""mysql_join_scans"":""60"",""sys_load_avg"":10.71,""sys_memory_used"":3207.90234375,""sys_memory_used_buffers"":196.0546875,""sys_memory_used_cache"":873.23046875,""sys_memory_swap_used"":0,""sys_memory_swap_used_cache"":0,""fpm_listen_queue"":""3"",""fpm_listen_queue_length"":""128"",""fpm_total_processes"":""12"",""fpm_active_processes"":""12""}"
1477371828,"{""mysql_table_scans_pct"":0.35287071909333,""mysql_deadlocks"":""0"",""mysql_wait_locks"":""0"",""mysql_current_locks"":""8851"",""mysql_total_locks"":""0"",""mysql_lock_time_avg"":""0"",""mysql_lock_time_max"":""0"",""mysql_select_scans"":""7015"",""mysql_sort_scans"":""14906"",""mysql_join_scans"":""61"",""sys_load_avg"":10.65,""sys_memory_used"":3250.0390625,""sys_memory_used_buffers"":196.53515625,""sys_memory_used_cache"":880.6953125,""sys_memory_swap_used"":0,""sys_memory_swap_used_cache"":0,""fpm_listen_queue"":""0"",""fpm_listen_queue_length"":""128"",""fpm_total_processes"":""14"",""fpm_active_processes"":""10""}"
1477371833,"{""mysql_table_scans_pct"":0.35043734809982,""mysql_deadlocks"":""0"",""mysql_wait_locks"":""0"",""mysql_current_locks"":""9045"",""mysql_total_locks"":""0"",""mysql_lock_time_avg"":""0"",""mysql_lock_time_max"":""0"",""mysql_select_scans"":""7263"",""mysql_sort_scans"":""15316"",""mysql_join_scans"":""63"",""sys_load_avg"":10.12,""sys_memory_used"":3305.43359375,""sys_memory_used_buffers"":197.1328125,""sys_memory_used_cache"":887.8125,""sys_memory_swap_used"":0,""sys_memory_swap_used_cache"":0,""fpm_listen_queue"":""1"",""fpm_listen_queue_length"":""128"",""fpm_total_processes"":""12"",""fpm_active_processes"":""12""}"
1477371838,"{""mysql_table_scans_pct"":0.34752948712988,""mysql_deadlocks"":""0"",""mysql_wait_locks"":""0"",""mysql_current_locks"":""9382"",""mysql_total_locks"":""0"",""mysql_lock_time_avg"":""0"",""mysql_lock_time_max"":""0"",""mysql_select_scans"":""7509"",""mysql_sort_scans"":""15687"",""mysql_join_scans"":""66"",""sys_load_avg"":9.95,""sys_memory_used"":3332.19140625,""sys_memory_used_buffers"":197.94921875,""sys_memory_used_cache"":894.1953125,""sys_memory_swap_used"":0,""sys_memory_swap_used_cache"":0,""fpm_listen_queue"":""0"",""fpm_listen_queue_length"":""128"",""fpm_total_processes"":""13"",""fpm_active_processes"":""10""}"
1477371843,"{""mysql_table_scans_pct"":0.34494958943044,""mysql_deadlocks"":""0"",""mysql_wait_locks"":""0"",""mysql_current_locks"":""9699"",""mysql_total_locks"":""0"",""mysql_lock_time_avg"":""0"",""mysql_lock_time_max"":""0"",""mysql_select_scans"":""7723"",""mysql_sort_scans"":""16100"",""mysql_join_scans"":""67"",""sys_load_avg"":10.43,""sys_memory_used"":3403.9765625,""sys_memory_used_buffers"":198.65625,""sys_memory_used_cache"":901.0625,""sys_memory_swap_used"":0,""sys_memory_swap_used_cache"":0,""fpm_listen_queue"":""1"",""fpm_listen_queue_length"":""128"",""fpm_total_processes"":""14"",""fpm_active_processes"":""11""}"
1477371848,"{""mysql_table_scans_pct"":0.34227793186447,""mysql_deadlocks"":""0"",""mysql_wait_locks"":""0"",""mysql_current_locks"":""0"",""mysql_total_locks"":""0"",""mysql_lock_time_avg"":""0"",""mysql_lock_time_max"":""0"",""mysql_select_scans"":""7960"",""mysql_sort_scans"":""16479"",""mysql_join_scans"":""69"",""sys_load_avg"":10.32,""sys_memory_used"":3365.12890625,""sys_memory_used_buffers"":199.51171875,""sys_memory_used_cache"":908.00390625,""sys_memory_swap_used"":0,""sys_memory_swap_used_cache"":0,""fpm_listen_queue"":""0"",""fpm_listen_queue_length"":""128"",""fpm_total_processes"":""14"",""fpm_active_processes"":""10""}"
1477371854,"{""mysql_table_scans_pct"":0.34002020542975,""mysql_deadlocks"":""0"",""mysql_wait_locks"":""0"",""mysql_current_locks"":""292"",""mysql_total_locks"":""0"",""mysql_lock_time_avg"":""0"",""mysql_lock_time_max"":""0"",""mysql_select_scans"":""8117"",""mysql_sort_scans"":""16824"",""mysql_join_scans"":""70"",""sys_load_avg"":10.69,""sys_memory_used"":3411.640625,""sys_memory_used_buffers"":201.67578125,""sys_memory_used_cache"":912.94140625,""sys_memory_swap_used"":0,""sys_memory_swap_used_cache"":0,""fpm_listen_queue"":""0"",""fpm_listen_queue_length"":""128"",""fpm_total_processes"":""14"",""fpm_active_processes"":""11""}"
1477371859,"{""mysql_table_scans_pct"":0.33243744895737,""mysql_deadlocks"":""0"",""mysql_wait_locks"":""0"",""mysql_current_locks"":""6"",""mysql_total_locks"":""0"",""mysql_lock_time_avg"":""0"",""mysql_lock_time_max"":""0"",""mysql_select_scans"":""8348"",""mysql_sort_scans"":""17095"",""mysql_join_scans"":""72"",""sys_load_avg"":11.04,""sys_memory_used"":3398.765625,""sys_memory_used_buffers"":202.5234375,""sys_memory_used_cache"":916.04296875,""sys_memory_swap_used"":0,""sys_memory_swap_used_cache"":0,""fpm_listen_queue"":""0"",""fpm_listen_queue_length"":""128"",""fpm_total_processes"":""13"",""fpm_active_processes"":""6""}"
1477371864,"{""mysql_table_scans_pct"":0.32800836050276,""mysql_deadlocks"":""0"",""mysql_wait_locks"":""0"",""mysql_current_locks"":""2125"",""mysql_total_locks"":""0"",""mysql_lock_time_avg"":""0"",""mysql_lock_time_max"":""0"",""mysql_select_scans"":""8606"",""mysql_sort_scans"":""17465"",""mysql_join_scans"":""75"",""sys_load_avg"":10.39,""sys_memory_used"":3456.8515625,""sys_memory_used_buffers"":203.859375,""sys_memory_used_cache"":930.0546875,""sys_memory_swap_used"":0,""sys_memory_swap_used_cache"":0,""fpm_listen_queue"":""0"",""fpm_listen_queue_length"":""128"",""fpm_total_processes"":""12"",""fpm_active_processes"":""12""}"
1477371869,"{""mysql_table_scans_pct"":0.30992325989066,""mysql_deadlocks"":""0"",""mysql_wait_locks"":""0"",""mysql_current_locks"":""0"",""mysql_total_locks"":""0"",""mysql_lock_time_avg"":""0"",""mysql_lock_time_max"":""0"",""mysql_select_scans"":""8801"",""mysql_sort_scans"":""17783"",""mysql_join_scans"":""78"",""sys_load_avg"":9.8,""sys_memory_used"":3374.87109375,""sys_memory_used_buffers"":204.3515625,""sys_memory_used_cache"":935.90234375,""sys_memory_swap_used"":0,""sys_memory_swap_used_cache"":0,""fpm_listen_queue"":""0"",""fpm_listen_queue_length"":""128"",""fpm_total_processes"":""12"",""fpm_active_processes"":""12""}"
1477371874,"{""mysql_table_scans_pct"":0.28395844441492,""mysql_deadlocks"":""0"",""mysql_wait_locks"":""0"",""mysql_current_locks"":""0"",""mysql_total_locks"":""0"",""mysql_lock_time_avg"":""0"",""mysql_lock_time_max"":""0"",""mysql_select_scans"":""8942"",""mysql_sort_scans"":""18059"",""mysql_join_scans"":""82"",""sys_load_avg"":9.98,""sys_memory_used"":3358.80859375,""sys_memory_used_buffers"":204.77734375,""sys_memory_used_cache"":939.7734375,""sys_memory_swap_used"":0,""sys_memory_swap_used_cache"":0,""fpm_listen_queue"":""2"",""fpm_listen_queue_length"":""128"",""fpm_total_processes"":""12"",""fpm_active_processes"":""12""}"
1477371879,"{""mysql_table_scans_pct"":0.26193540948991,""mysql_deadlocks"":""0"",""mysql_wait_locks"":""0"",""mysql_current_locks"":""0"",""mysql_total_locks"":""0"",""mysql_lock_time_avg"":""0"",""mysql_lock_time_max"":""0"",""mysql_select_scans"":""9086"",""mysql_sort_scans"":""18367"",""mysql_join_scans"":""88"",""sys_load_avg"":10.22,""sys_memory_used"":3374.94921875,""sys_memory_used_buffers"":205.25,""sys_memory_used_cache"":945.6875,""sys_memory_swap_used"":0,""sys_memory_swap_used_cache"":0,""fpm_listen_queue"":""2"",""fpm_listen_queue_length"":""128"",""fpm_total_processes"":""12"",""fpm_active_processes"":""12""}"
1477371884,"{""mysql_table_scans_pct"":0.24155494718422,""mysql_deadlocks"":""0"",""mysql_wait_locks"":""0"",""mysql_current_locks"":""0"",""mysql_total_locks"":""0"",""mysql_lock_time_avg"":""0"",""mysql_lock_time_max"":""0"",""mysql_select_scans"":""9229"",""mysql_sort_scans"":""18734"",""mysql_join_scans"":""90"",""sys_load_avg"":10.44,""sys_memory_used"":3348.6796875,""sys_memory_used_buffers"":205.86328125,""sys_memory_used_cache"":951.953125,""sys_memory_swap_used"":0,""sys_memory_swap_used_cache"":0,""fpm_listen_queue"":""0"",""fpm_listen_queue_length"":""128"",""fpm_total_processes"":""11"",""fpm_active_processes"":""11""}"
1477371889,"{""mysql_table_scans_pct"":0.22632153069446,""mysql_deadlocks"":""0"",""mysql_wait_locks"":""0"",""mysql_current_locks"":""3"",""mysql_total_locks"":""0"",""mysql_lock_time_avg"":""0"",""mysql_lock_time_max"":""0"",""mysql_select_scans"":""9372"",""mysql_sort_scans"":""19024"",""mysql_join_scans"":""97"",""sys_load_avg"":10.25,""sys_memory_used"":3382.6953125,""sys_memory_used_buffers"":206.44921875,""sys_memory_used_cache"":957.1796875,""sys_memory_swap_used"":0,""sys_memory_swap_used_cache"":0,""fpm_listen_queue"":""0"",""fpm_listen_queue_length"":""128"",""fpm_total_processes"":""11"",""fpm_active_processes"":""9""}"
1477371894,"{""mysql_table_scans_pct"":0.21398911461332,""mysql_deadlocks"":""0"",""mysql_wait_locks"":""0"",""mysql_current_locks"":""0"",""mysql_total_locks"":""0"",""mysql_lock_time_avg"":""0"",""mysql_lock_time_max"":""0"",""mysql_select_scans"":""9511"",""mysql_sort_scans"":""19359"",""mysql_join_scans"":""100"",""sys_load_avg"":10.39,""sys_memory_used"":3398.25,""sys_memory_used_buffers"":206.953125,""sys_memory_used_cache"":962.8671875,""sys_memory_swap_used"":0,""sys_memory_swap_used_cache"":0,""fpm_listen_queue"":""2"",""fpm_listen_queue_length"":""128"",""fpm_total_processes"":""11"",""fpm_active_processes"":""11""}"
1477371900,"{""mysql_table_scans_pct"":0.20232444687837,""mysql_deadlocks"":""0"",""mysql_wait_locks"":""0"",""mysql_current_locks"":""0"",""mysql_total_locks"":""0"",""mysql_lock_time_avg"":""0"",""mysql_lock_time_max"":""0"",""mysql_select_scans"":""9663"",""mysql_sort_scans"":""19729"",""mysql_join_scans"":""105"",""sys_load_avg"":10.44,""sys_memory_used"":3401.86328125,""sys_memory_used_buffers"":207.1953125,""sys_memory_used_cache"":966.6875,""sys_memory_swap_used"":0,""sys_memory_swap_used_cache"":0,""fpm_listen_queue"":""1"",""fpm_listen_queue_length"":""128"",""fpm_total_processes"":""11"",""fpm_active_processes"":""11""}"
1477371905,"{""mysql_table_scans_pct"":0.19293474941485,""mysql_deadlocks"":""0"",""mysql_wait_locks"":""0"",""mysql_current_locks"":""0"",""mysql_total_locks"":""0"",""mysql_lock_time_avg"":""0"",""mysql_lock_time_max"":""0"",""mysql_select_scans"":""9797"",""mysql_sort_scans"":""20061"",""mysql_join_scans"":""107"",""sys_load_avg"":10.72,""sys_memory_used"":3467.59375,""sys_memory_used_buffers"":207.44921875,""sys_memory_used_cache"":970.80078125,""sys_memory_swap_used"":0,""sys_memory_swap_used_cache"":0,""fpm_listen_queue"":""0"",""fpm_listen_queue_length"":""128"",""fpm_total_processes"":""15"",""fpm_active_processes"":""9""}"
1477371910,"{""mysql_table_scans_pct"":0.1829684526356,""mysql_deadlocks"":""0"",""mysql_wait_locks"":""0"",""mysql_current_locks"":""0"",""mysql_total_locks"":""0"",""mysql_lock_time_avg"":""0"",""mysql_lock_time_max"":""0"",""mysql_select_scans"":""9937"",""mysql_sort_scans"":""20359"",""mysql_join_scans"":""112"",""sys_load_avg"":10.42,""sys_memory_used"":3449.41796875,""sys_memory_used_buffers"":207.75390625,""sys_memory_used_cache"":974.16015625,""sys_memory_swap_used"":0,""sys_memory_swap_used_cache"":0,""fpm_listen_queue"":""0"",""fpm_listen_queue_length"":""128"",""fpm_total_processes"":""13"",""fpm_active_processes"":""9""}"
1477371915,"{""mysql_table_scans_pct"":0.17997573394599,""mysql_deadlocks"":""0"",""mysql_wait_locks"":""0"",""mysql_current_locks"":""0"",""mysql_total_locks"":""0"",""mysql_lock_time_avg"":""0"",""mysql_lock_time_max"":""0"",""mysql_select_scans"":""10031"",""mysql_sort_scans"":""20652"",""mysql_join_scans"":""115"",""sys_load_avg"":10.47,""sys_memory_used"":3403.18359375,""sys_memory_used_buffers"":208.25390625,""sys_memory_used_cache"":978.54296875,""sys_memory_swap_used"":0,""sys_memory_swap_used_cache"":0,""fpm_listen_queue"":""5"",""fpm_listen_queue_length"":""128"",""fpm_total_processes"":""12"",""fpm_active_processes"":""5""}"
1477371920,"{""mysql_table_scans_pct"":0.17999113623008,""mysql_deadlocks"":""0"",""mysql_wait_locks"":""0"",""mysql_current_locks"":""0"",""mysql_total_locks"":""0"",""mysql_lock_time_avg"":""0"",""mysql_lock_time_max"":""0"",""mysql_select_scans"":""10125"",""mysql_sort_scans"":""21091"",""mysql_join_scans"":""118"",""sys_load_avg"":10.43,""sys_memory_used"":3460.91015625,""sys_memory_used_buffers"":208.41796875,""sys_memory_used_cache"":983.23828125,""sys_memory_swap_used"":0,""sys_memory_swap_used_cache"":0,""fpm_listen_queue"":""0"",""fpm_listen_queue_length"":""128"",""fpm_total_processes"":""12"",""fpm_active_processes"":""5""}"
1477371925,"{""mysql_table_scans_pct"":0.1800059962962,""mysql_deadlocks"":""0"",""mysql_wait_locks"":""0"",""mysql_current_locks"":""0"",""mysql_total_locks"":""0"",""mysql_lock_time_avg"":""0"",""mysql_lock_time_max"":""0"",""mysql_select_scans"":""10211"",""mysql_sort_scans"":""21397"",""mysql_join_scans"":""122"",""sys_load_avg"":10.64,""sys_memory_used"":3387.64453125,""sys_memory_used_buffers"":208.62109375,""sys_memory_used_cache"":987.41796875,""sys_memory_swap_used"":0,""sys_memory_swap_used_cache"":0,""fpm_listen_queue"":""4"",""fpm_listen_queue_length"":""128"",""fpm_total_processes"":""10"",""fpm_active_processes"":""10""}"
1477371930,"{""mysql_table_scans_pct"":0.17905719353599,""mysql_deadlocks"":""0"",""mysql_wait_locks"":""0"",""mysql_current_locks"":""1505"",""mysql_total_locks"":""0"",""mysql_lock_time_avg"":""0"",""mysql_lock_time_max"":""0"",""mysql_select_scans"":""10380"",""mysql_sort_scans"":""21745"",""mysql_join_scans"":""126"",""sys_load_avg"":10.59,""sys_memory_used"":3458.05859375,""sys_memory_used_buffers"":208.84765625,""sys_memory_used_cache"":990.125,""sys_memory_swap_used"":0,""sys_memory_swap_used_cache"":0,""fpm_listen_queue"":""1"",""fpm_listen_queue_length"":""128"",""fpm_total_processes"":""10"",""fpm_active_processes"":""10""}"
1477371935,"{""mysql_table_scans_pct"":0.18146204078582,""mysql_deadlocks"":""0"",""mysql_wait_locks"":""0"",""mysql_current_locks"":""182"",""mysql_total_locks"":""0"",""mysql_lock_time_avg"":""0"",""mysql_lock_time_max"":""0"",""mysql_select_scans"":""10506"",""mysql_sort_scans"":""22108"",""mysql_join_scans"":""129"",""sys_load_avg"":10.3,""sys_memory_used"":3433.9453125,""sys_memory_used_buffers"":208.99609375,""sys_memory_used_cache"":997.90234375,""sys_memory_swap_used"":0,""sys_memory_swap_used_cache"":0,""fpm_listen_queue"":""0"",""fpm_listen_queue_length"":""128"",""fpm_total_processes"":""9"",""fpm_active_processes"":""9""}"
1477371940,"{""mysql_table_scans_pct"":0.18009199528565,""mysql_deadlocks"":""0"",""mysql_wait_locks"":""0"",""mysql_current_locks"":""0"",""mysql_total_locks"":""0"",""mysql_lock_time_avg"":""0"",""mysql_lock_time_max"":""0"",""mysql_select_scans"":""10733"",""mysql_sort_scans"":""22568"",""mysql_join_scans"":""134"",""sys_load_avg"":10.28,""sys_memory_used"":3488.6328125,""sys_memory_used_buffers"":209.13671875,""sys_memory_used_cache"":1003.41015625,""sys_memory_swap_used"":0,""sys_memory_swap_used_cache"":0,""fpm_listen_queue"":""4"",""fpm_listen_queue_length"":""128"",""fpm_total_processes"":""10"",""fpm_active_processes"":""10""}"
1477371946,"{""mysql_table_scans_pct"":0.18257529057444,""mysql_deadlocks"":""0"",""mysql_wait_locks"":""0"",""mysql_current_locks"":""263"",""mysql_total_locks"":""1"",""mysql_lock_time_avg"":""233"",""mysql_lock_time_max"":""233"",""mysql_select_scans"":""10854"",""mysql_sort_scans"":""22912"",""mysql_join_scans"":""140"",""sys_load_avg"":10.49,""sys_memory_used"":3479.53515625,""sys_memory_used_buffers"":209.41796875,""sys_memory_used_cache"":1009.29296875,""sys_memory_swap_used"":0,""sys_memory_swap_used_cache"":0,""fpm_listen_queue"":""0"",""fpm_listen_queue_length"":""128"",""fpm_total_processes"":""10"",""fpm_active_processes"":""10""}"
1477371951,"{""mysql_table_scans_pct"":0.18330041118041,""mysql_deadlocks"":""0"",""mysql_wait_locks"":""0"",""mysql_current_locks"":""433"",""mysql_total_locks"":""2"",""mysql_lock_time_avg"":""245"",""mysql_lock_time_max"":""257"",""mysql_select_scans"":""10976"",""mysql_sort_scans"":""23257"",""mysql_join_scans"":""146"",""sys_load_avg"":10.53,""sys_memory_used"":3489.04296875,""sys_memory_used_buffers"":209.95703125,""sys_memory_used_cache"":1012.703125,""sys_memory_swap_used"":0,""sys_memory_swap_used_cache"":0,""fpm_listen_queue"":""1"",""fpm_listen_queue_length"":""128"",""fpm_total_processes"":""9"",""fpm_active_processes"":""9""}"
1477371956,"{""mysql_table_scans_pct"":0.18656726445902,""mysql_deadlocks"":""0"",""mysql_wait_locks"":""1"",""mysql_current_locks"":""2255"",""mysql_total_locks"":""3"",""mysql_lock_time_avg"":""163"",""mysql_lock_time_max"":""257"",""mysql_select_scans"":""11128"",""mysql_sort_scans"":""23653"",""mysql_join_scans"":""151"",""sys_load_avg"":10.57,""sys_memory_used"":3559.15625,""sys_memory_used_buffers"":210.25390625,""sys_memory_used_cache"":1017.2734375,""sys_memory_swap_used"":0,""sys_memory_swap_used_cache"":0,""fpm_listen_queue"":""0"",""fpm_listen_queue_length"":""128"",""fpm_total_processes"":""12"",""fpm_active_processes"":""11""}"
1477371961,"{""mysql_table_scans_pct"":0.18445334424442,""mysql_deadlocks"":""0"",""mysql_wait_locks"":""6"",""mysql_current_locks"":""3166"",""mysql_total_locks"":""8"",""mysql_lock_time_avg"":""61"",""mysql_lock_time_max"":""257"",""mysql_select_scans"":""11307"",""mysql_sort_scans"":""23962"",""mysql_join_scans"":""151"",""sys_load_avg"":10.53,""sys_memory_used"":3575.5078125,""sys_memory_used_buffers"":210.50390625,""sys_memory_used_cache"":1020.41015625,""sys_memory_swap_used"":0,""sys_memory_swap_used_cache"":0,""fpm_listen_queue"":""1"",""fpm_listen_queue_length"":""128"",""fpm_total_processes"":""11"",""fpm_active_processes"":""10""}"
1477371966,"{""mysql_table_scans_pct"":0.18255244716549,""mysql_deadlocks"":""0"",""mysql_wait_locks"":""7"",""mysql_current_locks"":""4289"",""mysql_total_locks"":""9"",""mysql_lock_time_avg"":""54"",""mysql_lock_time_max"":""257"",""mysql_select_scans"":""11451"",""mysql_sort_scans"":""24177"",""mysql_join_scans"":""151"",""sys_load_avg"":10.16,""sys_memory_used"":3625.0625,""sys_memory_used_buffers"":210.77734375,""sys_memory_used_cache"":1022.33984375,""sys_memory_swap_used"":0,""sys_memory_swap_used_cache"":0,""fpm_listen_queue"":""4"",""fpm_listen_queue_length"":""128"",""fpm_total_processes"":""12"",""fpm_active_processes"":""12""}"
1477371971,"{""mysql_table_scans_pct"":0.18505794878526,""mysql_deadlocks"":""0"",""mysql_wait_locks"":""3"",""mysql_current_locks"":""681"",""mysql_total_locks"":""14"",""mysql_lock_time_avg"":""4862"",""mysql_lock_time_max"":""14517"",""mysql_select_scans"":""11625"",""mysql_sort_scans"":""24464"",""mysql_join_scans"":""162"",""sys_load_avg"":9.67,""sys_memory_used"":3621.26953125,""sys_memory_used_buffers"":211.0625,""sys_memory_used_cache"":1023.8515625,""sys_memory_swap_used"":0,""sys_memory_swap_used_cache"":0,""fpm_listen_queue"":""0"",""fpm_listen_queue_length"":""128"",""fpm_total_processes"":""13"",""fpm_active_processes"":""9""}"
1477371976,"{""mysql_table_scans_pct"":0.18803679869251,""mysql_deadlocks"":""0"",""mysql_wait_locks"":""6"",""mysql_current_locks"":""4122"",""mysql_total_locks"":""17"",""mysql_lock_time_avg"":""4004"",""mysql_lock_time_max"":""14517"",""mysql_select_scans"":""11811"",""mysql_sort_scans"":""24804"",""mysql_join_scans"":""162"",""sys_load_avg"":9.86,""sys_memory_used"":3600.49609375,""sys_memory_used_buffers"":211.296875,""sys_memory_used_cache"":1031.828125,""sys_memory_swap_used"":0,""sys_memory_swap_used_cache"":0,""fpm_listen_queue"":""0"",""fpm_listen_queue_length"":""128"",""fpm_total_processes"":""11"",""fpm_active_processes"":""11""}"
1477371981,"{""mysql_table_scans_pct"":0.19857885791494,""mysql_deadlocks"":""0"",""mysql_wait_locks"":""10"",""mysql_current_locks"":""13916"",""mysql_total_locks"":""21"",""mysql_lock_time_avg"":""3241"",""mysql_lock_time_max"":""14517"",""mysql_select_scans"":""11973"",""mysql_sort_scans"":""25054"",""mysql_join_scans"":""162"",""sys_load_avg"":9.39,""sys_memory_used"":3675.47265625,""sys_memory_used_buffers"":211.6953125,""sys_memory_used_cache"":1036.796875,""sys_memory_swap_used"":0,""sys_memory_swap_used_cache"":0,""fpm_listen_queue"":""2"",""fpm_listen_queue_length"":""128"",""fpm_total_processes"":""13"",""fpm_active_processes"":""13""}"
1477371986,"{""mysql_table_scans_pct"":0.20620787293102,""mysql_deadlocks"":""0"",""mysql_wait_locks"":""0"",""mysql_current_locks"":""967"",""mysql_total_locks"":""21"",""mysql_lock_time_avg"":""7370"",""mysql_lock_time_max"":""14532"",""mysql_select_scans"":""12122"",""mysql_sort_scans"":""25357"",""mysql_join_scans"":""174"",""sys_load_avg"":8.96,""sys_memory_used"":3707.52734375,""sys_memory_used_buffers"":212.8359375,""sys_memory_used_cache"":1039.80859375,""sys_memory_swap_used"":0,""sys_memory_swap_used_cache"":0,""fpm_listen_queue"":""0"",""fpm_listen_queue_length"":""128"",""fpm_total_processes"":""14"",""fpm_active_processes"":""11""}"
1477371992,"{""mysql_table_scans_pct"":0.20832491274495,""mysql_deadlocks"":""0"",""mysql_wait_locks"":""0"",""mysql_current_locks"":""356"",""mysql_total_locks"":""22"",""mysql_lock_time_avg"":""7093"",""mysql_lock_time_max"":""14532"",""mysql_select_scans"":""12208"",""mysql_sort_scans"":""25760"",""mysql_join_scans"":""175"",""sys_load_avg"":9.2,""sys_memory_used"":3720.4140625,""sys_memory_used_buffers"":213.1796875,""sys_memory_used_cache"":1043.4921875,""sys_memory_swap_used"":0,""sys_memory_swap_used_cache"":0,""fpm_listen_queue"":""0"",""fpm_listen_queue_length"":""128"",""fpm_total_processes"":""14"",""fpm_active_processes"":""14""}"
1477371997,"{""mysql_table_scans_pct"":0.21201310197251,""mysql_deadlocks"":""0"",""mysql_wait_locks"":""0"",""mysql_current_locks"":""1983"",""mysql_total_locks"":""22"",""mysql_lock_time_avg"":""7093"",""mysql_lock_time_max"":""14532"",""mysql_select_scans"":""12291"",""mysql_sort_scans"":""25989"",""mysql_join_scans"":""179"",""sys_load_avg"":9.26,""sys_memory_used"":3645.28125,""sys_memory_used_buffers"":213.421875,""sys_memory_used_cache"":1045.83203125,""sys_memory_swap_used"":0,""sys_memory_swap_used_cache"":0,""fpm_listen_queue"":""0"",""fpm_listen_queue_length"":""128"",""fpm_total_processes"":""13"",""fpm_active_processes"":""13""}"
1477372002,"{""mysql_table_scans_pct"":0.2197766495214,""mysql_deadlocks"":""0"",""mysql_wait_locks"":""0"",""mysql_current_locks"":""3352"",""mysql_total_locks"":""22"",""mysql_lock_time_avg"":""7093"",""mysql_lock_time_max"":""14532"",""mysql_select_scans"":""12474"",""mysql_sort_scans"":""26390"",""mysql_join_scans"":""181"",""sys_load_avg"":9.48,""sys_memory_used"":3631.125,""sys_memory_used_buffers"":213.83984375,""sys_memory_used_cache"":1048.796875,""sys_memory_swap_used"":0,""sys_memory_swap_used_cache"":0,""fpm_listen_queue"":""0"",""fpm_listen_queue_length"":""128"",""fpm_total_processes"":""12"",""fpm_active_processes"":""12""}"
1477372007,"{""mysql_table_scans_pct"":0.2182937187224,""mysql_deadlocks"":""0"",""mysql_wait_locks"":""0"",""mysql_current_locks"":""4822"",""mysql_total_locks"":""22"",""mysql_lock_time_avg"":""7093"",""mysql_lock_time_max"":""14532"",""mysql_select_scans"":""12681"",""mysql_sort_scans"":""26735"",""mysql_join_scans"":""186"",""sys_load_avg"":9.44,""sys_memory_used"":3580.55859375,""sys_memory_used_buffers"":214.359375,""sys_memory_used_cache"":1051.8046875,""sys_memory_swap_used"":0,""sys_memory_swap_used_cache"":0,""fpm_listen_queue"":""6"",""fpm_listen_queue_length"":""128"",""fpm_total_processes"":""9"",""fpm_active_processes"":""8""}"
1477372012,"{""mysql_table_scans_pct"":0.22366017460668,""mysql_deadlocks"":""0"",""mysql_wait_locks"":""0"",""mysql_current_locks"":""5890"",""mysql_total_locks"":""22"",""mysql_lock_time_avg"":""7093"",""mysql_lock_time_max"":""14532"",""mysql_select_scans"":""12924"",""mysql_sort_scans"":""27152"",""mysql_join_scans"":""188"",""sys_load_avg"":9.41,""sys_memory_used"":3656.76171875,""sys_memory_used_buffers"":214.78125,""sys_memory_used_cache"":1061.60546875,""sys_memory_swap_used"":0,""sys_memory_swap_used_cache"":0,""fpm_listen_queue"":""0"",""fpm_listen_queue_length"":""128"",""fpm_total_processes"":""12"",""fpm_active_processes"":""11""}"
1477372017,"{""mysql_table_scans_pct"":0.22569762421357,""mysql_deadlocks"":""0"",""mysql_wait_locks"":""0"",""mysql_current_locks"":""5892"",""mysql_total_locks"":""22"",""mysql_lock_time_avg"":""7093"",""mysql_lock_time_max"":""14532"",""mysql_select_scans"":""13142"",""mysql_sort_scans"":""27469"",""mysql_join_scans"":""193"",""sys_load_avg"":9.14,""sys_memory_used"":3633.65234375,""sys_memory_used_buffers"":215.51171875,""sys_memory_used_cache"":1066.78515625,""sys_memory_swap_used"":0,""sys_memory_swap_used_cache"":0,""fpm_listen_queue"":""0"",""fpm_listen_queue_length"":""128"",""fpm_total_processes"":""12"",""fpm_active_processes"":""11""}"
1477372022,"{""mysql_table_scans_pct"":0.22989023728981,""mysql_deadlocks"":""0"",""mysql_wait_locks"":""0"",""mysql_current_locks"":""6658"",""mysql_total_locks"":""22"",""mysql_lock_time_avg"":""7093"",""mysql_lock_time_max"":""14532"",""mysql_select_scans"":""13346"",""mysql_sort_scans"":""27851"",""mysql_join_scans"":""194"",""sys_load_avg"":9.12,""sys_memory_used"":3674.69140625,""sys_memory_used_buffers"":218.12109375,""sys_memory_used_cache"":1067.75,""sys_memory_swap_used"":0,""sys_memory_swap_used_cache"":0,""fpm_listen_queue"":""0"",""fpm_listen_queue_length"":""128"",""fpm_total_processes"":""12"",""fpm_active_processes"":""11""}"
1477372027,"{""mysql_table_scans_pct"":0.23331122705324,""mysql_deadlocks"":""0"",""mysql_wait_locks"":""0"",""mysql_current_locks"":""7926"",""mysql_total_locks"":""22"",""mysql_lock_time_avg"":""7093"",""mysql_lock_time_max"":""14532"",""mysql_select_scans"":""13552"",""mysql_sort_scans"":""28195"",""mysql_join_scans"":""196"",""sys_load_avg"":9.19,""sys_memory_used"":3696.78515625,""sys_memory_used_buffers"":218.28515625,""sys_memory_used_cache"":1070.3359375,""sys_memory_swap_used"":0,""sys_memory_swap_used_cache"":0,""fpm_listen_queue"":""0"",""fpm_listen_queue_length"":""128"",""fpm_total_processes"":""13"",""fpm_active_processes"":""10""}"
1477372032,"{""mysql_table_scans_pct"":0.23367989279732,""mysql_deadlocks"":""0"",""mysql_wait_locks"":""0"",""mysql_current_locks"":""8546"",""mysql_total_locks"":""22"",""mysql_lock_time_avg"":""7093"",""mysql_lock_time_max"":""14532"",""mysql_select_scans"":""13739"",""mysql_sort_scans"":""28496"",""mysql_join_scans"":""199"",""sys_load_avg"":8.94,""sys_memory_used"":3600.64453125,""sys_memory_used_buffers"":218.49609375,""sys_memory_used_cache"":1073.9765625,""sys_memory_swap_used"":0,""sys_memory_swap_used_cache"":0,""fpm_listen_queue"":""0"",""fpm_listen_queue_length"":""128"",""fpm_total_processes"":""10"",""fpm_active_processes"":""8""}"
1477372037,"{""mysql_table_scans_pct"":0.23307261459031,""mysql_deadlocks"":""0"",""mysql_wait_locks"":""0"",""mysql_current_locks"":""8973"",""mysql_total_locks"":""22"",""mysql_lock_time_avg"":""7093"",""mysql_lock_time_max"":""14532"",""mysql_select_scans"":""13952"",""mysql_sort_scans"":""28827"",""mysql_join_scans"":""206"",""sys_load_avg"":9.02,""sys_memory_used"":3678.46875,""sys_memory_used_buffers"":218.81640625,""sys_memory_used_cache"":1078.4296875,""sys_memory_swap_used"":0,""sys_memory_swap_used_cache"":0,""fpm_listen_queue"":""3"",""fpm_listen_queue_length"":""128"",""fpm_total_processes"":""11"",""fpm_active_processes"":""11""}"
1477372043,"{""mysql_table_scans_pct"":0.23259680896512,""mysql_deadlocks"":""0"",""mysql_wait_locks"":""0"",""mysql_current_locks"":""9302"",""mysql_total_locks"":""22"",""mysql_lock_time_avg"":""7093"",""mysql_lock_time_max"":""14532"",""mysql_select_scans"":""14164"",""mysql_sort_scans"":""29218"",""mysql_join_scans"":""209"",""sys_load_avg"":9.34,""sys_memory_used"":3722.78515625,""sys_memory_used_buffers"":219,""sys_memory_used_cache"":1083.22265625,""sys_memory_swap_used"":0,""sys_memory_swap_used_cache"":0,""fpm_listen_queue"":""0"",""fpm_listen_queue_length"":""128"",""fpm_total_processes"":""13"",""fpm_active_processes"":""13""}"
1477372048,"{""mysql_table_scans_pct"":0.23275989722741,""mysql_deadlocks"":""0"",""mysql_wait_locks"":""0"",""mysql_current_locks"":""111"",""mysql_total_locks"":""22"",""mysql_lock_time_avg"":""7093"",""mysql_lock_time_max"":""14532"",""mysql_select_scans"":""14343"",""mysql_sort_scans"":""29519"",""mysql_join_scans"":""213"",""sys_load_avg"":8.63,""sys_memory_used"":3730.4453125,""sys_memory_used_buffers"":221.18359375,""sys_memory_used_cache"":1086.19140625,""sys_memory_swap_used"":0,""sys_memory_swap_used_cache"":0,""fpm_listen_queue"":""0"",""fpm_listen_queue_length"":""128"",""fpm_total_processes"":""13"",""fpm_active_processes"":""11""}"
1477372053,"{""mysql_table_scans_pct"":0.23083356491521,""mysql_deadlocks"":""0"",""mysql_wait_locks"":""0"",""mysql_current_locks"":""511"",""mysql_total_locks"":""22"",""mysql_lock_time_avg"":""7093"",""mysql_lock_time_max"":""14532"",""mysql_select_scans"":""14588"",""mysql_sort_scans"":""29941"",""mysql_join_scans"":""214"",""sys_load_avg"":8.9,""sys_memory_used"":3744.4375,""sys_memory_used_buffers"":224.3984375,""sys_memory_used_cache"":1088.63671875,""sys_memory_swap_used"":0,""sys_memory_swap_used_cache"":0,""fpm_listen_queue"":""0"",""fpm_listen_queue_length"":""128"",""fpm_total_processes"":""13"",""fpm_active_processes"":""7""}"
1477372058,"{""mysql_table_scans_pct"":0.22940462585138,""mysql_deadlocks"":""0"",""mysql_wait_locks"":""0"",""mysql_current_locks"":""1676"",""mysql_total_locks"":""22"",""mysql_lock_time_avg"":""7093"",""mysql_lock_time_max"":""14532"",""mysql_select_scans"":""14818"",""mysql_sort_scans"":""30200"",""mysql_join_scans"":""216"",""sys_load_avg"":8.75,""sys_memory_used"":3778.85546875,""sys_memory_used_buffers"":225.421875,""sys_memory_used_cache"":1097.86328125,""sys_memory_swap_used"":0,""sys_memory_swap_used_cache"":0,""fpm_listen_queue"":""0"",""fpm_listen_queue_length"":""128"",""fpm_total_processes"":""15"",""fpm_active_processes"":""5""}"
1477372063,"{""mysql_table_scans_pct"":0.22695047621855,""mysql_deadlocks"":""0"",""mysql_wait_locks"":""0"",""mysql_current_locks"":""0"",""mysql_total_locks"":""22"",""mysql_lock_time_avg"":""7093"",""mysql_lock_time_max"":""14532"",""mysql_select_scans"":""15028"",""mysql_sort_scans"":""30551"",""mysql_join_scans"":""219"",""sys_load_avg"":8.85,""sys_memory_used"":3734.68359375,""sys_memory_used_buffers"":225.69921875,""sys_memory_used_cache"":1102.66015625,""sys_memory_swap_used"":0,""sys_memory_swap_used_cache"":0,""fpm_listen_queue"":""0"",""fpm_listen_queue_length"":""128"",""fpm_total_processes"":""13"",""fpm_active_processes"":""12""}"
1477372068,"{""mysql_table_scans_pct"":0.22225798458821,""mysql_deadlocks"":""0"",""mysql_wait_locks"":""0"",""mysql_current_locks"":""0"",""mysql_total_locks"":""22"",""mysql_lock_time_avg"":""7093"",""mysql_lock_time_max"":""14532"",""mysql_select_scans"":""15139"",""mysql_sort_scans"":""30743"",""mysql_join_scans"":""224"",""sys_load_avg"":9.02,""sys_memory_used"":3715.8515625,""sys_memory_used_buffers"":226.1796875,""sys_memory_used_cache"":1104.8125,""sys_memory_swap_used"":0,""sys_memory_swap_used_cache"":0,""fpm_listen_queue"":""0"",""fpm_listen_queue_length"":""128"",""fpm_total_processes"":""12"",""fpm_active_processes"":""11""}"
1477372073,"{""mysql_table_scans_pct"":0.21597013405582,""mysql_deadlocks"":""0"",""mysql_wait_locks"":""0"",""mysql_current_locks"":""0"",""mysql_total_locks"":""22"",""mysql_lock_time_avg"":""7093"",""mysql_lock_time_max"":""14532"",""mysql_select_scans"":""15263"",""mysql_sort_scans"":""31022"",""mysql_join_scans"":""226"",""sys_load_avg"":8.62,""sys_memory_used"":3673.47265625,""sys_memory_used_buffers"":226.6015625,""sys_memory_used_cache"":1107.33984375,""sys_memory_swap_used"":0,""sys_memory_swap_used_cache"":0,""fpm_listen_queue"":""0"",""fpm_listen_queue_length"":""128"",""fpm_total_processes"":""13"",""fpm_active_processes"":""11""}"
1477372078,"{""mysql_table_scans_pct"":0.21290019925111,""mysql_deadlocks"":""0"",""mysql_wait_locks"":""0"",""mysql_current_locks"":""0"",""mysql_total_locks"":""22"",""mysql_lock_time_avg"":""7093"",""mysql_lock_time_max"":""14532"",""mysql_select_scans"":""15381"",""mysql_sort_scans"":""31359"",""mysql_join_scans"":""228"",""sys_load_avg"":8.33,""sys_memory_used"":3620.65625,""sys_memory_used_buffers"":226.890625,""sys_memory_used_cache"":1109.15625,""sys_memory_swap_used"":0,""sys_memory_swap_used_cache"":0,""fpm_listen_queue"":""0"",""fpm_listen_queue_length"":""128"",""fpm_total_processes"":""10"",""fpm_active_processes"":""9""}"
1477372083,"{""mysql_table_scans_pct"":0.20792092224257,""mysql_deadlocks"":""0"",""mysql_wait_locks"":""0"",""mysql_current_locks"":""0"",""mysql_total_locks"":""22"",""mysql_lock_time_avg"":""7093"",""mysql_lock_time_max"":""14532"",""mysql_select_scans"":""15491"",""mysql_sort_scans"":""31582"",""mysql_join_scans"":""232"",""sys_load_avg"":8.62,""sys_memory_used"":3685.8515625,""sys_memory_used_buffers"":227.30859375,""sys_memory_used_cache"":1111.17578125,""sys_memory_swap_used"":0,""sys_memory_swap_used_cache"":0,""fpm_listen_queue"":""0"",""fpm_listen_queue_length"":""128"",""fpm_total_processes"":""12"",""fpm_active_processes"":""12""}"
1477372089,"{""mysql_table_scans_pct"":0.20342059466385,""mysql_deadlocks"":""0"",""mysql_wait_locks"":""0"",""mysql_current_locks"":""0"",""mysql_total_locks"":""22"",""mysql_lock_time_avg"":""7093"",""mysql_lock_time_max"":""14532"",""mysql_select_scans"":""15611"",""mysql_sort_scans"":""31838"",""mysql_join_scans"":""234"",""sys_load_avg"":8.01,""sys_memory_used"":3667.80859375,""sys_memory_used_buffers"":227.6875,""sys_memory_used_cache"":1113.5234375,""sys_memory_swap_used"":0,""sys_memory_swap_used_cache"":0,""fpm_listen_queue"":""0"",""fpm_listen_queue_length"":""128"",""fpm_total_processes"":""11"",""fpm_active_processes"":""11""}"
1477372094,"{""mysql_table_scans_pct"":0.19840343166595,""mysql_deadlocks"":""0"",""mysql_wait_locks"":""0"",""mysql_current_locks"":""0"",""mysql_total_locks"":""22"",""mysql_lock_time_avg"":""7093"",""mysql_lock_time_max"":""14532"",""mysql_select_scans"":""15752"",""mysql_sort_scans"":""32200"",""mysql_join_scans"":""235"",""sys_load_avg"":7.69,""sys_memory_used"":3671.3828125,""sys_memory_used_buffers"":227.9453125,""sys_memory_used_cache"":1116.36328125,""sys_memory_swap_used"":0,""sys_memory_swap_used_cache"":0,""fpm_listen_queue"":""0"",""fpm_listen_queue_length"":""128"",""fpm_total_processes"":""11"",""fpm_active_processes"":""11""}"
1477372099,"{""mysql_table_scans_pct"":0.1945625928671,""mysql_deadlocks"":""0"",""mysql_wait_locks"":""0"",""mysql_current_locks"":""0"",""mysql_total_locks"":""22"",""mysql_lock_time_avg"":""7093"",""mysql_lock_time_max"":""14532"",""mysql_select_scans"":""15866"",""mysql_sort_scans"":""32366"",""mysql_join_scans"":""240"",""sys_load_avg"":7.95,""sys_memory_used"":3700.5625,""sys_memory_used_buffers"":228.25390625,""sys_memory_used_cache"":1117.8984375,""sys_memory_swap_used"":0,""sys_memory_swap_used_cache"":0,""fpm_listen_queue"":""0"",""fpm_listen_queue_length"":""128"",""fpm_total_processes"":""12"",""fpm_active_processes"":""10""}"
1477372104,"{""mysql_table_scans_pct"":0.19250655236432,""mysql_deadlocks"":""0"",""mysql_wait_locks"":""0"",""mysql_current_locks"":""0"",""mysql_total_locks"":""22"",""mysql_lock_time_avg"":""7093"",""mysql_lock_time_max"":""14532"",""mysql_select_scans"":""15966"",""mysql_sort_scans"":""32674"",""mysql_join_scans"":""242"",""sys_load_avg"":8.04,""sys_memory_used"":3596.8828125,""sys_memory_used_buffers"":228.4453125,""sys_memory_used_cache"":1121.12109375,""sys_memory_swap_used"":0,""sys_memory_swap_used_cache"":0,""fpm_listen_queue"":""0"",""fpm_listen_queue_length"":""128"",""fpm_total_processes"":""10"",""fpm_active_processes"":""8""}"
1477372109,"{""mysql_table_scans_pct"":0.19250617817721,""mysql_deadlocks"":""0"",""mysql_wait_locks"":""0"",""mysql_current_locks"":""0"",""mysql_total_locks"":""22"",""mysql_lock_time_avg"":""7093"",""mysql_lock_time_max"":""14532"",""mysql_select_scans"":""16056"",""mysql_sort_scans"":""32972"",""mysql_join_scans"":""247"",""sys_load_avg"":8.04,""sys_memory_used"":3686.16796875,""sys_memory_used_buffers"":228.6875,""sys_memory_used_cache"":1122.703125,""sys_memory_swap_used"":0,""sys_memory_swap_used_cache"":0,""fpm_listen_queue"":""0"",""fpm_listen_queue_length"":""128"",""fpm_total_processes"":""11"",""fpm_active_processes"":""4""}"
1477372114,"{""mysql_table_scans_pct"":0.19251215312911,""mysql_deadlocks"":""0"",""mysql_wait_locks"":""0"",""mysql_current_locks"":""0"",""mysql_total_locks"":""22"",""mysql_lock_time_avg"":""7093"",""mysql_lock_time_max"":""14532"",""mysql_select_scans"":""16129"",""mysql_sort_scans"":""33219"",""mysql_join_scans"":""251"",""sys_load_avg"":7.79,""sys_memory_used"":3647.43359375,""sys_memory_used_buffers"":228.94140625,""sys_memory_used_cache"":1124.51171875,""sys_memory_swap_used"":0,""sys_memory_swap_used_cache"":0,""fpm_listen_queue"":""0"",""fpm_listen_queue_length"":""128"",""fpm_total_processes"":""11"",""fpm_active_processes"":""8""}"
1477372119,"{""mysql_table_scans_pct"":0.19251647539847,""mysql_deadlocks"":""0"",""mysql_wait_locks"":""0"",""mysql_current_locks"":""0"",""mysql_total_locks"":""22"",""mysql_lock_time_avg"":""7093"",""mysql_lock_time_max"":""14532"",""mysql_select_scans"":""16211"",""mysql_sort_scans"":""33530"",""mysql_join_scans"":""253"",""sys_load_avg"":7.81,""sys_memory_used"":3653.421875,""sys_memory_used_buffers"":229.1875,""sys_memory_used_cache"":1127.3125,""sys_memory_swap_used"":0,""sys_memory_swap_used_cache"":0,""fpm_listen_queue"":""5"",""fpm_listen_queue_length"":""128"",""fpm_total_processes"":""9"",""fpm_active_processes"":""9""}"
1477372124,"{""mysql_table_scans_pct"":0.19216694147193,""mysql_deadlocks"":""0"",""mysql_wait_locks"":""0"",""mysql_current_locks"":""735"",""mysql_total_locks"":""22"",""mysql_lock_time_avg"":""7093"",""mysql_lock_time_max"":""14532"",""mysql_select_scans"":""16328"",""mysql_sort_scans"":""33760"",""mysql_join_scans"":""258"",""sys_load_avg"":8.3,""sys_memory_used"":3685.01171875,""sys_memory_used_buffers"":229.47265625,""sys_memory_used_cache"":1129.34765625,""sys_memory_swap_used"":0,""sys_memory_swap_used_cache"":0,""fpm_listen_queue"":""0"",""fpm_listen_queue_length"":""128"",""fpm_total_processes"":""9"",""fpm_active_processes"":""5""}"
1477372129,"{""mysql_table_scans_pct"":0.19240130951745,""mysql_deadlocks"":""0"",""mysql_wait_locks"":""0"",""mysql_current_locks"":""108"",""mysql_total_locks"":""22"",""mysql_lock_time_avg"":""7093"",""mysql_lock_time_max"":""14532"",""mysql_select_scans"":""16538"",""mysql_sort_scans"":""34115"",""mysql_join_scans"":""262"",""sys_load_avg"":8.52,""sys_memory_used"":3717.828125,""sys_memory_used_buffers"":229.71875,""sys_memory_used_cache"":1132.84375,""sys_memory_swap_used"":0,""sys_memory_swap_used_cache"":0,""fpm_listen_queue"":""0"",""fpm_listen_queue_length"":""128"",""fpm_total_processes"":""11"",""fpm_active_processes"":""8""}"
1477372135,"{""mysql_table_scans_pct"":0.19289118034062,""mysql_deadlocks"":""0"",""mysql_wait_locks"":""0"",""mysql_current_locks"":""909"",""mysql_total_locks"":""23"",""mysql_lock_time_avg"":""6794"",""mysql_lock_time_max"":""14532"",""mysql_select_scans"":""16653"",""mysql_sort_scans"":""34389"",""mysql_join_scans"":""269"",""sys_load_avg"":8.56,""sys_memory_used"":3764.41015625,""sys_memory_used_buffers"":230.16015625,""sys_memory_used_cache"":1136.15234375,""sys_memory_swap_used"":0,""sys_memory_swap_used_cache"":0,""fpm_listen_queue"":""0"",""fpm_listen_queue_length"":""128"",""fpm_total_processes"":""12"",""fpm_active_processes"":""11""}"
1477372140,"{""mysql_table_scans_pct"":0.1933223202545,""mysql_deadlocks"":""0"",""mysql_wait_locks"":""0"",""mysql_current_locks"":""138"",""mysql_total_locks"":""23"",""mysql_lock_time_avg"":""6794"",""mysql_lock_time_max"":""14532"",""mysql_select_scans"":""16809"",""mysql_sort_scans"":""34683"",""mysql_join_scans"":""271"",""sys_load_avg"":8.83,""sys_memory_used"":3795.33984375,""sys_memory_used_buffers"":230.6171875,""sys_memory_used_cache"":1140.00390625,""sys_memory_swap_used"":0,""sys_memory_swap_used_cache"":0,""fpm_listen_queue"":""0"",""fpm_listen_queue_length"":""128"",""fpm_total_processes"":""12"",""fpm_active_processes"":""11""}"
1477372145,"{""mysql_table_scans_pct"":0.1935826603873,""mysql_deadlocks"":""0"",""mysql_wait_locks"":""0"",""mysql_current_locks"":""299"",""mysql_total_locks"":""23"",""mysql_lock_time_avg"":""6794"",""mysql_lock_time_max"":""14532"",""mysql_select_scans"":""16892"",""mysql_sort_scans"":""34898"",""mysql_join_scans"":""273"",""sys_load_avg"":9.49,""sys_memory_used"":3812.9765625,""sys_memory_used_buffers"":235.53515625,""sys_memory_used_cache"":1142.71484375,""sys_memory_swap_used"":0,""sys_memory_swap_used_cache"":0,""fpm_listen_queue"":""0"",""fpm_listen_queue_length"":""128"",""fpm_total_processes"":""13"",""fpm_active_processes"":""6""}"
1477372150,"{""mysql_table_scans_pct"":0.19388309208189,""mysql_deadlocks"":""0"",""mysql_wait_locks"":""0"",""mysql_current_locks"":""389"",""mysql_total_locks"":""26"",""mysql_lock_time_avg"":""6047"",""mysql_lock_time_max"":""14532"",""mysql_select_scans"":""17016"",""mysql_sort_scans"":""35105"",""mysql_join_scans"":""286"",""sys_load_avg"":9.45,""sys_memory_used"":3830.62109375,""sys_memory_used_buffers"":235.93359375,""sys_memory_used_cache"":1144.2578125,""sys_memory_swap_used"":0,""sys_memory_swap_used_cache"":0,""fpm_listen_queue"":""0"",""fpm_listen_queue_length"":""128"",""fpm_total_processes"":""13"",""fpm_active_processes"":""12""}"
1477372155,"{""mysql_table_scans_pct"":0.19622996156455,""mysql_deadlocks"":""0"",""mysql_wait_locks"":""0"",""mysql_current_locks"":""1649"",""mysql_total_locks"":""26"",""mysql_lock_time_avg"":""6047"",""mysql_lock_time_max"":""14532"",""mysql_select_scans"":""17101"",""mysql_sort_scans"":""35393"",""mysql_join_scans"":""289"",""sys_load_avg"":9.09,""sys_memory_used"":3888.2265625,""sys_memory_used_buffers"":236.06640625,""sys_memory_used_cache"":1147.00390625,""sys_memory_swap_used"":0,""sys_memory_swap_used_cache"":0,""fpm_listen_queue"":""0"",""fpm_listen_queue_length"":""128"",""fpm_total_processes"":""12"",""fpm_active_processes"":""12""}"
1477372160,"{""mysql_table_scans_pct"":0.19518800704179,""mysql_deadlocks"":""0"",""mysql_wait_locks"":""3"",""mysql_current_locks"":""2875"",""mysql_total_locks"":""29"",""mysql_lock_time_avg"":""5421"",""mysql_lock_time_max"":""14532"",""mysql_select_scans"":""17273"",""mysql_sort_scans"":""35713"",""mysql_join_scans"":""289"",""sys_load_avg"":8.84,""sys_memory_used"":3852.35546875,""sys_memory_used_buffers"":236.2734375,""sys_memory_used_cache"":1148.8984375,""sys_memory_swap_used"":0,""sys_memory_swap_used_cache"":0,""fpm_listen_queue"":""0"",""fpm_listen_queue_length"":""128"",""fpm_total_processes"":""12"",""fpm_active_processes"":""12""}"
1477372166,"{""mysql_table_scans_pct"":0.19328441442438,""mysql_deadlocks"":""0"",""mysql_wait_locks"":""10"",""mysql_current_locks"":""3939"",""mysql_total_locks"":""36"",""mysql_lock_time_avg"":""4367"",""mysql_lock_time_max"":""14532"",""mysql_select_scans"":""17408"",""mysql_sort_scans"":""35877"",""mysql_join_scans"":""289"",""sys_load_avg"":8.94,""sys_memory_used"":3910.2734375,""sys_memory_used_buffers"":236.44140625,""sys_memory_used_cache"":1149.890625,""sys_memory_swap_used"":0,""sys_memory_swap_used_cache"":0,""fpm_listen_queue"":""4"",""fpm_listen_queue_length"":""128"",""fpm_total_processes"":""13"",""fpm_active_processes"":""13""}"
1477372171,"{""mysql_table_scans_pct"":0.19514958477815,""mysql_deadlocks"":""0"",""mysql_wait_locks"":""1"",""mysql_current_locks"":""667"",""mysql_total_locks"":""41"",""mysql_lock_time_avg"":""6046"",""mysql_lock_time_max"":""14532"",""mysql_select_scans"":""17518"",""mysql_sort_scans"":""35987"",""mysql_join_scans"":""304"",""sys_load_avg"":8.38,""sys_memory_used"":3999.32421875,""sys_memory_used_buffers"":236.71484375,""sys_memory_used_cache"":1150.35546875,""sys_memory_swap_used"":0,""sys_memory_swap_used_cache"":0,""fpm_listen_queue"":""0"",""fpm_listen_queue_length"":""128"",""fpm_total_processes"":""16"",""fpm_active_processes"":""5""}"
1477372176,"{""mysql_table_scans_pct"":0.19563025416346,""mysql_deadlocks"":""0"",""mysql_wait_locks"":""2"",""mysql_current_locks"":""1922"",""mysql_total_locks"":""42"",""mysql_lock_time_avg"":""5902"",""mysql_lock_time_max"":""14532"",""mysql_select_scans"":""17713"",""mysql_sort_scans"":""36336"",""mysql_join_scans"":""304"",""sys_load_avg"":8.51,""sys_memory_used"":3931.1484375,""sys_memory_used_buffers"":236.921875,""sys_memory_used_cache"":1155.4375,""sys_memory_swap_used"":0,""sys_memory_swap_used_cache"":0,""fpm_listen_queue"":""0"",""fpm_listen_queue_length"":""128"",""fpm_total_processes"":""15"",""fpm_active_processes"":""10""}"
1477372181,"{""mysql_table_scans_pct"":0.20155772678036,""mysql_deadlocks"":""0"",""mysql_wait_locks"":""6"",""mysql_current_locks"":""13189"",""mysql_total_locks"":""46"",""mysql_lock_time_avg"":""5389"",""mysql_lock_time_max"":""14532"",""mysql_select_scans"":""17883"",""mysql_sort_scans"":""36581"",""mysql_join_scans"":""304"",""sys_load_avg"":8.71,""sys_memory_used"":3850.09375,""sys_memory_used_buffers"":237.1953125,""sys_memory_used_cache"":1161.3828125,""sys_memory_swap_used"":0,""sys_memory_swap_used_cache"":0,""fpm_listen_queue"":""0"",""fpm_listen_queue_length"":""128"",""fpm_total_processes"":""11"",""fpm_active_processes"":""11""}"
1477372186,"{""mysql_table_scans_pct"":0.20789752756384,""mysql_deadlocks"":""0"",""mysql_wait_locks"":""0"",""mysql_current_locks"":""458"",""mysql_total_locks"":""47"",""mysql_lock_time_avg"":""6346"",""mysql_lock_time_max"":""14532"",""mysql_select_scans"":""18052"",""mysql_sort_scans"":""36820"",""mysql_join_scans"":""313"",""sys_load_avg"":8.01,""sys_memory_used"":3911.04296875,""sys_memory_used_buffers"":237.82421875,""sys_memory_used_cache"":1162.40625,""sys_memory_swap_used"":0,""sys_memory_swap_used_cache"":0,""fpm_listen_queue"":""0"",""fpm_listen_queue_length"":""128"",""fpm_total_processes"":""13"",""fpm_active_processes"":""4""}"
1477372191,"{""mysql_table_scans_pct"":0.20932337593133,""mysql_deadlocks"":""0"",""mysql_wait_locks"":""0"",""mysql_current_locks"":""304"",""mysql_total_locks"":""47"",""mysql_lock_time_avg"":""6346"",""mysql_lock_time_max"":""14532"",""mysql_select_scans"":""18132"",""mysql_sort_scans"":""37072"",""mysql_join_scans"":""317"",""sys_load_avg"":8.49,""sys_memory_used"":3872.0546875,""sys_memory_used_buffers"":238.1875,""sys_memory_used_cache"":1164.703125,""sys_memory_swap_used"":0,""sys_memory_swap_used_cache"":0,""fpm_listen_queue"":""2"",""fpm_listen_queue_length"":""128"",""fpm_total_processes"":""11"",""fpm_active_processes"":""11""}"
1477372196,"{""mysql_table_scans_pct"":0.21192870420163,""mysql_deadlocks"":""0"",""mysql_wait_locks"":""0"",""mysql_current_locks"":""1797"",""mysql_total_locks"":""47"",""mysql_lock_time_avg"":""6346"",""mysql_lock_time_max"":""14532"",""mysql_select_scans"":""18206"",""mysql_sort_scans"":""37301"",""mysql_join_scans"":""322"",""sys_load_avg"":8.13,""sys_memory_used"":3856.02734375,""sys_memory_used_buffers"":238.73046875,""sys_memory_used_cache"":1166.0390625,""sys_memory_swap_used"":0,""sys_memory_swap_used_cache"":0,""fpm_listen_queue"":""2"",""fpm_listen_queue_length"":""128"",""fpm_total_processes"":""12"",""fpm_active_processes"":""12""}"
1477372202,"{""mysql_table_scans_pct"":0.21684562328791,""mysql_deadlocks"":""0"",""mysql_wait_locks"":""0"",""mysql_current_locks"":""3251"",""mysql_total_locks"":""47"",""mysql_lock_time_avg"":""6346"",""mysql_lock_time_max"":""14532"",""mysql_select_scans"":""18351"",""mysql_sort_scans"":""37597"",""mysql_join_scans"":""324"",""sys_load_avg"":7.96,""sys_memory_used"":3861.6875,""sys_memory_used_buffers"":239.10546875,""sys_memory_used_cache"":1167.6171875,""sys_memory_swap_used"":0,""sys_memory_swap_used_cache"":0,""fpm_listen_queue"":""2"",""fpm_listen_queue_length"":""128"",""fpm_total_processes"":""11"",""fpm_active_processes"":""11""}"
1477372207,"{""mysql_table_scans_pct"":0.21704148195341,""mysql_deadlocks"":""0"",""mysql_wait_locks"":""0"",""mysql_current_locks"":""3949"",""mysql_total_locks"":""47"",""mysql_lock_time_avg"":""6346"",""mysql_lock_time_max"":""14532"",""mysql_select_scans"":""18523"",""mysql_sort_scans"":""37813"",""mysql_join_scans"":""327"",""sys_load_avg"":8.6,""sys_memory_used"":3909.03515625,""sys_memory_used_buffers"":239.44140625,""sys_memory_used_cache"":1168.61328125,""sys_memory_swap_used"":0,""sys_memory_swap_used_cache"":0,""fpm_listen_queue"":""0"",""fpm_listen_queue_length"":""128"",""fpm_total_processes"":""13"",""fpm_active_processes"":""8""}"
1477372212,"{""mysql_table_scans_pct"":0.21907330821337,""mysql_deadlocks"":""0"",""mysql_wait_locks"":""0"",""mysql_current_locks"":""5809"",""mysql_total_locks"":""47"",""mysql_lock_time_avg"":""6346"",""mysql_lock_time_max"":""14532"",""mysql_select_scans"":""18698"",""mysql_sort_scans"":""38101"",""mysql_join_scans"":""330"",""sys_load_avg"":8.48,""sys_memory_used"":3889.12109375,""sys_memory_used_buffers"":239.78515625,""sys_memory_used_cache"":1173.140625,""sys_memory_swap_used"":0,""sys_memory_swap_used_cache"":0,""fpm_listen_queue"":""0"",""fpm_listen_queue_length"":""128"",""fpm_total_processes"":""13"",""fpm_active_processes"":""12""}"
1477372217,"{""mysql_table_scans_pct"":0.22049236335683,""mysql_deadlocks"":""0"",""mysql_wait_locks"":""0"",""mysql_current_locks"":""5809"",""mysql_total_locks"":""47"",""mysql_lock_time_avg"":""6346"",""mysql_lock_time_max"":""14532"",""mysql_select_scans"":""18893"",""mysql_sort_scans"":""38425"",""mysql_join_scans"":""334"",""sys_load_avg"":8.6,""sys_memory_used"":3825.69140625,""sys_memory_used_buffers"":240.17578125,""sys_memory_used_cache"":1177.01171875,""sys_memory_swap_used"":0,""sys_memory_swap_used_cache"":0,""fpm_listen_queue"":""0"",""fpm_listen_queue_length"":""128"",""fpm_total_processes"":""11"",""fpm_active_processes"":""10""}"
1477372222,"{""mysql_table_scans_pct"":0.22299025909642,""mysql_deadlocks"":""0"",""mysql_wait_locks"":""0"",""mysql_current_locks"":""6403"",""mysql_total_locks"":""47"",""mysql_lock_time_avg"":""6346"",""mysql_lock_time_max"":""14532"",""mysql_select_scans"":""19107"",""mysql_sort_scans"":""38699"",""mysql_join_scans"":""339"",""sys_load_avg"":8.79,""sys_memory_used"":3872.9921875,""sys_memory_used_buffers"":240.59375,""sys_memory_used_cache"":1177.03125,""sys_memory_swap_used"":0,""sys_memory_swap_used_cache"":0,""fpm_listen_queue"":""0"",""fpm_listen_queue_length"":""128"",""fpm_total_processes"":""11"",""fpm_active_processes"":""9""}"
1477372227,"{""mysql_table_scans_pct"":0.22564602560298,""mysql_deadlocks"":""0"",""mysql_wait_locks"":""0"",""mysql_current_locks"":""7482"",""mysql_total_locks"":""47"",""mysql_lock_time_avg"":""6346"",""mysql_lock_time_max"":""14532"",""mysql_select_scans"":""19308"",""mysql_sort_scans"":""39026"",""mysql_join_scans"":""346"",""sys_load_avg"":8.81,""sys_memory_used"":3892.62109375,""sys_memory_used_buffers"":240.83984375,""sys_memory_used_cache"":1178.109375,""sys_memory_swap_used"":0,""sys_memory_swap_used_cache"":0,""fpm_listen_queue"":""0"",""fpm_listen_queue_length"":""128"",""fpm_total_processes"":""12"",""fpm_active_processes"":""10""}"
1477372232,"{""mysql_table_scans_pct"":0.22650013201181,""mysql_deadlocks"":""0"",""mysql_wait_locks"":""0"",""mysql_current_locks"":""8342"",""mysql_total_locks"":""47"",""mysql_lock_time_avg"":""6346"",""mysql_lock_time_max"":""14532"",""mysql_select_scans"":""19489"",""mysql_sort_scans"":""39329"",""mysql_join_scans"":""347"",""sys_load_avg"":8.34,""sys_memory_used"":3854.49609375,""sys_memory_used_buffers"":241.25,""sys_memory_used_cache"":1180.2578125,""sys_memory_swap_used"":0,""sys_memory_swap_used_cache"":0,""fpm_listen_queue"":""0"",""fpm_listen_queue_length"":""128"",""fpm_total_processes"":""11"",""fpm_active_processes"":""6""}"
1477372237,"{""mysql_table_scans_pct"":0.22610929861762,""mysql_deadlocks"":""0"",""mysql_wait_locks"":""0"",""mysql_current_locks"":""8779"",""mysql_total_locks"":""47"",""mysql_lock_time_avg"":""6346"",""mysql_lock_time_max"":""14532"",""mysql_select_scans"":""19692"",""mysql_sort_scans"":""39653"",""mysql_join_scans"":""353"",""sys_load_avg"":8.56,""sys_memory_used"":3868.0859375,""sys_memory_used_buffers"":241.63671875,""sys_memory_used_cache"":1183.97265625,""sys_memory_swap_used"":0,""sys_memory_swap_used_cache"":0,""fpm_listen_queue"":""0"",""fpm_listen_queue_length"":""128"",""fpm_total_processes"":""10"",""fpm_active_processes"":""10""}"
1477372242,"{""mysql_table_scans_pct"":0.22572765303148,""mysql_deadlocks"":""0"",""mysql_wait_locks"":""0"",""mysql_current_locks"":""9180"",""mysql_total_locks"":""47"",""mysql_lock_time_avg"":""6346"",""mysql_lock_time_max"":""14532"",""mysql_select_scans"":""19902"",""mysql_sort_scans"":""40004"",""mysql_join_scans"":""357"",""sys_load_avg"":8.51,""sys_memory_used"":3879.88671875,""sys_memory_used_buffers"":242.2578125,""sys_memory_used_cache"":1187.4609375,""sys_memory_swap_used"":0,""sys_memory_swap_used_cache"":0,""fpm_listen_queue"":""0"",""fpm_listen_queue_length"":""128"",""fpm_total_processes"":""11"",""fpm_active_processes"":""11""}"
1477372248,"{""mysql_table_scans_pct"":0.22570672496138,""mysql_deadlocks"":""0"",""mysql_wait_locks"":""0"",""mysql_current_locks"":""343"",""mysql_total_locks"":""47"",""mysql_lock_time_avg"":""6346"",""mysql_lock_time_max"":""14532"",""mysql_select_scans"":""20058"",""mysql_sort_scans"":""40281"",""mysql_join_scans"":""360"",""sys_load_avg"":8.71,""sys_memory_used"":3906.60546875,""sys_memory_used_buffers"":244.89453125,""sys_memory_used_cache"":1190.109375,""sys_memory_swap_used"":0,""sys_memory_swap_used_cache"":0,""fpm_listen_queue"":""0"",""fpm_listen_queue_length"":""128"",""fpm_total_processes"":""12"",""fpm_active_processes"":""11""}"
1477372253,"{""mysql_table_scans_pct"":0.22461597296567,""mysql_deadlocks"":""0"",""mysql_wait_locks"":""0"",""mysql_current_locks"":""611"",""mysql_total_locks"":""47"",""mysql_lock_time_avg"":""6346"",""mysql_lock_time_max"":""14532"",""mysql_select_scans"":""20242"",""mysql_sort_scans"":""40489"",""mysql_join_scans"":""365"",""sys_load_avg"":8.73,""sys_memory_used"":3951.34765625,""sys_memory_used_buffers"":245.5703125,""sys_memory_used_cache"":1191.01171875,""sys_memory_swap_used"":0,""sys_memory_swap_used_cache"":0,""fpm_listen_queue"":""0"",""fpm_listen_queue_length"":""128"",""fpm_total_processes"":""12"",""fpm_active_processes"":""11""}"
1477372258,"{""mysql_table_scans_pct"":0.22371095205118,""mysql_deadlocks"":""0"",""mysql_wait_locks"":""0"",""mysql_current_locks"":""1667"",""mysql_total_locks"":""47"",""mysql_lock_time_avg"":""6346"",""mysql_lock_time_max"":""14532"",""mysql_select_scans"":""20477"",""mysql_sort_scans"":""40788"",""mysql_join_scans"":""368"",""sys_load_avg"":8.75,""sys_memory_used"":3937.8046875,""sys_memory_used_buffers"":246.3984375,""sys_memory_used_cache"":1198.92578125,""sys_memory_swap_used"":0,""sys_memory_swap_used_cache"":0,""fpm_listen_queue"":""0"",""fpm_listen_queue_length"":""128"",""fpm_total_processes"":""11"",""fpm_active_processes"":""8""}"
1477372263,"{""mysql_table_scans_pct"":0.22211864653802,""mysql_deadlocks"":""0"",""mysql_wait_locks"":""0"",""mysql_current_locks"":""0"",""mysql_total_locks"":""47"",""mysql_lock_time_avg"":""6346"",""mysql_lock_time_max"":""14532"",""mysql_select_scans"":""20662"",""mysql_sort_scans"":""41030"",""mysql_join_scans"":""372"",""sys_load_avg"":8.69,""sys_memory_used"":3894.02734375,""sys_memory_used_buffers"":246.70703125,""sys_memory_used_cache"":1203.7265625,""sys_memory_swap_used"":0,""sys_memory_swap_used_cache"":0,""fpm_listen_queue"":""6"",""fpm_listen_queue_length"":""128"",""fpm_total_processes"":""11"",""fpm_active_processes"":""11""}"
1477372268,"{""mysql_table_scans_pct"":0.21914796431089,""mysql_deadlocks"":""0"",""mysql_wait_locks"":""0"",""mysql_current_locks"":""0"",""mysql_total_locks"":""47"",""mysql_lock_time_avg"":""6346"",""mysql_lock_time_max"":""14532"",""mysql_select_scans"":""20766"",""mysql_sort_scans"":""41227"",""mysql_join_scans"":""378"",""sys_load_avg"":9.32,""sys_memory_used"":3851.05078125,""sys_memory_used_buffers"":247.0625,""sys_memory_used_cache"":1204.6953125,""sys_memory_swap_used"":0,""sys_memory_swap_used_cache"":0,""fpm_listen_queue"":""0"",""fpm_listen_queue_length"":""128"",""fpm_total_processes"":""11"",""fpm_active_processes"":""11""}"
1477372273,"{""mysql_table_scans_pct"":0.21625766765795,""mysql_deadlocks"":""0"",""mysql_wait_locks"":""0"",""mysql_current_locks"":""0"",""mysql_total_locks"":""47"",""mysql_lock_time_avg"":""6346"",""mysql_lock_time_max"":""14532"",""mysql_select_scans"":""20870"",""mysql_sort_scans"":""41435"",""mysql_join_scans"":""383"",""sys_load_avg"":8.58,""sys_memory_used"":3817.53515625,""sys_memory_used_buffers"":247.2109375,""sys_memory_used_cache"":1205.92578125,""sys_memory_swap_used"":0,""sys_memory_swap_used_cache"":0,""fpm_listen_queue"":""0"",""fpm_listen_queue_length"":""128"",""fpm_total_processes"":""10"",""fpm_active_processes"":""6""}"
1477372278,"{""mysql_table_scans_pct"":0.21457290213896,""mysql_deadlocks"":""0"",""mysql_wait_locks"":""0"",""mysql_current_locks"":""0"",""mysql_total_locks"":""47"",""mysql_lock_time_avg"":""6346"",""mysql_lock_time_max"":""14532"",""mysql_select_scans"":""20982"",""mysql_sort_scans"":""41703"",""mysql_join_scans"":""388"",""sys_load_avg"":8.77,""sys_memory_used"":3811.16015625,""sys_memory_used_buffers"":247.8671875,""sys_memory_used_cache"":1207.609375,""sys_memory_swap_used"":0,""sys_memory_swap_used_cache"":0,""fpm_listen_queue"":""2"",""fpm_listen_queue_length"":""128"",""fpm_total_processes"":""9"",""fpm_active_processes"":""7""}"
1477372283,"{""mysql_table_scans_pct"":0.21457033667538,""mysql_deadlocks"":""0"",""mysql_wait_locks"":""0"",""mysql_current_locks"":""0"",""mysql_total_locks"":""47"",""mysql_lock_time_avg"":""6346"",""mysql_lock_time_max"":""14532"",""mysql_select_scans"":""21058"",""mysql_sort_scans"":""41939"",""mysql_join_scans"":""390"",""sys_load_avg"":8.63,""sys_memory_used"":3767.25390625,""sys_memory_used_buffers"":248.203125,""sys_memory_used_cache"":1208.92578125,""sys_memory_swap_used"":0,""sys_memory_swap_used_cache"":0,""fpm_listen_queue"":""0"",""fpm_listen_queue_length"":""128"",""fpm_total_processes"":""8"",""fpm_active_processes"":""8""}"
1477372288,"{""mysql_table_scans_pct"":0.21457136446291,""mysql_deadlocks"":""0"",""mysql_wait_locks"":""0"",""mysql_current_locks"":""0"",""mysql_total_locks"":""47"",""mysql_lock_time_avg"":""6346"",""mysql_lock_time_max"":""14532"",""mysql_select_scans"":""21119"",""mysql_sort_scans"":""42157"",""mysql_join_scans"":""391"",""sys_load_avg"":8.74,""sys_memory_used"":3795.22265625,""sys_memory_used_buffers"":248.57421875,""sys_memory_used_cache"":1210.40625,""sys_memory_swap_used"":0,""sys_memory_swap_used_cache"":0,""fpm_listen_queue"":""0"",""fpm_listen_queue_length"":""128"",""fpm_total_processes"":""10"",""fpm_active_processes"":""7""}"
1477372294,"{""mysql_table_scans_pct"":0.21455923400999,""mysql_deadlocks"":""0"",""mysql_wait_locks"":""0"",""mysql_current_locks"":""0"",""mysql_total_locks"":""47"",""mysql_lock_time_avg"":""6346"",""mysql_lock_time_max"":""14532"",""mysql_select_scans"":""21215"",""mysql_sort_scans"":""42470"",""mysql_join_scans"":""395"",""sys_load_avg"":8.44,""sys_memory_used"":3799.51953125,""sys_memory_used_buffers"":248.9296875,""sys_memory_used_cache"":1211.3828125,""sys_memory_swap_used"":0,""sys_memory_swap_used_cache"":0,""fpm_listen_queue"":""1"",""fpm_listen_queue_length"":""128"",""fpm_total_processes"":""8"",""fpm_active_processes"":""8""}"
1477372299,"{""mysql_table_scans_pct"":0.21454765863537,""mysql_deadlocks"":""0"",""mysql_wait_locks"":""0"",""mysql_current_locks"":""0"",""mysql_total_locks"":""47"",""mysql_lock_time_avg"":""6346"",""mysql_lock_time_max"":""14532"",""mysql_select_scans"":""21304"",""mysql_sort_scans"":""42766"",""mysql_join_scans"":""398"",""sys_load_avg"":8.24,""sys_memory_used"":3768.91796875,""sys_memory_used_buffers"":249.10546875,""sys_memory_used_cache"":1212.48046875,""sys_memory_swap_used"":0,""sys_memory_swap_used_cache"":0,""fpm_listen_queue"":""0"",""fpm_listen_queue_length"":""128"",""fpm_total_processes"":""9"",""fpm_active_processes"":""5""}"
1477372304,"{""mysql_table_scans_pct"":0.21453983039206,""mysql_deadlocks"":""0"",""mysql_wait_locks"":""0"",""mysql_current_locks"":""0"",""mysql_total_locks"":""47"",""mysql_lock_time_avg"":""6346"",""mysql_lock_time_max"":""14532"",""mysql_select_scans"":""21372"",""mysql_sort_scans"":""42979"",""mysql_join_scans"":""403"",""sys_load_avg"":7.9,""sys_memory_used"":3745.125,""sys_memory_used_buffers"":249.265625,""sys_memory_used_cache"":1213.39453125,""sys_memory_swap_used"":0,""sys_memory_swap_used_cache"":0,""fpm_listen_queue"":""0"",""fpm_listen_queue_length"":""128"",""fpm_total_processes"":""8"",""fpm_active_processes"":""5""}"
1477372309,"{""mysql_table_scans_pct"":0.21453762183262,""mysql_deadlocks"":""0"",""mysql_wait_locks"":""0"",""mysql_current_locks"":""1"",""mysql_total_locks"":""47"",""mysql_lock_time_avg"":""6346"",""mysql_lock_time_max"":""14532"",""mysql_select_scans"":""21442"",""mysql_sort_scans"":""43183"",""mysql_join_scans"":""406"",""sys_load_avg"":7.83,""sys_memory_used"":3746.50390625,""sys_memory_used_buffers"":249.453125,""sys_memory_used_cache"":1214.3671875,""sys_memory_swap_used"":0,""sys_memory_swap_used_cache"":0,""fpm_listen_queue"":""0"",""fpm_listen_queue_length"":""128"",""fpm_total_processes"":""8"",""fpm_active_processes"":""4""}"
1477372314,"{""mysql_table_scans_pct"":0.21453570764463,""mysql_deadlocks"":""0"",""mysql_wait_locks"":""0"",""mysql_current_locks"":""0"",""mysql_total_locks"":""47"",""mysql_lock_time_avg"":""6346"",""mysql_lock_time_max"":""14532"",""mysql_select_scans"":""21490"",""mysql_sort_scans"":""43349"",""mysql_join_scans"":""407"",""sys_load_avg"":7.45,""sys_memory_used"":3692.38671875,""sys_memory_used_buffers"":249.6796875,""sys_memory_used_cache"":1215.19921875,""sys_memory_swap_used"":0,""sys_memory_swap_used_cache"":0,""fpm_listen_queue"":""0"",""fpm_listen_queue_length"":""128"",""fpm_total_processes"":""5"",""fpm_active_processes"":""2""}"
1477372319,"{""mysql_table_scans_pct"":0.21453725949108,""mysql_deadlocks"":""0"",""mysql_wait_locks"":""0"",""mysql_current_locks"":""0"",""mysql_total_locks"":""47"",""mysql_lock_time_avg"":""6346"",""mysql_lock_time_max"":""14532"",""mysql_select_scans"":""21521"",""mysql_sort_scans"":""43445"",""mysql_join_scans"":""409"",""sys_load_avg"":6.85,""sys_memory_used"":3662.0703125,""sys_memory_used_buffers"":249.76953125,""sys_memory_used_cache"":1215.7578125,""sys_memory_swap_used"":0,""sys_memory_swap_used_cache"":0,""fpm_listen_queue"":""0"",""fpm_listen_queue_length"":""128"",""fpm_total_processes"":""4"",""fpm_active_processes"":""3""}"
1477372324,"{""mysql_table_scans_pct"":0.2140452995872,""mysql_deadlocks"":""0"",""mysql_wait_locks"":""0"",""mysql_current_locks"":""1230"",""mysql_total_locks"":""47"",""mysql_lock_time_avg"":""6346"",""mysql_lock_time_max"":""14532"",""mysql_select_scans"":""21566"",""mysql_sort_scans"":""43540"",""mysql_join_scans"":""411"",""sys_load_avg"":6.38,""sys_memory_used"":3688.33984375,""sys_memory_used_buffers"":249.8046875,""sys_memory_used_cache"":1216.66796875,""sys_memory_swap_used"":0,""sys_memory_swap_used_cache"":0,""fpm_listen_queue"":""0"",""fpm_listen_queue_length"":""128"",""fpm_total_processes"":""3"",""fpm_active_processes"":""2""}"
1477372329,"{""mysql_table_scans_pct"":0.21493819169749,""mysql_deadlocks"":""0"",""mysql_wait_locks"":""0"",""mysql_current_locks"":""0"",""mysql_total_locks"":""47"",""mysql_lock_time_avg"":""6346"",""mysql_lock_time_max"":""14532"",""mysql_select_scans"":""21580"",""mysql_sort_scans"":""43547"",""mysql_join_scans"":""411"",""sys_load_avg"":6.19,""sys_memory_used"":3587.36328125,""sys_memory_used_buffers"":259.96484375,""sys_memory_used_cache"":1179.65625,""sys_memory_swap_used"":0,""sys_memory_swap_used_cache"":0,""fpm_listen_queue"":""0"",""fpm_listen_queue_length"":""128"",""fpm_total_processes"":""3"",""fpm_active_processes"":""1""}"
