1475368266,"{""mysql_table_scans_pct"":0.28020011080133,""mysql_deadlocks"":""0"",""mysql_wait_locks"":""0"",""mysql_current_locks"":""0"",""mysql_total_locks"":""0"",""mysql_lock_time_avg"":""0"",""mysql_lock_time_max"":""0"",""mysql_select_scans"":""398"",""mysql_sort_scans"":""439"",""mysql_join_scans"":""1"",""sys_load_avg"":1.16,""sys_memory_used"":1109.546875,""sys_memory_used_buffers"":73.3359375,""sys_memory_used_cache"":299.015625,""sys_memory_swap_used"":0,""sys_memory_swap_used_cache"":0,""fpm_listen_queue"":""0"",""fpm_listen_queue_length"":""128"",""fpm_total_processes"":""7"",""fpm_active_processes"":""6""}"
1475368272,"{""mysql_table_scans_pct"":0.27426986674771,""mysql_deadlocks"":""0"",""mysql_wait_locks"":""0"",""mysql_current_locks"":""0"",""mysql_total_locks"":""0"",""mysql_lock_time_avg"":""0"",""mysql_lock_time_max"":""0"",""mysql_select_scans"":""757"",""mysql_sort_scans"":""950"",""mysql_join_scans"":""1"",""sys_load_avg"":1.71,""sys_memory_used"":1305.3203125,""sys_memory_used_buffers"":89.08203125,""sys_memory_used_cache"":313.84765625,""sys_memory_swap_used"":0,""sys_memory_swap_used_cache"":0,""fpm_listen_queue"":""0"",""fpm_listen_queue_length"":""128"",""fpm_total_processes"":""9"",""fpm_active_processes"":""9""}"
1475368277,"{""mysql_table_scans_pct"":0.26998837837395,""mysql_deadlocks"":""0"",""mysql_wait_locks"":""0"",""mysql_current_locks"":""0"",""mysql_total_locks"":""0"",""mysql_lock_time_avg"":""0"",""mysql_lock_time_max"":""0"",""mysql_select_scans"":""1152"",""mysql_sort_scans"":""1483"",""mysql_join_scans"":""4"",""sys_load_avg"":2.29,""sys_memory_used"":1439.39453125,""sys_memory_used_buffers"":94.16796875,""sys_memory_used_cache"":321.68359375,""sys_memory_swap_used"":0,""sys_memory_swap_used_cache"":0,""fpm_listen_queue"":""0"",""fpm_listen_queue_length"":""128"",""fpm_total_processes"":""12"",""fpm_active_processes"":""12""}"
1475368282,"{""mysql_table_scans_pct"":0.27044322054141,""mysql_deadlocks"":""0"",""mysql_wait_locks"":""0"",""mysql_current_locks"":""0"",""mysql_total_locks"":""0"",""mysql_lock_time_avg"":""0"",""mysql_lock_time_max"":""0"",""mysql_select_scans"":""1315"",""mysql_sort_scans"":""1875"",""mysql_join_scans"":""6"",""sys_load_avg"":3.31,""sys_memory_used"":1542.1171875,""sys_memory_used_buffers"":97.15625,""sys_memory_used_cache"":327.90625,""sys_memory_swap_used"":0,""sys_memory_swap_used_cache"":0,""fpm_listen_queue"":""5"",""fpm_listen_queue_length"":""128"",""fpm_total_processes"":""15"",""fpm_active_processes"":""15""}"
1475368287,"{""mysql_table_scans_pct"":0.27098880891657,""mysql_deadlocks"":""0"",""mysql_wait_locks"":""0"",""mysql_current_locks"":""0"",""mysql_total_locks"":""0"",""mysql_lock_time_avg"":""0"",""mysql_lock_time_max"":""0"",""mysql_select_scans"":""1699"",""mysql_sort_scans"":""2499"",""mysql_join_scans"":""7"",""sys_load_avg"":4.57,""sys_memory_used"":1629.87890625,""sys_memory_used_buffers"":100.28515625,""sys_memory_used_cache"":336.3828125,""sys_memory_swap_used"":0,""sys_memory_swap_used_cache"":0,""fpm_listen_queue"":""0"",""fpm_listen_queue_length"":""128"",""fpm_total_processes"":""19"",""fpm_active_processes"":""16""}"
1475368292,"{""mysql_table_scans_pct"":0.27031525597499,""mysql_deadlocks"":""0"",""mysql_wait_locks"":""0"",""mysql_current_locks"":""0"",""mysql_total_locks"":""0"",""mysql_lock_time_avg"":""0"",""mysql_lock_time_max"":""0"",""mysql_select_scans"":""1921"",""mysql_sort_scans"":""2985"",""mysql_join_scans"":""7"",""sys_load_avg"":5.72,""sys_memory_used"":1706.81640625,""sys_memory_used_buffers"":102.84375,""sys_memory_used_cache"":344.1796875,""sys_memory_swap_used"":0,""sys_memory_swap_used_cache"":0,""fpm_listen_queue"":""0"",""fpm_listen_queue_length"":""128"",""fpm_total_processes"":""19"",""fpm_active_processes"":""15""}"
1475368297,"{""mysql_table_scans_pct"":0.26768204090003,""mysql_deadlocks"":""0"",""mysql_wait_locks"":""0"",""mysql_current_locks"":""0"",""mysql_total_locks"":""0"",""mysql_lock_time_avg"":""0"",""mysql_lock_time_max"":""0"",""mysql_select_scans"":""2122"",""mysql_sort_scans"":""3564"",""mysql_join_scans"":""9"",""sys_load_avg"":6.15,""sys_memory_used"":1748.37109375,""sys_memory_used_buffers"":104.98828125,""sys_memory_used_cache"":354.23046875,""sys_memory_swap_used"":0,""sys_memory_swap_used_cache"":0,""fpm_listen_queue"":""2"",""fpm_listen_queue_length"":""128"",""fpm_total_processes"":""18"",""fpm_active_processes"":""17""}"
1475368302,"{""mysql_table_scans_pct"":0.26845361144585,""mysql_deadlocks"":""0"",""mysql_wait_locks"":""0"",""mysql_current_locks"":""0"",""mysql_total_locks"":""0"",""mysql_lock_time_avg"":""0"",""mysql_lock_time_max"":""0"",""mysql_select_scans"":""2337"",""mysql_sort_scans"":""3874"",""mysql_join_scans"":""10"",""sys_load_avg"":6.93,""sys_memory_used"":1734.671875,""sys_memory_used_buffers"":106.14453125,""sys_memory_used_cache"":357.3671875,""sys_memory_swap_used"":0,""sys_memory_swap_used_cache"":0,""fpm_listen_queue"":""0"",""fpm_listen_queue_length"":""128"",""fpm_total_processes"":""18"",""fpm_active_processes"":""16""}"
1475368307,"{""mysql_table_scans_pct"":0.26892907904543,""mysql_deadlocks"":""0"",""mysql_wait_locks"":""0"",""mysql_current_locks"":""0"",""mysql_total_locks"":""0"",""mysql_lock_time_avg"":""0"",""mysql_lock_time_max"":""0"",""mysql_select_scans"":""2472"",""mysql_sort_scans"":""4207"",""mysql_join_scans"":""14"",""sys_load_avg"":7.66,""sys_memory_used"":1668.9609375,""sys_memory_used_buffers"":107.26171875,""sys_memory_used_cache"":362.05078125,""sys_memory_swap_used"":0,""sys_memory_swap_used_cache"":0,""fpm_listen_queue"":""0"",""fpm_listen_queue_length"":""128"",""fpm_total_processes"":""17"",""fpm_active_processes"":""15""}"
1475368313,"{""mysql_table_scans_pct"":0.26792082942777,""mysql_deadlocks"":""0"",""mysql_wait_locks"":""0"",""mysql_current_locks"":""4"",""mysql_total_locks"":""0"",""mysql_lock_time_avg"":""0"",""mysql_lock_time_max"":""0"",""mysql_select_scans"":""2680"",""mysql_sort_scans"":""4694"",""mysql_join_scans"":""16"",""sys_load_avg"":7.85,""sys_memory_used"":1746.46875,""sys_memory_used_buffers"":108.97265625,""sys_memory_used_cache"":368.734375,""sys_memory_swap_used"":0,""sys_memory_swap_used_cache"":0,""fpm_listen_queue"":""1"",""fpm_listen_queue_length"":""128"",""fpm_total_processes"":""17"",""fpm_active_processes"":""14""}"
1475368318,"{""mysql_table_scans_pct"":0.26756259522841,""mysql_deadlocks"":""0"",""mysql_wait_locks"":""0"",""mysql_current_locks"":""0"",""mysql_total_locks"":""0"",""mysql_lock_time_avg"":""0"",""mysql_lock_time_max"":""0"",""mysql_select_scans"":""2780"",""mysql_sort_scans"":""5048"",""mysql_join_scans"":""18"",""sys_load_avg"":8.42,""sys_memory_used"":1709.1640625,""sys_memory_used_buffers"":111.35546875,""sys_memory_used_cache"":374.72265625,""sys_memory_swap_used"":0,""sys_memory_swap_used_cache"":0,""fpm_listen_queue"":""0"",""fpm_listen_queue_length"":""128"",""fpm_total_processes"":""17"",""fpm_active_processes"":""16""}"
1475368323,"{""mysql_table_scans_pct"":0.26726248589477,""mysql_deadlocks"":""0"",""mysql_wait_locks"":""0"",""mysql_current_locks"":""0"",""mysql_total_locks"":""0"",""mysql_lock_time_avg"":""0"",""mysql_lock_time_max"":""0"",""mysql_select_scans"":""2864"",""mysql_sort_scans"":""5338"",""mysql_join_scans"":""22"",""sys_load_avg"":9.11,""sys_memory_used"":1777.66015625,""sys_memory_used_buffers"":112.63671875,""sys_memory_used_cache"":382.3125,""sys_memory_swap_used"":0,""sys_memory_swap_used_cache"":0,""fpm_listen_queue"":""0"",""fpm_listen_queue_length"":""128"",""fpm_total_processes"":""18"",""fpm_active_processes"":""15""}"
1475368328,"{""mysql_table_scans_pct"":0.26755659676367,""mysql_deadlocks"":""0"",""mysql_wait_locks"":""0"",""mysql_current_locks"":""1"",""mysql_total_locks"":""0"",""mysql_lock_time_avg"":""0"",""mysql_lock_time_max"":""0"",""mysql_select_scans"":""3100"",""mysql_sort_scans"":""5742"",""mysql_join_scans"":""25"",""sys_load_avg"":9.66,""sys_memory_used"":1774.54296875,""sys_memory_used_buffers"":113.8203125,""sys_memory_used_cache"":387.86328125,""sys_memory_swap_used"":0,""sys_memory_swap_used_cache"":0,""fpm_listen_queue"":""0"",""fpm_listen_queue_length"":""128"",""fpm_total_processes"":""18"",""fpm_active_processes"":""17""}"
1475368333,"{""mysql_table_scans_pct"":0.26751145375662,""mysql_deadlocks"":""0"",""mysql_wait_locks"":""0"",""mysql_current_locks"":""0"",""mysql_total_locks"":""0"",""mysql_lock_time_avg"":""0"",""mysql_lock_time_max"":""0"",""mysql_select_scans"":""3219"",""mysql_sort_scans"":""6127"",""mysql_join_scans"":""26"",""sys_load_avg"":10.01,""sys_memory_used"":1806.79296875,""sys_memory_used_buffers"":114.74609375,""sys_memory_used_cache"":393.78515625,""sys_memory_swap_used"":0,""sys_memory_swap_used_cache"":0,""fpm_listen_queue"":""4"",""fpm_listen_queue_length"":""128"",""fpm_total_processes"":""16"",""fpm_active_processes"":""16""}"
1475368338,"{""mysql_table_scans_pct"":0.26729310082459,""mysql_deadlocks"":""0"",""mysql_wait_locks"":""0"",""mysql_current_locks"":""0"",""mysql_total_locks"":""0"",""mysql_lock_time_avg"":""0"",""mysql_lock_time_max"":""0"",""mysql_select_scans"":""3272"",""mysql_sort_scans"":""6384"",""mysql_join_scans"":""27"",""sys_load_avg"":10.41,""sys_memory_used"":1737.17578125,""sys_memory_used_buffers"":115.27734375,""sys_memory_used_cache"":399.296875,""sys_memory_swap_used"":0,""sys_memory_swap_used_cache"":0,""fpm_listen_queue"":""0"",""fpm_listen_queue_length"":""128"",""fpm_total_processes"":""16"",""fpm_active_processes"":""11""}"
1475368344,"{""mysql_table_scans_pct"":0.26729998370244,""mysql_deadlocks"":""0"",""mysql_wait_locks"":""0"",""mysql_current_locks"":""0"",""mysql_total_locks"":""0"",""mysql_lock_time_avg"":""0"",""mysql_lock_time_max"":""0"",""mysql_select_scans"":""3351"",""mysql_sort_scans"":""6656"",""mysql_join_scans"":""27"",""sys_load_avg"":10.62,""sys_memory_used"":1775.6015625,""sys_memory_used_buffers"":115.62890625,""sys_memory_used_cache"":403.1484375,""sys_memory_swap_used"":0,""sys_memory_swap_used_cache"":0,""fpm_listen_queue"":""0"",""fpm_listen_queue_length"":""128"",""fpm_total_processes"":""17"",""fpm_active_processes"":""16""}"
1475368349,"{""mysql_table_scans_pct"":0.26715074555222,""mysql_deadlocks"":""0"",""mysql_wait_locks"":""0"",""mysql_current_locks"":""0"",""mysql_total_locks"":""0"",""mysql_lock_time_avg"":""0"",""mysql_lock_time_max"":""0"",""mysql_select_scans"":""3476"",""mysql_sort_scans"":""6982"",""mysql_join_scans"":""28"",""sys_load_avg"":11.13,""sys_memory_used"":1807.7890625,""sys_memory_used_buffers"":116.27734375,""sys_memory_used_cache"":409.203125,""sys_memory_swap_used"":0,""sys_memory_swap_used_cache"":0,""fpm_listen_queue"":""0"",""fpm_listen_queue_length"":""128"",""fpm_total_processes"":""17"",""fpm_active_processes"":""13""}"
1475368354,"{""mysql_table_scans_pct"":0.26721187818714,""mysql_deadlocks"":""0"",""mysql_wait_locks"":""0"",""mysql_current_locks"":""0"",""mysql_total_locks"":""0"",""mysql_lock_time_avg"":""0"",""mysql_lock_time_max"":""0"",""mysql_select_scans"":""3624"",""mysql_sort_scans"":""7374"",""mysql_join_scans"":""30"",""sys_load_avg"":11.12,""sys_memory_used"":1841.62890625,""sys_memory_used_buffers"":117.1171875,""sys_memory_used_cache"":416.984375,""sys_memory_swap_used"":0,""sys_memory_swap_used_cache"":0,""fpm_listen_queue"":""0"",""fpm_listen_queue_length"":""128"",""fpm_total_processes"":""17"",""fpm_active_processes"":""15""}"
1475368359,"{""mysql_table_scans_pct"":0.26708029405908,""mysql_deadlocks"":""0"",""mysql_wait_locks"":""0"",""mysql_current_locks"":""0"",""mysql_total_locks"":""0"",""mysql_lock_time_avg"":""0"",""mysql_lock_time_max"":""0"",""mysql_select_scans"":""3718"",""mysql_sort_scans"":""7601"",""mysql_join_scans"":""33"",""sys_load_avg"":11.51,""sys_memory_used"":1831.1875,""sys_memory_used_buffers"":117.48046875,""sys_memory_used_cache"":419.8828125,""sys_memory_swap_used"":0,""sys_memory_swap_used_cache"":0,""fpm_listen_queue"":""0"",""fpm_listen_queue_length"":""128"",""fpm_total_processes"":""16"",""fpm_active_processes"":""9""}"
1475368364,"{""mysql_table_scans_pct"":0.26696854159473,""mysql_deadlocks"":""0"",""mysql_wait_locks"":""0"",""mysql_current_locks"":""0"",""mysql_total_locks"":""0"",""mysql_lock_time_avg"":""0"",""mysql_lock_time_max"":""0"",""mysql_select_scans"":""3816"",""mysql_sort_scans"":""7903"",""mysql_join_scans"":""33"",""sys_load_avg"":11.47,""sys_memory_used"":1777.171875,""sys_memory_used_buffers"":117.92578125,""sys_memory_used_cache"":425.25390625,""sys_memory_swap_used"":0,""sys_memory_swap_used_cache"":0,""fpm_listen_queue"":""0"",""fpm_listen_queue_length"":""128"",""fpm_total_processes"":""15"",""fpm_active_processes"":""14""}"
1475368369,"{""mysql_table_scans_pct"":0.26652394009321,""mysql_deadlocks"":""0"",""mysql_wait_locks"":""0"",""mysql_current_locks"":""0"",""mysql_total_locks"":""0"",""mysql_lock_time_avg"":""0"",""mysql_lock_time_max"":""0"",""mysql_select_scans"":""3868"",""mysql_sort_scans"":""8209"",""mysql_join_scans"":""35"",""sys_load_avg"":11.67,""sys_memory_used"":1855.140625,""sys_memory_used_buffers"":118.43359375,""sys_memory_used_cache"":432.1953125,""sys_memory_swap_used"":0,""sys_memory_swap_used_cache"":0,""fpm_listen_queue"":""0"",""fpm_listen_queue_length"":""128"",""fpm_total_processes"":""16"",""fpm_active_processes"":""16""}"
1475368374,"{""mysql_table_scans_pct"":0.26586762772378,""mysql_deadlocks"":""0"",""mysql_wait_locks"":""0"",""mysql_current_locks"":""0"",""mysql_total_locks"":""0"",""mysql_lock_time_avg"":""0"",""mysql_lock_time_max"":""0"",""mysql_select_scans"":""3936"",""mysql_sort_scans"":""8544"",""mysql_join_scans"":""37"",""sys_load_avg"":11.86,""sys_memory_used"":1864.92578125,""sys_memory_used_buffers"":118.8515625,""sys_memory_used_cache"":439.84765625,""sys_memory_swap_used"":0,""sys_memory_swap_used_cache"":0,""fpm_listen_queue"":""0"",""fpm_listen_queue_length"":""128"",""fpm_total_processes"":""16"",""fpm_active_processes"":""16""}"
1475368379,"{""mysql_table_scans_pct"":0.26539765675617,""mysql_deadlocks"":""0"",""mysql_wait_locks"":""0"",""mysql_current_locks"":""0"",""mysql_total_locks"":""0"",""mysql_lock_time_avg"":""0"",""mysql_lock_time_max"":""0"",""mysql_select_scans"":""4022"",""mysql_sort_scans"":""8833"",""mysql_join_scans"":""37"",""sys_load_avg"":12.19,""sys_memory_used"":1886.34765625,""sys_memory_used_buffers"":119.51953125,""sys_memory_used_cache"":445.66015625,""sys_memory_swap_used"":0,""sys_memory_swap_used_cache"":0,""fpm_listen_queue"":""0"",""fpm_listen_queue_length"":""128"",""fpm_total_processes"":""17"",""fpm_active_processes"":""16""}"
1475368384,"{""mysql_table_scans_pct"":0.26519806931643,""mysql_deadlocks"":""0"",""mysql_wait_locks"":""0"",""mysql_current_locks"":""0"",""mysql_total_locks"":""0"",""mysql_lock_time_avg"":""0"",""mysql_lock_time_max"":""0"",""mysql_select_scans"":""4098"",""mysql_sort_scans"":""9059"",""mysql_join_scans"":""37"",""sys_load_avg"":11.93,""sys_memory_used"":1878.3046875,""sys_memory_used_buffers"":119.81640625,""sys_memory_used_cache"":449.73828125,""sys_memory_swap_used"":0,""sys_memory_swap_used_cache"":0,""fpm_listen_queue"":""0"",""fpm_listen_queue_length"":""128"",""fpm_total_processes"":""16"",""fpm_active_processes"":""12""}"
1475368389,"{""mysql_table_scans_pct"":0.26487456625797,""mysql_deadlocks"":""0"",""mysql_wait_locks"":""0"",""mysql_current_locks"":""0"",""mysql_total_locks"":""0"",""mysql_lock_time_avg"":""0"",""mysql_lock_time_max"":""0"",""mysql_select_scans"":""4153"",""mysql_sort_scans"":""9335"",""mysql_join_scans"":""38"",""sys_load_avg"":11.94,""sys_memory_used"":1875.8046875,""sys_memory_used_buffers"":120.140625,""sys_memory_used_cache"":455.0859375,""sys_memory_swap_used"":0,""sys_memory_swap_used_cache"":0,""fpm_listen_queue"":""0"",""fpm_listen_queue_length"":""128"",""fpm_total_processes"":""16"",""fpm_active_processes"":""15""}"
1475368394,"{""mysql_table_scans_pct"":0.2643262007593,""mysql_deadlocks"":""0"",""mysql_wait_locks"":""0"",""mysql_current_locks"":""0"",""mysql_total_locks"":""0"",""mysql_lock_time_avg"":""0"",""mysql_lock_time_max"":""0"",""mysql_select_scans"":""4211"",""mysql_sort_scans"":""9651"",""mysql_join_scans"":""42"",""sys_load_avg"":12.18,""sys_memory_used"":1882.48046875,""sys_memory_used_buffers"":120.8515625,""sys_memory_used_cache"":463.53515625,""sys_memory_swap_used"":0,""sys_memory_swap_used_cache"":0,""fpm_listen_queue"":""0"",""fpm_listen_queue_length"":""128"",""fpm_total_processes"":""15"",""fpm_active_processes"":""12""}"
1475368400,"{""mysql_table_scans_pct"":0.26380923841189,""mysql_deadlocks"":""0"",""mysql_wait_locks"":""0"",""mysql_current_locks"":""0"",""mysql_total_locks"":""0"",""mysql_lock_time_avg"":""0"",""mysql_lock_time_max"":""0"",""mysql_select_scans"":""4271"",""mysql_sort_scans"":""9965"",""mysql_join_scans"":""43"",""sys_load_avg"":12.49,""sys_memory_used"":1912.234375,""sys_memory_used_buffers"":121.1796875,""sys_memory_used_cache"":470.63671875,""sys_memory_swap_used"":0,""sys_memory_swap_used_cache"":0,""fpm_listen_queue"":""0"",""fpm_listen_queue_length"":""128"",""fpm_total_processes"":""17"",""fpm_active_processes"":""16""}"
1475368405,"{""mysql_table_scans_pct"":0.26335674338687,""mysql_deadlocks"":""0"",""mysql_wait_locks"":""0"",""mysql_current_locks"":""0"",""mysql_total_locks"":""0"",""mysql_lock_time_avg"":""0"",""mysql_lock_time_max"":""0"",""mysql_select_scans"":""4336"",""mysql_sort_scans"":""10249"",""mysql_join_scans"":""45"",""sys_load_avg"":12.77,""sys_memory_used"":1969.2578125,""sys_memory_used_buffers"":121.43359375,""sys_memory_used_cache"":475.84375,""sys_memory_swap_used"":0,""sys_memory_swap_used_cache"":0,""fpm_listen_queue"":""0"",""fpm_listen_queue_length"":""128"",""fpm_total_processes"":""17"",""fpm_active_processes"":""14""}"
1475368410,"{""mysql_table_scans_pct"":0.26305392849191,""mysql_deadlocks"":""0"",""mysql_wait_locks"":""0"",""mysql_current_locks"":""0"",""mysql_total_locks"":""0"",""mysql_lock_time_avg"":""0"",""mysql_lock_time_max"":""0"",""mysql_select_scans"":""4391"",""mysql_sort_scans"":""10494"",""mysql_join_scans"":""46"",""sys_load_avg"":12.95,""sys_memory_used"":1972.67578125,""sys_memory_used_buffers"":121.6953125,""sys_memory_used_cache"":481.95703125,""sys_memory_swap_used"":0,""sys_memory_swap_used_cache"":0,""fpm_listen_queue"":""0"",""fpm_listen_queue_length"":""128"",""fpm_total_processes"":""18"",""fpm_active_processes"":""13""}"
1475368415,"{""mysql_table_scans_pct"":0.26264817182804,""mysql_deadlocks"":""0"",""mysql_wait_locks"":""0"",""mysql_current_locks"":""0"",""mysql_total_locks"":""0"",""mysql_lock_time_avg"":""0"",""mysql_lock_time_max"":""0"",""mysql_select_scans"":""4454"",""mysql_sort_scans"":""10745"",""mysql_join_scans"":""47"",""sys_load_avg"":13.19,""sys_memory_used"":1972.9609375,""sys_memory_used_buffers"":121.9140625,""sys_memory_used_cache"":487.00390625,""sys_memory_swap_used"":0,""sys_memory_swap_used_cache"":0,""fpm_listen_queue"":""0"",""fpm_listen_queue_length"":""128"",""fpm_total_processes"":""17"",""fpm_active_processes"":""16""}"
1475368420,"{""mysql_table_scans_pct"":0.26222933026093,""mysql_deadlocks"":""0"",""mysql_wait_locks"":""0"",""mysql_current_locks"":""0"",""mysql_total_locks"":""0"",""mysql_lock_time_avg"":""0"",""mysql_lock_time_max"":""0"",""mysql_select_scans"":""4523"",""mysql_sort_scans"":""11030"",""mysql_join_scans"":""51"",""sys_load_avg"":13.02,""sys_memory_used"":1987.375,""sys_memory_used_buffers"":122.21484375,""sys_memory_used_cache"":492.5625,""sys_memory_swap_used"":0,""sys_memory_swap_used_cache"":0,""fpm_listen_queue"":""2"",""fpm_listen_queue_length"":""128"",""fpm_total_processes"":""15"",""fpm_active_processes"":""15""}"
1475368425,"{""mysql_table_scans_pct"":0.26193396429464,""mysql_deadlocks"":""0"",""mysql_wait_locks"":""0"",""mysql_current_locks"":""0"",""mysql_total_locks"":""0"",""mysql_lock_time_avg"":""0"",""mysql_lock_time_max"":""0"",""mysql_select_scans"":""4581"",""mysql_sort_scans"":""11249"",""mysql_join_scans"":""52"",""sys_load_avg"":12.78,""sys_memory_used"":1988.76953125,""sys_memory_used_buffers"":122.47265625,""sys_memory_used_cache"":497.82421875,""sys_memory_swap_used"":0,""sys_memory_swap_used_cache"":0,""fpm_listen_queue"":""0"",""fpm_listen_queue_length"":""128"",""fpm_total_processes"":""17"",""fpm_active_processes"":""7""}"
1475368430,"{""mysql_table_scans_pct"":0.26167192939605,""mysql_deadlocks"":""0"",""mysql_wait_locks"":""0"",""mysql_current_locks"":""0"",""mysql_total_locks"":""0"",""mysql_lock_time_avg"":""0"",""mysql_lock_time_max"":""0"",""mysql_select_scans"":""4637"",""mysql_sort_scans"":""11491"",""mysql_join_scans"":""54"",""sys_load_avg"":13.03,""sys_memory_used"":2024.22265625,""sys_memory_used_buffers"":122.859375,""sys_memory_used_cache"":502.94921875,""sys_memory_swap_used"":0,""sys_memory_swap_used_cache"":0,""fpm_listen_queue"":""0"",""fpm_listen_queue_length"":""128"",""fpm_total_processes"":""17"",""fpm_active_processes"":""16""}"
1475368435,"{""mysql_table_scans_pct"":0.2611858599673,""mysql_deadlocks"":""0"",""mysql_wait_locks"":""0"",""mysql_current_locks"":""0"",""mysql_total_locks"":""0"",""mysql_lock_time_avg"":""0"",""mysql_lock_time_max"":""0"",""mysql_select_scans"":""4702"",""mysql_sort_scans"":""11774"",""mysql_join_scans"":""56"",""sys_load_avg"":12.71,""sys_memory_used"":2017.85546875,""sys_memory_used_buffers"":123.23828125,""sys_memory_used_cache"":508.35546875,""sys_memory_swap_used"":0,""sys_memory_swap_used_cache"":0,""fpm_listen_queue"":""0"",""fpm_listen_queue_length"":""128"",""fpm_total_processes"":""16"",""fpm_active_processes"":""16""}"
1475368440,"{""mysql_table_scans_pct"":0.26085881044357,""mysql_deadlocks"":""0"",""mysql_wait_locks"":""0"",""mysql_current_locks"":""0"",""mysql_total_locks"":""0"",""mysql_lock_time_avg"":""0"",""mysql_lock_time_max"":""0"",""mysql_select_scans"":""4756"",""mysql_sort_scans"":""12034"",""mysql_join_scans"":""57"",""sys_load_avg"":12.89,""sys_memory_used"":2010.38671875,""sys_memory_used_buffers"":123.8203125,""sys_memory_used_cache"":512.68359375,""sys_memory_swap_used"":0,""sys_memory_swap_used_cache"":0,""fpm_listen_queue"":""1"",""fpm_listen_queue_length"":""128"",""fpm_total_processes"":""15"",""fpm_active_processes"":""14""}"
1475368445,"{""mysql_table_scans_pct"":0.26069914675378,""mysql_deadlocks"":""0"",""mysql_wait_locks"":""0"",""mysql_current_locks"":""0"",""mysql_total_locks"":""0"",""mysql_lock_time_avg"":""0"",""mysql_lock_time_max"":""0"",""mysql_select_scans"":""4796"",""mysql_sort_scans"":""12182"",""mysql_join_scans"":""61"",""sys_load_avg"":12.58,""sys_memory_used"":2062.88671875,""sys_memory_used_buffers"":124.0234375,""sys_memory_used_cache"":515.76953125,""sys_memory_swap_used"":0,""sys_memory_swap_used_cache"":0,""fpm_listen_queue"":""0"",""fpm_listen_queue_length"":""128"",""fpm_total_processes"":""17"",""fpm_active_processes"":""14""}"
1475368450,"{""mysql_table_scans_pct"":0.26031497407011,""mysql_deadlocks"":""0"",""mysql_wait_locks"":""0"",""mysql_current_locks"":""0"",""mysql_total_locks"":""0"",""mysql_lock_time_avg"":""0"",""mysql_lock_time_max"":""0"",""mysql_select_scans"":""4853"",""mysql_sort_scans"":""12458"",""mysql_join_scans"":""62"",""sys_load_avg"":12.37,""sys_memory_used"":2056.734375,""sys_memory_used_buffers"":124.2109375,""sys_memory_used_cache"":521.40625,""sys_memory_swap_used"":0,""sys_memory_swap_used_cache"":0,""fpm_listen_queue"":""0"",""fpm_listen_queue_length"":""128"",""fpm_total_processes"":""17"",""fpm_active_processes"":""15""}"
1475368456,"{""mysql_table_scans_pct"":0.25994789657708,""mysql_deadlocks"":""0"",""mysql_wait_locks"":""0"",""mysql_current_locks"":""0"",""mysql_total_locks"":""0"",""mysql_lock_time_avg"":""0"",""mysql_lock_time_max"":""0"",""mysql_select_scans"":""4910"",""mysql_sort_scans"":""12717"",""mysql_join_scans"":""64"",""sys_load_avg"":12.35,""sys_memory_used"":2042.6875,""sys_memory_used_buffers"":124.5703125,""sys_memory_used_cache"":526.359375,""sys_memory_swap_used"":0,""sys_memory_swap_used_cache"":0,""fpm_listen_queue"":""0"",""fpm_listen_queue_length"":""128"",""fpm_total_processes"":""17"",""fpm_active_processes"":""15""}"
1475368461,"{""mysql_table_scans_pct"":0.25950509431793,""mysql_deadlocks"":""0"",""mysql_wait_locks"":""0"",""mysql_current_locks"":""0"",""mysql_total_locks"":""0"",""mysql_lock_time_avg"":""0"",""mysql_lock_time_max"":""0"",""mysql_select_scans"":""4967"",""mysql_sort_scans"":""12992"",""mysql_join_scans"":""72"",""sys_load_avg"":12.56,""sys_memory_used"":1993.5078125,""sys_memory_used_buffers"":124.7578125,""sys_memory_used_cache"":530.98046875,""sys_memory_swap_used"":0,""sys_memory_swap_used_cache"":0,""fpm_listen_queue"":""0"",""fpm_listen_queue_length"":""128"",""fpm_total_processes"":""15"",""fpm_active_processes"":""14""}"
1475368466,"{""mysql_table_scans_pct"":0.25917396821389,""mysql_deadlocks"":""0"",""mysql_wait_locks"":""0"",""mysql_current_locks"":""1"",""mysql_total_locks"":""0"",""mysql_lock_time_avg"":""0"",""mysql_lock_time_max"":""0"",""mysql_select_scans"":""5031"",""mysql_sort_scans"":""13220"",""mysql_join_scans"":""74"",""sys_load_avg"":12.43,""sys_memory_used"":2003.6875,""sys_memory_used_buffers"":125.16796875,""sys_memory_used_cache"":535.328125,""sys_memory_swap_used"":0,""sys_memory_swap_used_cache"":0,""fpm_listen_queue"":""0"",""fpm_listen_queue_length"":""128"",""fpm_total_processes"":""14"",""fpm_active_processes"":""12""}"
1475368471,"{""mysql_table_scans_pct"":0.25870473037585,""mysql_deadlocks"":""0"",""mysql_wait_locks"":""0"",""mysql_current_locks"":""0"",""mysql_total_locks"":""0"",""mysql_lock_time_avg"":""0"",""mysql_lock_time_max"":""0"",""mysql_select_scans"":""5099"",""mysql_sort_scans"":""13541"",""mysql_join_scans"":""76"",""sys_load_avg"":12.4,""sys_memory_used"":2004.75,""sys_memory_used_buffers"":125.48828125,""sys_memory_used_cache"":541.01171875,""sys_memory_swap_used"":0,""sys_memory_swap_used_cache"":0,""fpm_listen_queue"":""0"",""fpm_listen_queue_length"":""128"",""fpm_total_processes"":""15"",""fpm_active_processes"":""14""}"
1475368476,"{""mysql_table_scans_pct"":0.25850252796943,""mysql_deadlocks"":""0"",""mysql_wait_locks"":""0"",""mysql_current_locks"":""0"",""mysql_total_locks"":""0"",""mysql_lock_time_avg"":""0"",""mysql_lock_time_max"":""0"",""mysql_select_scans"":""5154"",""mysql_sort_scans"":""13796"",""mysql_join_scans"":""77"",""sys_load_avg"":12.72,""sys_memory_used"":2063.04296875,""sys_memory_used_buffers"":125.671875,""sys_memory_used_cache"":545.046875,""sys_memory_swap_used"":0,""sys_memory_swap_used_cache"":0,""fpm_listen_queue"":""0"",""fpm_listen_queue_length"":""128"",""fpm_total_processes"":""16"",""fpm_active_processes"":""15""}"
1475368481,"{""mysql_table_scans_pct"":0.25822543984815,""mysql_deadlocks"":""0"",""mysql_wait_locks"":""0"",""mysql_current_locks"":""0"",""mysql_total_locks"":""0"",""mysql_lock_time_avg"":""0"",""mysql_lock_time_max"":""0"",""mysql_select_scans"":""5217"",""mysql_sort_scans"":""14015"",""mysql_join_scans"":""79"",""sys_load_avg"":12.82,""sys_memory_used"":2051.83984375,""sys_memory_used_buffers"":125.99609375,""sys_memory_used_cache"":547.90625,""sys_memory_swap_used"":0,""sys_memory_swap_used_cache"":0,""fpm_listen_queue"":""0"",""fpm_listen_queue_length"":""128"",""fpm_total_processes"":""15"",""fpm_active_processes"":""15""}"
1475368486,"{""mysql_table_scans_pct"":0.25785478397172,""mysql_deadlocks"":""0"",""mysql_wait_locks"":""0"",""mysql_current_locks"":""2"",""mysql_total_locks"":""0"",""mysql_lock_time_avg"":""0"",""mysql_lock_time_max"":""0"",""mysql_select_scans"":""5284"",""mysql_sort_scans"":""14293"",""mysql_join_scans"":""83"",""sys_load_avg"":12.91,""sys_memory_used"":2079.046875,""sys_memory_used_buffers"":126.171875,""sys_memory_used_cache"":553.00390625,""sys_memory_swap_used"":0,""sys_memory_swap_used_cache"":0,""fpm_listen_queue"":""1"",""fpm_listen_queue_length"":""128"",""fpm_total_processes"":""16"",""fpm_active_processes"":""16""}"
1475368491,"{""mysql_table_scans_pct"":0.2575750667512,""mysql_deadlocks"":""0"",""mysql_wait_locks"":""0"",""mysql_current_locks"":""0"",""mysql_total_locks"":""0"",""mysql_lock_time_avg"":""0"",""mysql_lock_time_max"":""0"",""mysql_select_scans"":""5346"",""mysql_sort_scans"":""14499"",""mysql_join_scans"":""86"",""sys_load_avg"":12.92,""sys_memory_used"":2090.609375,""sys_memory_used_buffers"":126.34375,""sys_memory_used_cache"":556.58984375,""sys_memory_swap_used"":0,""sys_memory_swap_used_cache"":0,""fpm_listen_queue"":""0"",""fpm_listen_queue_length"":""128"",""fpm_total_processes"":""17"",""fpm_active_processes"":""15""}"
1475368497,"{""mysql_table_scans_pct"":0.25726791044265,""mysql_deadlocks"":""0"",""mysql_wait_locks"":""0"",""mysql_current_locks"":""2"",""mysql_total_locks"":""0"",""mysql_lock_time_avg"":""0"",""mysql_lock_time_max"":""0"",""mysql_select_scans"":""5411"",""mysql_sort_scans"":""14762"",""mysql_join_scans"":""89"",""sys_load_avg"":13.25,""sys_memory_used"":2099.3046875,""sys_memory_used_buffers"":126.69921875,""sys_memory_used_cache"":561.09765625,""sys_memory_swap_used"":0,""sys_memory_swap_used_cache"":0,""fpm_listen_queue"":""1"",""fpm_listen_queue_length"":""128"",""fpm_total_processes"":""16"",""fpm_active_processes"":""11""}"
1475368502,"{""mysql_table_scans_pct"":0.257031134138,""mysql_deadlocks"":""0"",""mysql_wait_locks"":""0"",""mysql_current_locks"":""0"",""mysql_total_locks"":""0"",""mysql_lock_time_avg"":""0"",""mysql_lock_time_max"":""0"",""mysql_select_scans"":""5467"",""mysql_sort_scans"":""14979"",""mysql_join_scans"":""93"",""sys_load_avg"":13.47,""sys_memory_used"":2090.7109375,""sys_memory_used_buffers"":126.87109375,""sys_memory_used_cache"":563.62890625,""sys_memory_swap_used"":0,""sys_memory_swap_used_cache"":0,""fpm_listen_queue"":""2"",""fpm_listen_queue_length"":""128"",""fpm_total_processes"":""15"",""fpm_active_processes"":""15""}"
1475368507,"{""mysql_table_scans_pct"":0.25682010269005,""mysql_deadlocks"":""0"",""mysql_wait_locks"":""0"",""mysql_current_locks"":""0"",""mysql_total_locks"":""0"",""mysql_lock_time_avg"":""0"",""mysql_lock_time_max"":""0"",""mysql_select_scans"":""5512"",""mysql_sort_scans"":""15180"",""mysql_join_scans"":""94"",""sys_load_avg"":13.83,""sys_memory_used"":2120.3125,""sys_memory_used_buffers"":127,""sys_memory_used_cache"":566.37109375,""sys_memory_swap_used"":0,""sys_memory_swap_used_cache"":0,""fpm_listen_queue"":""0"",""fpm_listen_queue_length"":""128"",""fpm_total_processes"":""17"",""fpm_active_processes"":""13""}"
1475368512,"{""mysql_table_scans_pct"":0.2563884463236,""mysql_deadlocks"":""0"",""mysql_wait_locks"":""0"",""mysql_current_locks"":""0"",""mysql_total_locks"":""0"",""mysql_lock_time_avg"":""0"",""mysql_lock_time_max"":""0"",""mysql_select_scans"":""5583"",""mysql_sort_scans"":""15535"",""mysql_join_scans"":""96"",""sys_load_avg"":14.25,""sys_memory_used"":2122.90234375,""sys_memory_used_buffers"":127.3671875,""sys_memory_used_cache"":569.02734375,""sys_memory_swap_used"":0,""sys_memory_swap_used_cache"":0,""fpm_listen_queue"":""0"",""fpm_listen_queue_length"":""128"",""fpm_total_processes"":""16"",""fpm_active_processes"":""13""}"
1475368517,"{""mysql_table_scans_pct"":0.25603026385549,""mysql_deadlocks"":""0"",""mysql_wait_locks"":""0"",""mysql_current_locks"":""0"",""mysql_total_locks"":""0"",""mysql_lock_time_avg"":""0"",""mysql_lock_time_max"":""0"",""mysql_select_scans"":""5640"",""mysql_sort_scans"":""15845"",""mysql_join_scans"":""97"",""sys_load_avg"":14.47,""sys_memory_used"":2127.5546875,""sys_memory_used_buffers"":127.52734375,""sys_memory_used_cache"":573.1484375,""sys_memory_swap_used"":0,""sys_memory_swap_used_cache"":0,""fpm_listen_queue"":""0"",""fpm_listen_queue_length"":""128"",""fpm_total_processes"":""16"",""fpm_active_processes"":""14""}"
1475368522,"{""mysql_table_scans_pct"":0.25551999841016,""mysql_deadlocks"":""0"",""mysql_wait_locks"":""0"",""mysql_current_locks"":""0"",""mysql_total_locks"":""0"",""mysql_lock_time_avg"":""0"",""mysql_lock_time_max"":""0"",""mysql_select_scans"":""5711"",""mysql_sort_scans"":""16174"",""mysql_join_scans"":""102"",""sys_load_avg"":14.03,""sys_memory_used"":2105.73828125,""sys_memory_used_buffers"":127.953125,""sys_memory_used_cache"":577.55078125,""sys_memory_swap_used"":0,""sys_memory_swap_used_cache"":0,""fpm_listen_queue"":""0"",""fpm_listen_queue_length"":""128"",""fpm_total_processes"":""16"",""fpm_active_processes"":""11""}"
1475368527,"{""mysql_table_scans_pct"":0.25513490215379,""mysql_deadlocks"":""0"",""mysql_wait_locks"":""0"",""mysql_current_locks"":""0"",""mysql_total_locks"":""0"",""mysql_lock_time_avg"":""0"",""mysql_lock_time_max"":""0"",""mysql_select_scans"":""5778"",""mysql_sort_scans"":""16455"",""mysql_join_scans"":""103"",""sys_load_avg"":13.71,""sys_memory_used"":2085.703125,""sys_memory_used_buffers"":128.13671875,""sys_memory_used_cache"":581.234375,""sys_memory_swap_used"":0,""sys_memory_swap_used_cache"":0,""fpm_listen_queue"":""4"",""fpm_listen_queue_length"":""128"",""fpm_total_processes"":""14"",""fpm_active_processes"":""14""}"
1475368532,"{""mysql_table_scans_pct"":0.25496794062471,""mysql_deadlocks"":""0"",""mysql_wait_locks"":""0"",""mysql_current_locks"":""0"",""mysql_total_locks"":""0"",""mysql_lock_time_avg"":""0"",""mysql_lock_time_max"":""0"",""mysql_select_scans"":""5842"",""mysql_sort_scans"":""16702"",""mysql_join_scans"":""105"",""sys_load_avg"":13.65,""sys_memory_used"":2129.453125,""sys_memory_used_buffers"":128.3515625,""sys_memory_used_cache"":584.859375,""sys_memory_swap_used"":0,""sys_memory_swap_used_cache"":0,""fpm_listen_queue"":""0"",""fpm_listen_queue_length"":""128"",""fpm_total_processes"":""17"",""fpm_active_processes"":""14""}"
1475368537,"{""mysql_table_scans_pct"":0.25452355104394,""mysql_deadlocks"":""0"",""mysql_wait_locks"":""0"",""mysql_current_locks"":""2"",""mysql_total_locks"":""0"",""mysql_lock_time_avg"":""0"",""mysql_lock_time_max"":""0"",""mysql_select_scans"":""5916"",""mysql_sort_scans"":""17055"",""mysql_join_scans"":""107"",""sys_load_avg"":13.68,""sys_memory_used"":2148.85546875,""sys_memory_used_buffers"":128.50390625,""sys_memory_used_cache"":588.765625,""sys_memory_swap_used"":0,""sys_memory_swap_used_cache"":0,""fpm_listen_queue"":""0"",""fpm_listen_queue_length"":""128"",""fpm_total_processes"":""16"",""fpm_active_processes"":""13""}"
1475368543,"{""mysql_table_scans_pct"":0.25414653221114,""mysql_deadlocks"":""0"",""mysql_wait_locks"":""0"",""mysql_current_locks"":""2"",""mysql_total_locks"":""0"",""mysql_lock_time_avg"":""0"",""mysql_lock_time_max"":""0"",""mysql_select_scans"":""5977"",""mysql_sort_scans"":""17377"",""mysql_join_scans"":""108"",""sys_load_avg"":13.62,""sys_memory_used"":2130.41015625,""sys_memory_used_buffers"":128.625,""sys_memory_used_cache"":592.8515625,""sys_memory_swap_used"":0,""sys_memory_swap_used_cache"":0,""fpm_listen_queue"":""0"",""fpm_listen_queue_length"":""128"",""fpm_total_processes"":""16"",""fpm_active_processes"":""11""}"
1475368548,"{""mysql_table_scans_pct"":0.25378716442305,""mysql_deadlocks"":""0"",""mysql_wait_locks"":""0"",""mysql_current_locks"":""0"",""mysql_total_locks"":""0"",""mysql_lock_time_avg"":""0"",""mysql_lock_time_max"":""0"",""mysql_select_scans"":""6053"",""mysql_sort_scans"":""17720"",""mysql_join_scans"":""110"",""sys_load_avg"":13.65,""sys_memory_used"":2128.1953125,""sys_memory_used_buffers"":128.8046875,""sys_memory_used_cache"":595.38671875,""sys_memory_swap_used"":0,""sys_memory_swap_used_cache"":0,""fpm_listen_queue"":""0"",""fpm_listen_queue_length"":""128"",""fpm_total_processes"":""14"",""fpm_active_processes"":""12""}"
1475368553,"{""mysql_table_scans_pct"":0.25341205000484,""mysql_deadlocks"":""0"",""mysql_wait_locks"":""0"",""mysql_current_locks"":""0"",""mysql_total_locks"":""0"",""mysql_lock_time_avg"":""0"",""mysql_lock_time_max"":""0"",""mysql_select_scans"":""6133"",""mysql_sort_scans"":""18056"",""mysql_join_scans"":""111"",""sys_load_avg"":13.36,""sys_memory_used"":2076.4375,""sys_memory_used_buffers"":128.96875,""sys_memory_used_cache"":599.18359375,""sys_memory_swap_used"":0,""sys_memory_swap_used_cache"":0,""fpm_listen_queue"":""0"",""fpm_listen_queue_length"":""128"",""fpm_total_processes"":""14"",""fpm_active_processes"":""12""}"
1475368558,"{""mysql_table_scans_pct"":0.2532589177876,""mysql_deadlocks"":""0"",""mysql_wait_locks"":""0"",""mysql_current_locks"":""0"",""mysql_total_locks"":""0"",""mysql_lock_time_avg"":""0"",""mysql_lock_time_max"":""0"",""mysql_select_scans"":""6188"",""mysql_sort_scans"":""18292"",""mysql_join_scans"":""112"",""sys_load_avg"":13.41,""sys_memory_used"":2133.2578125,""sys_memory_used_buffers"":129.11328125,""sys_memory_used_cache"":601.0078125,""sys_memory_swap_used"":0,""sys_memory_swap_used_cache"":0,""fpm_listen_queue"":""1"",""fpm_listen_queue_length"":""128"",""fpm_total_processes"":""15"",""fpm_active_processes"":""11""}"
1475368563,"{""mysql_table_scans_pct"":0.25305382914719,""mysql_deadlocks"":""0"",""mysql_wait_locks"":""0"",""mysql_current_locks"":""0"",""mysql_total_locks"":""0"",""mysql_lock_time_avg"":""0"",""mysql_lock_time_max"":""0"",""mysql_select_scans"":""6251"",""mysql_sort_scans"":""18472"",""mysql_join_scans"":""116"",""sys_load_avg"":13.54,""sys_memory_used"":2151.546875,""sys_memory_used_buffers"":129.25,""sys_memory_used_cache"":602.796875,""sys_memory_swap_used"":0,""sys_memory_swap_used_cache"":0,""fpm_listen_queue"":""0"",""fpm_listen_queue_length"":""128"",""fpm_total_processes"":""16"",""fpm_active_processes"":""15""}"
1475368568,"{""mysql_table_scans_pct"":0.25254929563491,""mysql_deadlocks"":""0"",""mysql_wait_locks"":""0"",""mysql_current_locks"":""0"",""mysql_total_locks"":""0"",""mysql_lock_time_avg"":""0"",""mysql_lock_time_max"":""0"",""mysql_select_scans"":""6317"",""mysql_sort_scans"":""18820"",""mysql_join_scans"":""123"",""sys_load_avg"":13.9,""sys_memory_used"":2118.83203125,""sys_memory_used_buffers"":129.375,""sys_memory_used_cache"":606.86328125,""sys_memory_swap_used"":0,""sys_memory_swap_used_cache"":0,""fpm_listen_queue"":""0"",""fpm_listen_queue_length"":""128"",""fpm_total_processes"":""15"",""fpm_active_processes"":""14""}"
1475368573,"{""mysql_table_scans_pct"":0.25231852952775,""mysql_deadlocks"":""0"",""mysql_wait_locks"":""0"",""mysql_current_locks"":""0"",""mysql_total_locks"":""0"",""mysql_lock_time_avg"":""0"",""mysql_lock_time_max"":""0"",""mysql_select_scans"":""6380"",""mysql_sort_scans"":""19095"",""mysql_join_scans"":""123"",""sys_load_avg"":13.74,""sys_memory_used"":2187.8671875,""sys_memory_used_buffers"":129.51171875,""sys_memory_used_cache"":609.6015625,""sys_memory_swap_used"":0,""sys_memory_swap_used_cache"":0,""fpm_listen_queue"":""0"",""fpm_listen_queue_length"":""128"",""fpm_total_processes"":""16"",""fpm_active_processes"":""15""}"
1475368578,"{""mysql_table_scans_pct"":0.25194978795649,""mysql_deadlocks"":""0"",""mysql_wait_locks"":""0"",""mysql_current_locks"":""0"",""mysql_total_locks"":""0"",""mysql_lock_time_avg"":""0"",""mysql_lock_time_max"":""0"",""mysql_select_scans"":""6447"",""mysql_sort_scans"":""19469"",""mysql_join_scans"":""124"",""sys_load_avg"":13.2,""sys_memory_used"":2168.46875,""sys_memory_used_buffers"":129.6875,""sys_memory_used_cache"":613.8359375,""sys_memory_swap_used"":0,""sys_memory_swap_used_cache"":0,""fpm_listen_queue"":""1"",""fpm_listen_queue_length"":""128"",""fpm_total_processes"":""15"",""fpm_active_processes"":""5""}"
1475368583,"{""mysql_table_scans_pct"":0.25160075527703,""mysql_deadlocks"":""0"",""mysql_wait_locks"":""0"",""mysql_current_locks"":""0"",""mysql_total_locks"":""0"",""mysql_lock_time_avg"":""0"",""mysql_lock_time_max"":""0"",""mysql_select_scans"":""6518"",""mysql_sort_scans"":""19821"",""mysql_join_scans"":""125"",""sys_load_avg"":13.27,""sys_memory_used"":2200.7890625,""sys_memory_used_buffers"":130.03515625,""sys_memory_used_cache"":616.671875,""sys_memory_swap_used"":0,""sys_memory_swap_used_cache"":0,""fpm_listen_queue"":""2"",""fpm_listen_queue_length"":""128"",""fpm_total_processes"":""15"",""fpm_active_processes"":""13""}"
1475368588,"{""mysql_table_scans_pct"":0.25137646251017,""mysql_deadlocks"":""0"",""mysql_wait_locks"":""0"",""mysql_current_locks"":""0"",""mysql_total_locks"":""0"",""mysql_lock_time_avg"":""0"",""mysql_lock_time_max"":""0"",""mysql_select_scans"":""6581"",""mysql_sort_scans"":""20103"",""mysql_join_scans"":""126"",""sys_load_avg"":13.09,""sys_memory_used"":2173.45703125,""sys_memory_used_buffers"":130.1171875,""sys_memory_used_cache"":619.9296875,""sys_memory_swap_used"":0,""sys_memory_swap_used_cache"":0,""fpm_listen_queue"":""0"",""fpm_listen_queue_length"":""128"",""fpm_total_processes"":""16"",""fpm_active_processes"":""9""}"
1475368593,"{""mysql_table_scans_pct"":0.25114684367483,""mysql_deadlocks"":""0"",""mysql_wait_locks"":""0"",""mysql_current_locks"":""0"",""mysql_total_locks"":""0"",""mysql_lock_time_avg"":""0"",""mysql_lock_time_max"":""0"",""mysql_select_scans"":""6640"",""mysql_sort_scans"":""20401"",""mysql_join_scans"":""128"",""sys_load_avg"":13.4,""sys_memory_used"":2211.94140625,""sys_memory_used_buffers"":130.26171875,""sys_memory_used_cache"":623.23046875,""sys_memory_swap_used"":0,""sys_memory_swap_used_cache"":0,""fpm_listen_queue"":""0"",""fpm_listen_queue_length"":""128"",""fpm_total_processes"":""16"",""fpm_active_processes"":""14""}"
1475368598,"{""mysql_table_scans_pct"":0.25091055495809,""mysql_deadlocks"":""0"",""mysql_wait_locks"":""0"",""mysql_current_locks"":""0"",""mysql_total_locks"":""0"",""mysql_lock_time_avg"":""0"",""mysql_lock_time_max"":""0"",""mysql_select_scans"":""6711"",""mysql_sort_scans"":""20737"",""mysql_join_scans"":""129"",""sys_load_avg"":13.37,""sys_memory_used"":2178.48046875,""sys_memory_used_buffers"":130.41015625,""sys_memory_used_cache"":626.2265625,""sys_memory_swap_used"":0,""sys_memory_swap_used_cache"":0,""fpm_listen_queue"":""0"",""fpm_listen_queue_length"":""128"",""fpm_total_processes"":""14"",""fpm_active_processes"":""13""}"
1475368604,"{""mysql_table_scans_pct"":0.25071793777252,""mysql_deadlocks"":""0"",""mysql_wait_locks"":""0"",""mysql_current_locks"":""0"",""mysql_total_locks"":""0"",""mysql_lock_time_avg"":""0"",""mysql_lock_time_max"":""0"",""mysql_select_scans"":""6772"",""mysql_sort_scans"":""21008"",""mysql_join_scans"":""129"",""sys_load_avg"":13.5,""sys_memory_used"":2273.28515625,""sys_memory_used_buffers"":130.57421875,""sys_memory_used_cache"":629.46875,""sys_memory_swap_used"":0,""sys_memory_swap_used_cache"":0,""fpm_listen_queue"":""1"",""fpm_listen_queue_length"":""128"",""fpm_total_processes"":""17"",""fpm_active_processes"":""17""}"
1475368609,"{""mysql_table_scans_pct"":0.25055620483952,""mysql_deadlocks"":""0"",""mysql_wait_locks"":""0"",""mysql_current_locks"":""0"",""mysql_total_locks"":""0"",""mysql_lock_time_avg"":""0"",""mysql_lock_time_max"":""0"",""mysql_select_scans"":""6831"",""mysql_sort_scans"":""21260"",""mysql_join_scans"":""131"",""sys_load_avg"":13.3,""sys_memory_used"":2203.7890625,""sys_memory_used_buffers"":130.75,""sys_memory_used_cache"":631.83984375,""sys_memory_swap_used"":0,""sys_memory_swap_used_cache"":0,""fpm_listen_queue"":""0"",""fpm_listen_queue_length"":""128"",""fpm_total_processes"":""16"",""fpm_active_processes"":""15""}"
1475368614,"{""mysql_table_scans_pct"":0.25028544395986,""mysql_deadlocks"":""0"",""mysql_wait_locks"":""0"",""mysql_current_locks"":""0"",""mysql_total_locks"":""0"",""mysql_lock_time_avg"":""0"",""mysql_lock_time_max"":""0"",""mysql_select_scans"":""6904"",""mysql_sort_scans"":""21497"",""mysql_join_scans"":""135"",""sys_load_avg"":13.27,""sys_memory_used"":2182.63671875,""sys_memory_used_buffers"":130.90234375,""sys_memory_used_cache"":635.16015625,""sys_memory_swap_used"":0,""sys_memory_swap_used_cache"":0,""fpm_listen_queue"":""2"",""fpm_listen_queue_length"":""128"",""fpm_total_processes"":""14"",""fpm_active_processes"":""10""}"
1475368619,"{""mysql_table_scans_pct"":0.24997648742165,""mysql_deadlocks"":""0"",""mysql_wait_locks"":""0"",""mysql_current_locks"":""0"",""mysql_total_locks"":""0"",""mysql_lock_time_avg"":""0"",""mysql_lock_time_max"":""0"",""mysql_select_scans"":""6976"",""mysql_sort_scans"":""21764"",""mysql_join_scans"":""142"",""sys_load_avg"":13.09,""sys_memory_used"":2186.86328125,""sys_memory_used_buffers"":131.03515625,""sys_memory_used_cache"":637.55078125,""sys_memory_swap_used"":0,""sys_memory_swap_used_cache"":0,""fpm_listen_queue"":""0"",""fpm_listen_queue_length"":""128"",""fpm_total_processes"":""13"",""fpm_active_processes"":""13""}"
1475368624,"{""mysql_table_scans_pct"":0.24972081192768,""mysql_deadlocks"":""0"",""mysql_wait_locks"":""0"",""mysql_current_locks"":""0"",""mysql_total_locks"":""0"",""mysql_lock_time_avg"":""0"",""mysql_lock_time_max"":""0"",""mysql_select_scans"":""7043"",""mysql_sort_scans"":""22025"",""mysql_join_scans"":""144"",""sys_load_avg"":13.16,""sys_memory_used"":2193.046875,""sys_memory_used_buffers"":131.2734375,""sys_memory_used_cache"":639.21875,""sys_memory_swap_used"":0,""sys_memory_swap_used_cache"":0,""fpm_listen_queue"":""0"",""fpm_listen_queue_length"":""128"",""fpm_total_processes"":""15"",""fpm_active_processes"":""15""}"
1475368629,"{""mysql_table_scans_pct"":0.24933707243156,""mysql_deadlocks"":""0"",""mysql_wait_locks"":""0"",""mysql_current_locks"":""0"",""mysql_total_locks"":""0"",""mysql_lock_time_avg"":""0"",""mysql_lock_time_max"":""0"",""mysql_select_scans"":""7119"",""mysql_sort_scans"":""22377"",""mysql_join_scans"":""144"",""sys_load_avg"":13.31,""sys_memory_used"":2214.46875,""sys_memory_used_buffers"":131.40625,""sys_memory_used_cache"":641.83203125,""sys_memory_swap_used"":0,""sys_memory_swap_used_cache"":0,""fpm_listen_queue"":""1"",""fpm_listen_queue_length"":""128"",""fpm_total_processes"":""14"",""fpm_active_processes"":""14""}"
1475368634,"{""mysql_table_scans_pct"":0.2490800898747,""mysql_deadlocks"":""0"",""mysql_wait_locks"":""0"",""mysql_current_locks"":""0"",""mysql_total_locks"":""0"",""mysql_lock_time_avg"":""0"",""mysql_lock_time_max"":""0"",""mysql_select_scans"":""7183"",""mysql_sort_scans"":""22642"",""mysql_join_scans"":""146"",""sys_load_avg"":13.45,""sys_memory_used"":2190.921875,""sys_memory_used_buffers"":131.5234375,""sys_memory_used_cache"":644.8828125,""sys_memory_swap_used"":0,""sys_memory_swap_used_cache"":0,""fpm_listen_queue"":""0"",""fpm_listen_queue_length"":""128"",""fpm_total_processes"":""13"",""fpm_active_processes"":""11""}"
1475368639,"{""mysql_table_scans_pct"":0.24871696999451,""mysql_deadlocks"":""0"",""mysql_wait_locks"":""0"",""mysql_current_locks"":""0"",""mysql_total_locks"":""0"",""mysql_lock_time_avg"":""0"",""mysql_lock_time_max"":""0"",""mysql_select_scans"":""7249"",""mysql_sort_scans"":""22968"",""mysql_join_scans"":""150"",""sys_load_avg"":13.25,""sys_memory_used"":2202.64453125,""sys_memory_used_buffers"":131.6953125,""sys_memory_used_cache"":647.11328125,""sys_memory_swap_used"":0,""sys_memory_swap_used_cache"":0,""fpm_listen_queue"":""0"",""fpm_listen_queue_length"":""128"",""fpm_total_processes"":""15"",""fpm_active_processes"":""14""}"
1475368644,"{""mysql_table_scans_pct"":0.24848419036325,""mysql_deadlocks"":""0"",""mysql_wait_locks"":""0"",""mysql_current_locks"":""0"",""mysql_total_locks"":""0"",""mysql_lock_time_avg"":""0"",""mysql_lock_time_max"":""0"",""mysql_select_scans"":""7323"",""mysql_sort_scans"":""23306"",""mysql_join_scans"":""151"",""sys_load_avg"":13.15,""sys_memory_used"":2159.36328125,""sys_memory_used_buffers"":131.8515625,""sys_memory_used_cache"":650.9140625,""sys_memory_swap_used"":0,""sys_memory_swap_used_cache"":0,""fpm_listen_queue"":""3"",""fpm_listen_queue_length"":""128"",""fpm_total_processes"":""12"",""fpm_active_processes"":""12""}"
1475368650,"{""mysql_table_scans_pct"":0.24834350108927,""mysql_deadlocks"":""0"",""mysql_wait_locks"":""0"",""mysql_current_locks"":""0"",""mysql_total_locks"":""0"",""mysql_lock_time_avg"":""0"",""mysql_lock_time_max"":""0"",""mysql_select_scans"":""7380"",""mysql_sort_scans"":""23534"",""mysql_join_scans"":""153"",""sys_load_avg"":13.22,""sys_memory_used"":2204.390625,""sys_memory_used_buffers"":131.9765625,""sys_memory_used_cache"":653.65625,""sys_memory_swap_used"":0,""sys_memory_swap_used_cache"":0,""fpm_listen_queue"":""0"",""fpm_listen_queue_length"":""128"",""fpm_total_processes"":""13"",""fpm_active_processes"":""13""}"
1475368655,"{""mysql_table_scans_pct"":0.24803341874884,""mysql_deadlocks"":""0"",""mysql_wait_locks"":""0"",""mysql_current_locks"":""0"",""mysql_total_locks"":""0"",""mysql_lock_time_avg"":""0"",""mysql_lock_time_max"":""0"",""mysql_select_scans"":""7456"",""mysql_sort_scans"":""23887"",""mysql_join_scans"":""155"",""sys_load_avg"":13.2,""sys_memory_used"":2234.76171875,""sys_memory_used_buffers"":132.1171875,""sys_memory_used_cache"":656.53515625,""sys_memory_swap_used"":0,""sys_memory_swap_used_cache"":0,""fpm_listen_queue"":""0"",""fpm_listen_queue_length"":""128"",""fpm_total_processes"":""16"",""fpm_active_processes"":""10""}"
1475368660,"{""mysql_table_scans_pct"":0.24771646149423,""mysql_deadlocks"":""0"",""mysql_wait_locks"":""0"",""mysql_current_locks"":""0"",""mysql_total_locks"":""0"",""mysql_lock_time_avg"":""0"",""mysql_lock_time_max"":""0"",""mysql_select_scans"":""7521"",""mysql_sort_scans"":""24211"",""mysql_join_scans"":""157"",""sys_load_avg"":13.35,""sys_memory_used"":2302.05859375,""sys_memory_used_buffers"":132.265625,""sys_memory_used_cache"":661.03125,""sys_memory_swap_used"":0,""sys_memory_swap_used_cache"":0,""fpm_listen_queue"":""0"",""fpm_listen_queue_length"":""128"",""fpm_total_processes"":""17"",""fpm_active_processes"":""17""}"
1475368665,"{""mysql_table_scans_pct"":0.2476461191295,""mysql_deadlocks"":""0"",""mysql_wait_locks"":""0"",""mysql_current_locks"":""0"",""mysql_total_locks"":""0"",""mysql_lock_time_avg"":""0"",""mysql_lock_time_max"":""0"",""mysql_select_scans"":""7575"",""mysql_sort_scans"":""24424"",""mysql_join_scans"":""158"",""sys_load_avg"":13.64,""sys_memory_used"":2289.24609375,""sys_memory_used_buffers"":132.4140625,""sys_memory_used_cache"":662.6484375,""sys_memory_swap_used"":0,""sys_memory_swap_used_cache"":0,""fpm_listen_queue"":""0"",""fpm_listen_queue_length"":""128"",""fpm_total_processes"":""16"",""fpm_active_processes"":""14""}"
1475368670,"{""mysql_table_scans_pct"":0.24756915564666,""mysql_deadlocks"":""0"",""mysql_wait_locks"":""0"",""mysql_current_locks"":""0"",""mysql_total_locks"":""0"",""mysql_lock_time_avg"":""0"",""mysql_lock_time_max"":""0"",""mysql_select_scans"":""7630"",""mysql_sort_scans"":""24599"",""mysql_join_scans"":""162"",""sys_load_avg"":13.75,""sys_memory_used"":2270.83203125,""sys_memory_used_buffers"":132.5390625,""sys_memory_used_cache"":665.20703125,""sys_memory_swap_used"":0,""sys_memory_swap_used_cache"":0,""fpm_listen_queue"":""0"",""fpm_listen_queue_length"":""128"",""fpm_total_processes"":""15"",""fpm_active_processes"":""15""}"
1475368675,"{""mysql_table_scans_pct"":0.24737013718614,""mysql_deadlocks"":""0"",""mysql_wait_locks"":""0"",""mysql_current_locks"":""0"",""mysql_total_locks"":""0"",""mysql_lock_time_avg"":""0"",""mysql_lock_time_max"":""0"",""mysql_select_scans"":""7693"",""mysql_sort_scans"":""24887"",""mysql_join_scans"":""163"",""sys_load_avg"":13.93,""sys_memory_used"":2298.09765625,""sys_memory_used_buffers"":132.65625,""sys_memory_used_cache"":667.85546875,""sys_memory_swap_used"":0,""sys_memory_swap_used_cache"":0,""fpm_listen_queue"":""0"",""fpm_listen_queue_length"":""128"",""fpm_total_processes"":""16"",""fpm_active_processes"":""10""}"
1475368680,"{""mysql_table_scans_pct"":0.24703625527975,""mysql_deadlocks"":""0"",""mysql_wait_locks"":""0"",""mysql_current_locks"":""0"",""mysql_total_locks"":""0"",""mysql_lock_time_avg"":""0"",""mysql_lock_time_max"":""0"",""mysql_select_scans"":""7777"",""mysql_sort_scans"":""25227"",""mysql_join_scans"":""166"",""sys_load_avg"":13.13,""sys_memory_used"":2253.86328125,""sys_memory_used_buffers"":132.796875,""sys_memory_used_cache"":670.203125,""sys_memory_swap_used"":0,""sys_memory_swap_used_cache"":0,""fpm_listen_queue"":""2"",""fpm_listen_queue_length"":""128"",""fpm_total_processes"":""13"",""fpm_active_processes"":""12""}"
1475368685,"{""mysql_table_scans_pct"":0.24697006940957,""mysql_deadlocks"":""0"",""mysql_wait_locks"":""0"",""mysql_current_locks"":""0"",""mysql_total_locks"":""0"",""mysql_lock_time_avg"":""0"",""mysql_lock_time_max"":""0"",""mysql_select_scans"":""7829"",""mysql_sort_scans"":""25451"",""mysql_join_scans"":""169"",""sys_load_avg"":13.28,""sys_memory_used"":2285.2734375,""sys_memory_used_buffers"":132.90625,""sys_memory_used_cache"":672.17578125,""sys_memory_swap_used"":0,""sys_memory_swap_used_cache"":0,""fpm_listen_queue"":""0"",""fpm_listen_queue_length"":""128"",""fpm_total_processes"":""15"",""fpm_active_processes"":""15""}"
1475368690,"{""mysql_table_scans_pct"":0.24669377994107,""mysql_deadlocks"":""0"",""mysql_wait_locks"":""0"",""mysql_current_locks"":""0"",""mysql_total_locks"":""0"",""mysql_lock_time_avg"":""0"",""mysql_lock_time_max"":""0"",""mysql_select_scans"":""7894"",""mysql_sort_scans"":""25772"",""mysql_join_scans"":""170"",""sys_load_avg"":13.1,""sys_memory_used"":2252.08984375,""sys_memory_used_buffers"":133.0703125,""sys_memory_used_cache"":674.8984375,""sys_memory_swap_used"":0,""sys_memory_swap_used_cache"":0,""fpm_listen_queue"":""0"",""fpm_listen_queue_length"":""128"",""fpm_total_processes"":""15"",""fpm_active_processes"":""13""}"
1475368695,"{""mysql_table_scans_pct"":0.24645938953296,""mysql_deadlocks"":""0"",""mysql_wait_locks"":""0"",""mysql_current_locks"":""0"",""mysql_total_locks"":""0"",""mysql_lock_time_avg"":""0"",""mysql_lock_time_max"":""0"",""mysql_select_scans"":""7969"",""mysql_sort_scans"":""26042"",""mysql_join_scans"":""176"",""sys_load_avg"":13.25,""sys_memory_used"":2256.82421875,""sys_memory_used_buffers"":133.21484375,""sys_memory_used_cache"":676.87109375,""sys_memory_swap_used"":0,""sys_memory_swap_used_cache"":0,""fpm_listen_queue"":""0"",""fpm_listen_queue_length"":""128"",""fpm_total_processes"":""14"",""fpm_active_processes"":""13""}"
1475368700,"{""mysql_table_scans_pct"":0.2463302995406,""mysql_deadlocks"":""0"",""mysql_wait_locks"":""0"",""mysql_current_locks"":""0"",""mysql_total_locks"":""0"",""mysql_lock_time_avg"":""0"",""mysql_lock_time_max"":""0"",""mysql_select_scans"":""8029"",""mysql_sort_scans"":""26235"",""mysql_join_scans"":""179"",""sys_load_avg"":13.23,""sys_memory_used"":2264.84375,""sys_memory_used_buffers"":133.359375,""sys_memory_used_cache"":678.8515625,""sys_memory_swap_used"":0,""sys_memory_swap_used_cache"":0,""fpm_listen_queue"":""0"",""fpm_listen_queue_length"":""128"",""fpm_total_processes"":""14"",""fpm_active_processes"":""8""}"
1475368706,"{""mysql_table_scans_pct"":0.24612116714357,""mysql_deadlocks"":""0"",""mysql_wait_locks"":""0"",""mysql_current_locks"":""0"",""mysql_total_locks"":""0"",""mysql_lock_time_avg"":""0"",""mysql_lock_time_max"":""0"",""mysql_select_scans"":""8099"",""mysql_sort_scans"":""26562"",""mysql_join_scans"":""181"",""sys_load_avg"":13.21,""sys_memory_used"":2266.640625,""sys_memory_used_buffers"":133.58984375,""sys_memory_used_cache"":681.2734375,""sys_memory_swap_used"":0,""sys_memory_swap_used_cache"":0,""fpm_listen_queue"":""0"",""fpm_listen_queue_length"":""128"",""fpm_total_processes"":""15"",""fpm_active_processes"":""11""}"
1475368711,"{""mysql_table_scans_pct"":0.24585060307518,""mysql_deadlocks"":""0"",""mysql_wait_locks"":""0"",""mysql_current_locks"":""0"",""mysql_total_locks"":""0"",""mysql_lock_time_avg"":""0"",""mysql_lock_time_max"":""0"",""mysql_select_scans"":""8177"",""mysql_sort_scans"":""26894"",""mysql_join_scans"":""182"",""sys_load_avg"":13.12,""sys_memory_used"":2270.5,""sys_memory_used_buffers"":133.71875,""sys_memory_used_cache"":683.9375,""sys_memory_swap_used"":0,""sys_memory_swap_used_cache"":0,""fpm_listen_queue"":""0"",""fpm_listen_queue_length"":""128"",""fpm_total_processes"":""14"",""fpm_active_processes"":""12""}"
1475368716,"{""mysql_table_scans_pct"":0.24556234166022,""mysql_deadlocks"":""0"",""mysql_wait_locks"":""0"",""mysql_current_locks"":""0"",""mysql_total_locks"":""0"",""mysql_lock_time_avg"":""0"",""mysql_lock_time_max"":""0"",""mysql_select_scans"":""8256"",""mysql_sort_scans"":""27262"",""mysql_join_scans"":""182"",""sys_load_avg"":13.11,""sys_memory_used"":2330.3671875,""sys_memory_used_buffers"":133.85546875,""sys_memory_used_cache"":685.953125,""sys_memory_swap_used"":0,""sys_memory_swap_used_cache"":0,""fpm_listen_queue"":""0"",""fpm_listen_queue_length"":""128"",""fpm_total_processes"":""15"",""fpm_active_processes"":""13""}"
1475368721,"{""mysql_table_scans_pct"":0.24505116239127,""mysql_deadlocks"":""0"",""mysql_wait_locks"":""0"",""mysql_current_locks"":""0"",""mysql_total_locks"":""0"",""mysql_lock_time_avg"":""0"",""mysql_lock_time_max"":""0"",""mysql_select_scans"":""8354"",""mysql_sort_scans"":""27711"",""mysql_join_scans"":""184"",""sys_load_avg"":12.78,""sys_memory_used"":2281.53515625,""sys_memory_used_buffers"":133.99609375,""sys_memory_used_cache"":688.5625,""sys_memory_swap_used"":0,""sys_memory_swap_used_cache"":0,""fpm_listen_queue"":""0"",""fpm_listen_queue_length"":""128"",""fpm_total_processes"":""14"",""fpm_active_processes"":""14""}"
1475368726,"{""mysql_table_scans_pct"":0.24490151165027,""mysql_deadlocks"":""0"",""mysql_wait_locks"":""0"",""mysql_current_locks"":""0"",""mysql_total_locks"":""0"",""mysql_lock_time_avg"":""0"",""mysql_lock_time_max"":""0"",""mysql_select_scans"":""8421"",""mysql_sort_scans"":""27946"",""mysql_join_scans"":""187"",""sys_load_avg"":12.88,""sys_memory_used"":2324.70703125,""sys_memory_used_buffers"":134.29296875,""sys_memory_used_cache"":690.3984375,""sys_memory_swap_used"":0,""sys_memory_swap_used_cache"":0,""fpm_listen_queue"":""2"",""fpm_listen_queue_length"":""128"",""fpm_total_processes"":""15"",""fpm_active_processes"":""8""}"
1475368731,"{""mysql_table_scans_pct"":0.24470931018538,""mysql_deadlocks"":""0"",""mysql_wait_locks"":""0"",""mysql_current_locks"":""0"",""mysql_total_locks"":""0"",""mysql_lock_time_avg"":""0"",""mysql_lock_time_max"":""0"",""mysql_select_scans"":""8479"",""mysql_sort_scans"":""28212"",""mysql_join_scans"":""190"",""sys_load_avg"":12.72,""sys_memory_used"":2266.984375,""sys_memory_used_buffers"":134.41796875,""sys_memory_used_cache"":693.39453125,""sys_memory_swap_used"":0,""sys_memory_swap_used_cache"":0,""fpm_listen_queue"":""0"",""fpm_listen_queue_length"":""128"",""fpm_total_processes"":""14"",""fpm_active_processes"":""13""}"
1475368736,"{""mysql_table_scans_pct"":0.24446556344216,""mysql_deadlocks"":""0"",""mysql_wait_locks"":""0"",""mysql_current_locks"":""0"",""mysql_total_locks"":""0"",""mysql_lock_time_avg"":""0"",""mysql_lock_time_max"":""0"",""mysql_select_scans"":""8553"",""mysql_sort_scans"":""28520"",""mysql_join_scans"":""192"",""sys_load_avg"":13,""sys_memory_used"":2291.2734375,""sys_memory_used_buffers"":134.52734375,""sys_memory_used_cache"":695.58984375,""sys_memory_swap_used"":0,""sys_memory_swap_used_cache"":0,""fpm_listen_queue"":""1"",""fpm_listen_queue_length"":""128"",""fpm_total_processes"":""13"",""fpm_active_processes"":""13""}"
1475368742,"{""mysql_table_scans_pct"":0.24424427644222,""mysql_deadlocks"":""0"",""mysql_wait_locks"":""0"",""mysql_current_locks"":""0"",""mysql_total_locks"":""0"",""mysql_lock_time_avg"":""0"",""mysql_lock_time_max"":""0"",""mysql_select_scans"":""8610"",""mysql_sort_scans"":""28764"",""mysql_join_scans"":""193"",""sys_load_avg"":13.24,""sys_memory_used"":2367.11328125,""sys_memory_used_buffers"":134.6875,""sys_memory_used_cache"":698.6875,""sys_memory_swap_used"":0,""sys_memory_swap_used_cache"":0,""fpm_listen_queue"":""0"",""fpm_listen_queue_length"":""128"",""fpm_total_processes"":""16"",""fpm_active_processes"":""16""}"
1475368747,"{""mysql_table_scans_pct"":0.24388704116208,""mysql_deadlocks"":""0"",""mysql_wait_locks"":""0"",""mysql_current_locks"":""0"",""mysql_total_locks"":""0"",""mysql_lock_time_avg"":""0"",""mysql_lock_time_max"":""0"",""mysql_select_scans"":""8692"",""mysql_sort_scans"":""29116"",""mysql_join_scans"":""198"",""sys_load_avg"":12.98,""sys_memory_used"":2352.73046875,""sys_memory_used_buffers"":140.7421875,""sys_memory_used_cache"":700.8671875,""sys_memory_swap_used"":0,""sys_memory_swap_used_cache"":0,""fpm_listen_queue"":""0"",""fpm_listen_queue_length"":""128"",""fpm_total_processes"":""16"",""fpm_active_processes"":""15""}"
1475368752,"{""mysql_table_scans_pct"":0.2437843711334,""mysql_deadlocks"":""0"",""mysql_wait_locks"":""0"",""mysql_current_locks"":""0"",""mysql_total_locks"":""0"",""mysql_lock_time_avg"":""0"",""mysql_lock_time_max"":""0"",""mysql_select_scans"":""8759"",""mysql_sort_scans"":""29352"",""mysql_join_scans"":""199"",""sys_load_avg"":12.98,""sys_memory_used"":2293.2109375,""sys_memory_used_buffers"":140.8515625,""sys_memory_used_cache"":702.84765625,""sys_memory_swap_used"":0,""sys_memory_swap_used_cache"":0,""fpm_listen_queue"":""0"",""fpm_listen_queue_length"":""128"",""fpm_total_processes"":""14"",""fpm_active_processes"":""12""}"
1475368757,"{""mysql_table_scans_pct"":0.24361027723207,""mysql_deadlocks"":""0"",""mysql_wait_locks"":""0"",""mysql_current_locks"":""0"",""mysql_total_locks"":""0"",""mysql_lock_time_avg"":""0"",""mysql_lock_time_max"":""0"",""mysql_select_scans"":""8821"",""mysql_sort_scans"":""29613"",""mysql_join_scans"":""202"",""sys_load_avg"":13.06,""sys_memory_used"":2325.47265625,""sys_memory_used_buffers"":140.97265625,""sys_memory_used_cache"":705.40234375,""sys_memory_swap_used"":0,""sys_memory_swap_used_cache"":0,""fpm_listen_queue"":""1"",""fpm_listen_queue_length"":""128"",""fpm_total_processes"":""13"",""fpm_active_processes"":""9""}"
1475368762,"{""mysql_table_scans_pct"":0.24340161164408,""mysql_deadlocks"":""0"",""mysql_wait_locks"":""0"",""mysql_current_locks"":""0"",""mysql_total_locks"":""0"",""mysql_lock_time_avg"":""0"",""mysql_lock_time_max"":""0"",""mysql_select_scans"":""8891"",""mysql_sort_scans"":""29924"",""mysql_join_scans"":""205"",""sys_load_avg"":13.06,""sys_memory_used"":2349.18359375,""sys_memory_used_buffers"":141.03125,""sys_memory_used_cache"":708.55859375,""sys_memory_swap_used"":0,""sys_memory_swap_used_cache"":0,""fpm_listen_queue"":""0"",""fpm_listen_queue_length"":""128"",""fpm_total_processes"":""14"",""fpm_active_processes"":""11""}"
1475368767,"{""mysql_table_scans_pct"":0.24329816758727,""mysql_deadlocks"":""0"",""mysql_wait_locks"":""0"",""mysql_current_locks"":""0"",""mysql_total_locks"":""0"",""mysql_lock_time_avg"":""0"",""mysql_lock_time_max"":""0"",""mysql_select_scans"":""8959"",""mysql_sort_scans"":""30199"",""mysql_join_scans"":""207"",""sys_load_avg"":13.21,""sys_memory_used"":2339.94921875,""sys_memory_used_buffers"":141.15234375,""sys_memory_used_cache"":710.44921875,""sys_memory_swap_used"":0,""sys_memory_swap_used_cache"":0,""fpm_listen_queue"":""0"",""fpm_listen_queue_length"":""128"",""fpm_total_processes"":""14"",""fpm_active_processes"":""14""}"
1475368772,"{""mysql_table_scans_pct"":0.24319674476778,""mysql_deadlocks"":""0"",""mysql_wait_locks"":""0"",""mysql_current_locks"":""0"",""mysql_total_locks"":""0"",""mysql_lock_time_avg"":""0"",""mysql_lock_time_max"":""0"",""mysql_select_scans"":""9022"",""mysql_sort_scans"":""30367"",""mysql_join_scans"":""209"",""sys_load_avg"":13.36,""sys_memory_used"":2381.34765625,""sys_memory_used_buffers"":141.2421875,""sys_memory_used_cache"":711.65234375,""sys_memory_swap_used"":0,""sys_memory_swap_used_cache"":0,""fpm_listen_queue"":""0"",""fpm_listen_queue_length"":""128"",""fpm_total_processes"":""15"",""fpm_active_processes"":""14""}"
1475368778,"{""mysql_table_scans_pct"":0.24300096015843,""mysql_deadlocks"":""0"",""mysql_wait_locks"":""0"",""mysql_current_locks"":""0"",""mysql_total_locks"":""0"",""mysql_lock_time_avg"":""0"",""mysql_lock_time_max"":""0"",""mysql_select_scans"":""9095"",""mysql_sort_scans"":""30666"",""mysql_join_scans"":""211"",""sys_load_avg"":12.77,""sys_memory_used"":2388.35546875,""sys_memory_used_buffers"":141.390625,""sys_memory_used_cache"":714.0625,""sys_memory_swap_used"":0,""sys_memory_swap_used_cache"":0,""fpm_listen_queue"":""0"",""fpm_listen_queue_length"":""128"",""fpm_total_processes"":""15"",""fpm_active_processes"":""15""}"
1475368783,"{""mysql_table_scans_pct"":0.24284064098248,""mysql_deadlocks"":""0"",""mysql_wait_locks"":""0"",""mysql_current_locks"":""0"",""mysql_total_locks"":""0"",""mysql_lock_time_avg"":""0"",""mysql_lock_time_max"":""0"",""mysql_select_scans"":""9168"",""mysql_sort_scans"":""30968"",""mysql_join_scans"":""212"",""sys_load_avg"":12.39,""sys_memory_used"":2384.92578125,""sys_memory_used_buffers"":141.46875,""sys_memory_used_cache"":715.6953125,""sys_memory_swap_used"":0,""sys_memory_swap_used_cache"":0,""fpm_listen_queue"":""0"",""fpm_listen_queue_length"":""128"",""fpm_total_processes"":""16"",""fpm_active_processes"":""15""}"
1475368788,"{""mysql_table_scans_pct"":0.24284629881326,""mysql_deadlocks"":""0"",""mysql_wait_locks"":""0"",""mysql_current_locks"":""0"",""mysql_total_locks"":""0"",""mysql_lock_time_avg"":""0"",""mysql_lock_time_max"":""0"",""mysql_select_scans"":""9216"",""mysql_sort_scans"":""31091"",""mysql_join_scans"":""214"",""sys_load_avg"":12.28,""sys_memory_used"":2373.984375,""sys_memory_used_buffers"":141.55078125,""sys_memory_used_cache"":717.38671875,""sys_memory_swap_used"":0,""sys_memory_swap_used_cache"":0,""fpm_listen_queue"":""0"",""fpm_listen_queue_length"":""128"",""fpm_total_processes"":""16"",""fpm_active_processes"":""14""}"
1475368793,"{""mysql_table_scans_pct"":0.24269498112707,""mysql_deadlocks"":""0"",""mysql_wait_locks"":""0"",""mysql_current_locks"":""0"",""mysql_total_locks"":""0"",""mysql_lock_time_avg"":""0"",""mysql_lock_time_max"":""0"",""mysql_select_scans"":""9284"",""mysql_sort_scans"":""31334"",""mysql_join_scans"":""218"",""sys_load_avg"":12.25,""sys_memory_used"":2394.1328125,""sys_memory_used_buffers"":141.63671875,""sys_memory_used_cache"":718.734375,""sys_memory_swap_used"":0,""sys_memory_swap_used_cache"":0,""fpm_listen_queue"":""2"",""fpm_listen_queue_length"":""128"",""fpm_total_processes"":""14"",""fpm_active_processes"":""14""}"
1475368798,"{""mysql_table_scans_pct"":0.2423992435338,""mysql_deadlocks"":""0"",""mysql_wait_locks"":""0"",""mysql_current_locks"":""1"",""mysql_total_locks"":""0"",""mysql_lock_time_avg"":""0"",""mysql_lock_time_max"":""0"",""mysql_select_scans"":""9358"",""mysql_sort_scans"":""31679"",""mysql_join_scans"":""223"",""sys_load_avg"":12.39,""sys_memory_used"":2357.59375,""sys_memory_used_buffers"":141.75390625,""sys_memory_used_cache"":721.00390625,""sys_memory_swap_used"":0,""sys_memory_swap_used_cache"":0,""fpm_listen_queue"":""1"",""fpm_listen_queue_length"":""128"",""fpm_total_processes"":""13"",""fpm_active_processes"":""12""}"
1475368803,"{""mysql_table_scans_pct"":0.24223153392782,""mysql_deadlocks"":""0"",""mysql_wait_locks"":""0"",""mysql_current_locks"":""0"",""mysql_total_locks"":""0"",""mysql_lock_time_avg"":""0"",""mysql_lock_time_max"":""0"",""mysql_select_scans"":""9416"",""mysql_sort_scans"":""31930"",""mysql_join_scans"":""225"",""sys_load_avg"":12.6,""sys_memory_used"":2391.421875,""sys_memory_used_buffers"":141.82421875,""sys_memory_used_cache"":722.33984375,""sys_memory_swap_used"":0,""sys_memory_swap_used_cache"":0,""fpm_listen_queue"":""1"",""fpm_listen_queue_length"":""128"",""fpm_total_processes"":""14"",""fpm_active_processes"":""14""}"
1475368808,"{""mysql_table_scans_pct"":0.24206514217203,""mysql_deadlocks"":""0"",""mysql_wait_locks"":""0"",""mysql_current_locks"":""0"",""mysql_total_locks"":""0"",""mysql_lock_time_avg"":""0"",""mysql_lock_time_max"":""0"",""mysql_select_scans"":""9482"",""mysql_sort_scans"":""32179"",""mysql_join_scans"":""229"",""sys_load_avg"":12.71,""sys_memory_used"":2418.703125,""sys_memory_used_buffers"":141.92578125,""sys_memory_used_cache"":723.671875,""sys_memory_swap_used"":0,""sys_memory_swap_used_cache"":0,""fpm_listen_queue"":""0"",""fpm_listen_queue_length"":""128"",""fpm_total_processes"":""15"",""fpm_active_processes"":""13""}"
1475368813,"{""mysql_table_scans_pct"":0.24191218065759,""mysql_deadlocks"":""0"",""mysql_wait_locks"":""0"",""mysql_current_locks"":""0"",""mysql_total_locks"":""0"",""mysql_lock_time_avg"":""0"",""mysql_lock_time_max"":""0"",""mysql_select_scans"":""9548"",""mysql_sort_scans"":""32431"",""mysql_join_scans"":""231"",""sys_load_avg"":12.98,""sys_memory_used"":2412.64453125,""sys_memory_used_buffers"":142.0546875,""sys_memory_used_cache"":725.4453125,""sys_memory_swap_used"":0,""sys_memory_swap_used_cache"":0,""fpm_listen_queue"":""0"",""fpm_listen_queue_length"":""128"",""fpm_total_processes"":""15"",""fpm_active_processes"":""15""}"
1475368819,"{""mysql_table_scans_pct"":0.24164836725317,""mysql_deadlocks"":""0"",""mysql_wait_locks"":""0"",""mysql_current_locks"":""0"",""mysql_total_locks"":""0"",""mysql_lock_time_avg"":""0"",""mysql_lock_time_max"":""0"",""mysql_select_scans"":""9620"",""mysql_sort_scans"":""32726"",""mysql_join_scans"":""235"",""sys_load_avg"":13.14,""sys_memory_used"":2411.82421875,""sys_memory_used_buffers"":142.14453125,""sys_memory_used_cache"":727.9375,""sys_memory_swap_used"":0,""sys_memory_swap_used_cache"":0,""fpm_listen_queue"":""1"",""fpm_listen_queue_length"":""128"",""fpm_total_processes"":""15"",""fpm_active_processes"":""15""}"
1475368824,"{""mysql_table_scans_pct"":0.24145397365395,""mysql_deadlocks"":""0"",""mysql_wait_locks"":""0"",""mysql_current_locks"":""0"",""mysql_total_locks"":""0"",""mysql_lock_time_avg"":""0"",""mysql_lock_time_max"":""0"",""mysql_select_scans"":""9688"",""mysql_sort_scans"":""32998"",""mysql_join_scans"":""237"",""sys_load_avg"":12.97,""sys_memory_used"":2400.38671875,""sys_memory_used_buffers"":142.23046875,""sys_memory_used_cache"":729.44921875,""sys_memory_swap_used"":0,""sys_memory_swap_used_cache"":0,""fpm_listen_queue"":""0"",""fpm_listen_queue_length"":""128"",""fpm_total_processes"":""14"",""fpm_active_processes"":""14""}"
1475368829,"{""mysql_table_scans_pct"":0.24120964307376,""mysql_deadlocks"":""0"",""mysql_wait_locks"":""0"",""mysql_current_locks"":""0"",""mysql_total_locks"":""0"",""mysql_lock_time_avg"":""0"",""mysql_lock_time_max"":""0"",""mysql_select_scans"":""9764"",""mysql_sort_scans"":""33300"",""mysql_join_scans"":""243"",""sys_load_avg"":13.13,""sys_memory_used"":2472.3046875,""sys_memory_used_buffers"":142.32421875,""sys_memory_used_cache"":731.55859375,""sys_memory_swap_used"":0,""sys_memory_swap_used_cache"":0,""fpm_listen_queue"":""1"",""fpm_listen_queue_length"":""128"",""fpm_total_processes"":""15"",""fpm_active_processes"":""14""}"
1475368834,"{""mysql_table_scans_pct"":0.24104428073648,""mysql_deadlocks"":""0"",""mysql_wait_locks"":""0"",""mysql_current_locks"":""2"",""mysql_total_locks"":""0"",""mysql_lock_time_avg"":""0"",""mysql_lock_time_max"":""0"",""mysql_select_scans"":""9834"",""mysql_sort_scans"":""33556"",""mysql_join_scans"":""247"",""sys_load_avg"":13.2,""sys_memory_used"":2441.1875,""sys_memory_used_buffers"":142.39453125,""sys_memory_used_cache"":732.69921875,""sys_memory_swap_used"":0,""sys_memory_swap_used_cache"":0,""fpm_listen_queue"":""2"",""fpm_listen_queue_length"":""128"",""fpm_total_processes"":""14"",""fpm_active_processes"":""14""}"
1475368839,"{""mysql_table_scans_pct"":0.24087812696625,""mysql_deadlocks"":""0"",""mysql_wait_locks"":""0"",""mysql_current_locks"":""0"",""mysql_total_locks"":""0"",""mysql_lock_time_avg"":""0"",""mysql_lock_time_max"":""0"",""mysql_select_scans"":""9899"",""mysql_sort_scans"":""33844"",""mysql_join_scans"":""249"",""sys_load_avg"":13.02,""sys_memory_used"":2424.33984375,""sys_memory_used_buffers"":142.52734375,""sys_memory_used_cache"":734.62109375,""sys_memory_swap_used"":0,""sys_memory_swap_used_cache"":0,""fpm_listen_queue"":""0"",""fpm_listen_queue_length"":""128"",""fpm_total_processes"":""14"",""fpm_active_processes"":""13""}"
1475368844,"{""mysql_table_scans_pct"":0.24056969741264,""mysql_deadlocks"":""0"",""mysql_wait_locks"":""0"",""mysql_current_locks"":""0"",""mysql_total_locks"":""0"",""mysql_lock_time_avg"":""0"",""mysql_lock_time_max"":""0"",""mysql_select_scans"":""9984"",""mysql_sort_scans"":""34230"",""mysql_join_scans"":""251"",""sys_load_avg"":12.46,""sys_memory_used"":2432.703125,""sys_memory_used_buffers"":142.77734375,""sys_memory_used_cache"":736.47265625,""sys_memory_swap_used"":0,""sys_memory_swap_used_cache"":0,""fpm_listen_queue"":""0"",""fpm_listen_queue_length"":""128"",""fpm_total_processes"":""15"",""fpm_active_processes"":""14""}"
1475368849,"{""mysql_table_scans_pct"":0.24036465029542,""mysql_deadlocks"":""0"",""mysql_wait_locks"":""0"",""mysql_current_locks"":""0"",""mysql_total_locks"":""0"",""mysql_lock_time_avg"":""0"",""mysql_lock_time_max"":""0"",""mysql_select_scans"":""10060"",""mysql_sort_scans"":""34497"",""mysql_join_scans"":""253"",""sys_load_avg"":12.42,""sys_memory_used"":2406.40625,""sys_memory_used_buffers"":143.09375,""sys_memory_used_cache"":738.4921875,""sys_memory_swap_used"":0,""sys_memory_swap_used_cache"":0,""fpm_listen_queue"":""0"",""fpm_listen_queue_length"":""128"",""fpm_total_processes"":""15"",""fpm_active_processes"":""14""}"
1475368854,"{""mysql_table_scans_pct"":0.24016737768953,""mysql_deadlocks"":""0"",""mysql_wait_locks"":""0"",""mysql_current_locks"":""2"",""mysql_total_locks"":""0"",""mysql_lock_time_avg"":""0"",""mysql_lock_time_max"":""0"",""mysql_select_scans"":""10131"",""mysql_sort_scans"":""34749"",""mysql_join_scans"":""261"",""sys_load_avg"":12.23,""sys_memory_used"":2393.46484375,""sys_memory_used_buffers"":143.33984375,""sys_memory_used_cache"":739.94921875,""sys_memory_swap_used"":0,""sys_memory_swap_used_cache"":0,""fpm_listen_queue"":""0"",""fpm_listen_queue_length"":""128"",""fpm_total_processes"":""13"",""fpm_active_processes"":""13""}"
1475368859,"{""mysql_table_scans_pct"":0.23998399015389,""mysql_deadlocks"":""0"",""mysql_wait_locks"":""0"",""mysql_current_locks"":""0"",""mysql_total_locks"":""0"",""mysql_lock_time_avg"":""0"",""mysql_lock_time_max"":""0"",""mysql_select_scans"":""10192"",""mysql_sort_scans"":""35049"",""mysql_join_scans"":""263"",""sys_load_avg"":11.73,""sys_memory_used"":2363.27734375,""sys_memory_used_buffers"":143.51953125,""sys_memory_used_cache"":741.71484375,""sys_memory_swap_used"":0,""sys_memory_swap_used_cache"":0,""fpm_listen_queue"":""0"",""fpm_listen_queue_length"":""128"",""fpm_total_processes"":""13"",""fpm_active_processes"":""10""}"
1475368865,"{""mysql_table_scans_pct"":0.23997608033421,""mysql_deadlocks"":""0"",""mysql_wait_locks"":""0"",""mysql_current_locks"":""0"",""mysql_total_locks"":""0"",""mysql_lock_time_avg"":""0"",""mysql_lock_time_max"":""0"",""mysql_select_scans"":""10240"",""mysql_sort_scans"":""35205"",""mysql_join_scans"":""265"",""sys_load_avg"":11.83,""sys_memory_used"":2309.328125,""sys_memory_used_buffers"":143.99609375,""sys_memory_used_cache"":743.16015625,""sys_memory_swap_used"":0,""sys_memory_swap_used_cache"":0,""fpm_listen_queue"":""0"",""fpm_listen_queue_length"":""128"",""fpm_total_processes"":""11"",""fpm_active_processes"":""6""}"
1475368870,"{""mysql_table_scans_pct"":0.23988744909319,""mysql_deadlocks"":""0"",""mysql_wait_locks"":""0"",""mysql_current_locks"":""0"",""mysql_total_locks"":""0"",""mysql_lock_time_avg"":""0"",""mysql_lock_time_max"":""0"",""mysql_select_scans"":""10283"",""mysql_sort_scans"":""35375"",""mysql_join_scans"":""267"",""sys_load_avg"":11.04,""sys_memory_used"":2230.90625,""sys_memory_used_buffers"":144.296875,""sys_memory_used_cache"":744.30859375,""sys_memory_swap_used"":0,""sys_memory_swap_used_cache"":0,""fpm_listen_queue"":""1"",""fpm_listen_queue_length"":""128"",""fpm_total_processes"":""7"",""fpm_active_processes"":""6""}"
1475368875,"{""mysql_table_scans_pct"":0.23978840442263,""mysql_deadlocks"":""0"",""mysql_wait_locks"":""0"",""mysql_current_locks"":""0"",""mysql_total_locks"":""0"",""mysql_lock_time_avg"":""0"",""mysql_lock_time_max"":""0"",""mysql_select_scans"":""10332"",""mysql_sort_scans"":""35541"",""mysql_join_scans"":""268"",""sys_load_avg"":10.4,""sys_memory_used"":2197.24609375,""sys_memory_used_buffers"":144.375,""sys_memory_used_cache"":744.984375,""sys_memory_swap_used"":0,""sys_memory_swap_used_cache"":0,""fpm_listen_queue"":""0"",""fpm_listen_queue_length"":""128"",""fpm_total_processes"":""6"",""fpm_active_processes"":""6""}"
1475368880,"{""mysql_table_scans_pct"":0.23967720836165,""mysql_deadlocks"":""0"",""mysql_wait_locks"":""0"",""mysql_current_locks"":""0"",""mysql_total_locks"":""0"",""mysql_lock_time_avg"":""0"",""mysql_lock_time_max"":""0"",""mysql_select_scans"":""10358"",""mysql_sort_scans"":""35682"",""mysql_join_scans"":""268"",""sys_load_avg"":9.73,""sys_memory_used"":2137.2265625,""sys_memory_used_buffers"":144.4296875,""sys_memory_used_cache"":745.7890625,""sys_memory_swap_used"":0,""sys_memory_swap_used_cache"":0,""fpm_listen_queue"":""0"",""fpm_listen_queue_length"":""128"",""fpm_total_processes"":""4"",""fpm_active_processes"":""3""}"
1475368885,"{""mysql_table_scans_pct"":0.23970559679904,""mysql_deadlocks"":""0"",""mysql_wait_locks"":""0"",""mysql_current_locks"":""0"",""mysql_total_locks"":""0"",""mysql_lock_time_avg"":""0"",""mysql_lock_time_max"":""0"",""mysql_select_scans"":""10361"",""mysql_sort_scans"":""35690"",""mysql_join_scans"":""268"",""sys_load_avg"":9.03,""sys_memory_used"":2114.1796875,""sys_memory_used_buffers"":147.12890625,""sys_memory_used_cache"":746.0078125,""sys_memory_swap_used"":0,""sys_memory_swap_used_cache"":0,""fpm_listen_queue"":""0"",""fpm_listen_queue_length"":""128"",""fpm_total_processes"":""3"",""fpm_active_processes"":""1""}"
