1471829827,"{""mysql_table_scans_pct"":0.21062413838045,""mysql_deadlocks"":""0"",""mysql_wait_locks"":""0"",""mysql_current_locks"":""0"",""mysql_total_locks"":""0"",""mysql_lock_time_avg"":""0"",""mysql_lock_time_max"":""0"",""mysql_select_scans"":""272"",""mysql_sort_scans"":""299"",""mysql_join_scans"":""17"",""sys_load_avg"":1.18,""sys_memory_used"":1958.390625,""sys_memory_used_buffers"":47.390625,""sys_memory_used_cache"":328.0078125,""sys_memory_swap_used"":0,""sys_memory_swap_used_cache"":0,""fpm_listen_queue"":""0"",""fpm_listen_queue_length"":""128"",""fpm_total_processes"":""8"",""fpm_active_processes"":""8""}"
1471829832,"{""mysql_table_scans_pct"":0.224620384084,""mysql_deadlocks"":""0"",""mysql_wait_locks"":""0"",""mysql_current_locks"":""0"",""mysql_total_locks"":""0"",""mysql_lock_time_avg"":""0"",""mysql_lock_time_max"":""0"",""mysql_select_scans"":""384"",""mysql_sort_scans"":""457"",""mysql_join_scans"":""35"",""sys_load_avg"":1.72,""sys_memory_used"":2460.01171875,""sys_memory_used_buffers"":48.96875,""sys_memory_used_cache"":336.44921875,""sys_memory_swap_used"":0,""sys_memory_swap_used_cache"":0,""fpm_listen_queue"":""0"",""fpm_listen_queue_length"":""128"",""fpm_total_processes"":""11"",""fpm_active_processes"":""11""}"
1471829837,"{""mysql_table_scans_pct"":0.23091874380324,""mysql_deadlocks"":""0"",""mysql_wait_locks"":""0"",""mysql_current_locks"":""0"",""mysql_total_locks"":""0"",""mysql_lock_time_avg"":""0"",""mysql_lock_time_max"":""0"",""mysql_select_scans"":""475"",""mysql_sort_scans"":""623"",""mysql_join_scans"":""53"",""sys_load_avg"":2.31,""sys_memory_used"":2782.5078125,""sys_memory_used_buffers"":50.8046875,""sys_memory_used_cache"":351.68359375,""sys_memory_swap_used"":0,""sys_memory_swap_used_cache"":0,""fpm_listen_queue"":""1"",""fpm_listen_queue_length"":""128"",""fpm_total_processes"":""14"",""fpm_active_processes"":""14""}"
1471829842,"{""mysql_table_scans_pct"":0.23279154804868,""mysql_deadlocks"":""0"",""mysql_wait_locks"":""0"",""mysql_current_locks"":""0"",""mysql_total_locks"":""0"",""mysql_lock_time_avg"":""0"",""mysql_lock_time_max"":""0"",""mysql_select_scans"":""599"",""mysql_sort_scans"":""815"",""mysql_join_scans"":""76"",""sys_load_avg"":4.42,""sys_memory_used"":3324.6171875,""sys_memory_used_buffers"":61.57421875,""sys_memory_used_cache"":350.94921875,""sys_memory_swap_used"":0,""sys_memory_swap_used_cache"":0,""fpm_listen_queue"":""0"",""fpm_listen_queue_length"":""128"",""fpm_total_processes"":""17"",""fpm_active_processes"":""17""}"
1471829848,"{""mysql_table_scans_pct"":0.23449581559381,""mysql_deadlocks"":""0"",""mysql_wait_locks"":""0"",""mysql_current_locks"":""0"",""mysql_total_locks"":""0"",""mysql_lock_time_avg"":""0"",""mysql_lock_time_max"":""0"",""mysql_select_scans"":""722"",""mysql_sort_scans"":""991"",""mysql_join_scans"":""91"",""sys_load_avg"":5.34,""sys_memory_used"":3205.5,""sys_memory_used_buffers"":72.79296875,""sys_memory_used_cache"":358.05859375,""sys_memory_swap_used"":0,""sys_memory_swap_used_cache"":0,""fpm_listen_queue"":""0"",""fpm_listen_queue_length"":""128"",""fpm_total_processes"":""19"",""fpm_active_processes"":""18""}"
1471829853,"{""mysql_table_scans_pct"":0.23973585050742,""mysql_deadlocks"":""0"",""mysql_wait_locks"":""0"",""mysql_current_locks"":""0"",""mysql_total_locks"":""0"",""mysql_lock_time_avg"":""0"",""mysql_lock_time_max"":""0"",""mysql_select_scans"":""811"",""mysql_sort_scans"":""1157"",""mysql_join_scans"":""112"",""sys_load_avg"":6.28,""sys_memory_used"":3317.95703125,""sys_memory_used_buffers"":75.3671875,""sys_memory_used_cache"":355.88671875,""sys_memory_swap_used"":0,""sys_memory_swap_used_cache"":0,""fpm_listen_queue"":""0"",""fpm_listen_queue_length"":""128"",""fpm_total_processes"":""18"",""fpm_active_processes"":""18""}"
1471829858,"{""mysql_table_scans_pct"":0.24440416716221,""mysql_deadlocks"":""0"",""mysql_wait_locks"":""0"",""mysql_current_locks"":""0"",""mysql_total_locks"":""0"",""mysql_lock_time_avg"":""0"",""mysql_lock_time_max"":""0"",""mysql_select_scans"":""895"",""mysql_sort_scans"":""1322"",""mysql_join_scans"":""137"",""sys_load_avg"":7.06,""sys_memory_used"":3561.32421875,""sys_memory_used_buffers"":83.06640625,""sys_memory_used_cache"":349.1953125,""sys_memory_swap_used"":0,""sys_memory_swap_used_cache"":0,""fpm_listen_queue"":""0"",""fpm_listen_queue_length"":""128"",""fpm_total_processes"":""18"",""fpm_active_processes"":""18""}"
1471829863,"{""mysql_table_scans_pct"":0.24283214395848,""mysql_deadlocks"":""0"",""mysql_wait_locks"":""0"",""mysql_current_locks"":""0"",""mysql_total_locks"":""0"",""mysql_lock_time_avg"":""0"",""mysql_lock_time_max"":""0"",""mysql_select_scans"":""968"",""mysql_sort_scans"":""1449"",""mysql_join_scans"":""155"",""sys_load_avg"":7.85,""sys_memory_used"":3413.4609375,""sys_memory_used_buffers"":86.0078125,""sys_memory_used_cache"":366.41015625,""sys_memory_swap_used"":0,""sys_memory_swap_used_cache"":0,""fpm_listen_queue"":""0"",""fpm_listen_queue_length"":""128"",""fpm_total_processes"":""19"",""fpm_active_processes"":""17""}"
1471829868,"{""mysql_table_scans_pct"":0.24500815212172,""mysql_deadlocks"":""0"",""mysql_wait_locks"":""0"",""mysql_current_locks"":""0"",""mysql_total_locks"":""0"",""mysql_lock_time_avg"":""0"",""mysql_lock_time_max"":""0"",""mysql_select_scans"":""1113"",""mysql_sort_scans"":""1650"",""mysql_join_scans"":""173"",""sys_load_avg"":8.5,""sys_memory_used"":3370.625,""sys_memory_used_buffers"":90.98046875,""sys_memory_used_cache"":362.17578125,""sys_memory_swap_used"":0,""sys_memory_swap_used_cache"":0,""fpm_listen_queue"":""0"",""fpm_listen_queue_length"":""128"",""fpm_total_processes"":""18"",""fpm_active_processes"":""18""}"
1471829873,"{""mysql_table_scans_pct"":0.2445695719828,""mysql_deadlocks"":""0"",""mysql_wait_locks"":""0"",""mysql_current_locks"":""0"",""mysql_total_locks"":""0"",""mysql_lock_time_avg"":""0"",""mysql_lock_time_max"":""0"",""mysql_select_scans"":""1209"",""mysql_sort_scans"":""1823"",""mysql_join_scans"":""194"",""sys_load_avg"":9.59,""sys_memory_used"":3686.51953125,""sys_memory_used_buffers"":92.12109375,""sys_memory_used_cache"":367.515625,""sys_memory_swap_used"":0,""sys_memory_swap_used_cache"":0,""fpm_listen_queue"":""1"",""fpm_listen_queue_length"":""128"",""fpm_total_processes"":""19"",""fpm_active_processes"":""19""}"
1471829878,"{""mysql_table_scans_pct"":0.24163741675456,""mysql_deadlocks"":""0"",""mysql_wait_locks"":""0"",""mysql_current_locks"":""0"",""mysql_total_locks"":""0"",""mysql_lock_time_avg"":""0"",""mysql_lock_time_max"":""0"",""mysql_select_scans"":""1334"",""mysql_sort_scans"":""2026"",""mysql_join_scans"":""217"",""sys_load_avg"":10.58,""sys_memory_used"":3741.80859375,""sys_memory_used_buffers"":96.30078125,""sys_memory_used_cache"":383.74609375,""sys_memory_swap_used"":0,""sys_memory_swap_used_cache"":0,""fpm_listen_queue"":""0"",""fpm_listen_queue_length"":""128"",""fpm_total_processes"":""21"",""fpm_active_processes"":""20""}"
1471829883,"{""mysql_table_scans_pct"":0.2420674989794,""mysql_deadlocks"":""0"",""mysql_wait_locks"":""0"",""mysql_current_locks"":""0"",""mysql_total_locks"":""0"",""mysql_lock_time_avg"":""0"",""mysql_lock_time_max"":""0"",""mysql_select_scans"":""1394"",""mysql_sort_scans"":""2165"",""mysql_join_scans"":""235"",""sys_load_avg"":10.69,""sys_memory_used"":3955.7421875,""sys_memory_used_buffers"":97.99609375,""sys_memory_used_cache"":386.96875,""sys_memory_swap_used"":0,""sys_memory_swap_used_cache"":0,""fpm_listen_queue"":""0"",""fpm_listen_queue_length"":""128"",""fpm_total_processes"":""21"",""fpm_active_processes"":""19""}"
1471829889,"{""mysql_table_scans_pct"":0.24157530197964,""mysql_deadlocks"":""0"",""mysql_wait_locks"":""0"",""mysql_current_locks"":""0"",""mysql_total_locks"":""0"",""mysql_lock_time_avg"":""0"",""mysql_lock_time_max"":""0"",""mysql_select_scans"":""1537"",""mysql_sort_scans"":""2384"",""mysql_join_scans"":""255"",""sys_load_avg"":10.72,""sys_memory_used"":3759.17578125,""sys_memory_used_buffers"":99.203125,""sys_memory_used_cache"":395.6015625,""sys_memory_swap_used"":0,""sys_memory_swap_used_cache"":0,""fpm_listen_queue"":""0"",""fpm_listen_queue_length"":""128"",""fpm_total_processes"":""21"",""fpm_active_processes"":""19""}"
1471829894,"{""mysql_table_scans_pct"":0.24437207721332,""mysql_deadlocks"":""0"",""mysql_wait_locks"":""0"",""mysql_current_locks"":""0"",""mysql_total_locks"":""0"",""mysql_lock_time_avg"":""0"",""mysql_lock_time_max"":""0"",""mysql_select_scans"":""1618"",""mysql_sort_scans"":""2538"",""mysql_join_scans"":""272"",""sys_load_avg"":11.14,""sys_memory_used"":3410.3984375,""sys_memory_used_buffers"":100.0703125,""sys_memory_used_cache"":383.37890625,""sys_memory_swap_used"":0,""sys_memory_swap_used_cache"":0,""fpm_listen_queue"":""0"",""fpm_listen_queue_length"":""128"",""fpm_total_processes"":""20"",""fpm_active_processes"":""19""}"
1471829899,"{""mysql_table_scans_pct"":0.24256090138931,""mysql_deadlocks"":""0"",""mysql_wait_locks"":""0"",""mysql_current_locks"":""0"",""mysql_total_locks"":""0"",""mysql_lock_time_avg"":""0"",""mysql_lock_time_max"":""0"",""mysql_select_scans"":""1742"",""mysql_sort_scans"":""2733"",""mysql_join_scans"":""295"",""sys_load_avg"":11.77,""sys_memory_used"":3948.8203125,""sys_memory_used_buffers"":100.62109375,""sys_memory_used_cache"":398.375,""sys_memory_swap_used"":0,""sys_memory_swap_used_cache"":0,""fpm_listen_queue"":""0"",""fpm_listen_queue_length"":""128"",""fpm_total_processes"":""21"",""fpm_active_processes"":""21""}"
1471829904,"{""mysql_table_scans_pct"":0.24457952479991,""mysql_deadlocks"":""0"",""mysql_wait_locks"":""0"",""mysql_current_locks"":""0"",""mysql_total_locks"":""0"",""mysql_lock_time_avg"":""0"",""mysql_lock_time_max"":""0"",""mysql_select_scans"":""1785"",""mysql_sort_scans"":""2859"",""mysql_join_scans"":""315"",""sys_load_avg"":12.11,""sys_memory_used"":3786.70703125,""sys_memory_used_buffers"":102.0546875,""sys_memory_used_cache"":399.03515625,""sys_memory_swap_used"":0,""sys_memory_swap_used_cache"":0,""fpm_listen_queue"":""0"",""fpm_listen_queue_length"":""128"",""fpm_total_processes"":""20"",""fpm_active_processes"":""19""}"
1471829909,"{""mysql_table_scans_pct"":0.24615742092443,""mysql_deadlocks"":""0"",""mysql_wait_locks"":""0"",""mysql_current_locks"":""0"",""mysql_total_locks"":""0"",""mysql_lock_time_avg"":""0"",""mysql_lock_time_max"":""0"",""mysql_select_scans"":""1909"",""mysql_sort_scans"":""3077"",""mysql_join_scans"":""337"",""sys_load_avg"":12.58,""sys_memory_used"":3496.671875,""sys_memory_used_buffers"":103.390625,""sys_memory_used_cache"":378.2265625,""sys_memory_swap_used"":0,""sys_memory_swap_used_cache"":0,""fpm_listen_queue"":""0"",""fpm_listen_queue_length"":""128"",""fpm_total_processes"":""21"",""fpm_active_processes"":""17""}"
1471829914,"{""mysql_table_scans_pct"":0.24539799757912,""mysql_deadlocks"":""0"",""mysql_wait_locks"":""0"",""mysql_current_locks"":""0"",""mysql_total_locks"":""0"",""mysql_lock_time_avg"":""0"",""mysql_lock_time_max"":""0"",""mysql_select_scans"":""2017"",""mysql_sort_scans"":""3258"",""mysql_join_scans"":""353"",""sys_load_avg"":13.25,""sys_memory_used"":3682.890625,""sys_memory_used_buffers"":104.01171875,""sys_memory_used_cache"":399.6953125,""sys_memory_swap_used"":0,""sys_memory_swap_used_cache"":0,""fpm_listen_queue"":""0"",""fpm_listen_queue_length"":""128"",""fpm_total_processes"":""21"",""fpm_active_processes"":""18""}"
1471829919,"{""mysql_table_scans_pct"":0.24447529380936,""mysql_deadlocks"":""0"",""mysql_wait_locks"":""0"",""mysql_current_locks"":""0"",""mysql_total_locks"":""0"",""mysql_lock_time_avg"":""0"",""mysql_lock_time_max"":""0"",""mysql_select_scans"":""2094"",""mysql_sort_scans"":""3391"",""mysql_join_scans"":""375"",""sys_load_avg"":13.63,""sys_memory_used"":3802.11328125,""sys_memory_used_buffers"":104.4921875,""sys_memory_used_cache"":406.09765625,""sys_memory_swap_used"":0,""sys_memory_swap_used_cache"":0,""fpm_listen_queue"":""0"",""fpm_listen_queue_length"":""128"",""fpm_total_processes"":""20"",""fpm_active_processes"":""19""}"
1471829924,"{""mysql_table_scans_pct"":0.24502280562837,""mysql_deadlocks"":""0"",""mysql_wait_locks"":""0"",""mysql_current_locks"":""1"",""mysql_total_locks"":""0"",""mysql_lock_time_avg"":""0"",""mysql_lock_time_max"":""0"",""mysql_select_scans"":""2167"",""mysql_sort_scans"":""3577"",""mysql_join_scans"":""400"",""sys_load_avg"":13.42,""sys_memory_used"":3530.15625,""sys_memory_used_buffers"":105.55859375,""sys_memory_used_cache"":402.41015625,""sys_memory_swap_used"":0,""sys_memory_swap_used_cache"":0,""fpm_listen_queue"":""0"",""fpm_listen_queue_length"":""128"",""fpm_total_processes"":""19"",""fpm_active_processes"":""17""}"
1471829930,"{""mysql_table_scans_pct"":0.24495021424803,""mysql_deadlocks"":""0"",""mysql_wait_locks"":""0"",""mysql_current_locks"":""0"",""mysql_total_locks"":""0"",""mysql_lock_time_avg"":""0"",""mysql_lock_time_max"":""0"",""mysql_select_scans"":""2319"",""mysql_sort_scans"":""3831"",""mysql_join_scans"":""426"",""sys_load_avg"":13.47,""sys_memory_used"":3344.10546875,""sys_memory_used_buffers"":106.17578125,""sys_memory_used_cache"":401.5234375,""sys_memory_swap_used"":0,""sys_memory_swap_used_cache"":0,""fpm_listen_queue"":""1"",""fpm_listen_queue_length"":""128"",""fpm_total_processes"":""19"",""fpm_active_processes"":""19""}"
1471829935,"{""mysql_table_scans_pct"":0.24582996841781,""mysql_deadlocks"":""0"",""mysql_wait_locks"":""0"",""mysql_current_locks"":""0"",""mysql_total_locks"":""0"",""mysql_lock_time_avg"":""0"",""mysql_lock_time_max"":""0"",""mysql_select_scans"":""2418"",""mysql_sort_scans"":""4041"",""mysql_join_scans"":""451"",""sys_load_avg"":13.75,""sys_memory_used"":3381.79296875,""sys_memory_used_buffers"":107.23046875,""sys_memory_used_cache"":401.6640625,""sys_memory_swap_used"":0,""sys_memory_swap_used_cache"":0,""fpm_listen_queue"":""0"",""fpm_listen_queue_length"":""128"",""fpm_total_processes"":""21"",""fpm_active_processes"":""17""}"
1471829940,"{""mysql_table_scans_pct"":0.24698100036208,""mysql_deadlocks"":""0"",""mysql_wait_locks"":""0"",""mysql_current_locks"":""0"",""mysql_total_locks"":""0"",""mysql_lock_time_avg"":""0"",""mysql_lock_time_max"":""0"",""mysql_select_scans"":""2469"",""mysql_sort_scans"":""4205"",""mysql_join_scans"":""477"",""sys_load_avg"":13.85,""sys_memory_used"":3070.1875,""sys_memory_used_buffers"":108.3046875,""sys_memory_used_cache"":392.5,""sys_memory_swap_used"":0,""sys_memory_swap_used_cache"":0,""fpm_listen_queue"":""0"",""fpm_listen_queue_length"":""128"",""fpm_total_processes"":""18"",""fpm_active_processes"":""16""}"
1471829945,"{""mysql_table_scans_pct"":0.24641918963305,""mysql_deadlocks"":""0"",""mysql_wait_locks"":""0"",""mysql_current_locks"":""0"",""mysql_total_locks"":""0"",""mysql_lock_time_avg"":""0"",""mysql_lock_time_max"":""0"",""mysql_select_scans"":""2559"",""mysql_sort_scans"":""4405"",""mysql_join_scans"":""499"",""sys_load_avg"":13.38,""sys_memory_used"":3219.15234375,""sys_memory_used_buffers"":113.796875,""sys_memory_used_cache"":409.58984375,""sys_memory_swap_used"":0,""sys_memory_swap_used_cache"":0,""fpm_listen_queue"":""0"",""fpm_listen_queue_length"":""128"",""fpm_total_processes"":""19"",""fpm_active_processes"":""17""}"
1471829950,"{""mysql_table_scans_pct"":0.24653560950307,""mysql_deadlocks"":""0"",""mysql_wait_locks"":""0"",""mysql_current_locks"":""0"",""mysql_total_locks"":""0"",""mysql_lock_time_avg"":""0"",""mysql_lock_time_max"":""0"",""mysql_select_scans"":""2651"",""mysql_sort_scans"":""4592"",""mysql_join_scans"":""519"",""sys_load_avg"":13.51,""sys_memory_used"":3215.2421875,""sys_memory_used_buffers"":114.5234375,""sys_memory_used_cache"":409.9921875,""sys_memory_swap_used"":0,""sys_memory_swap_used_cache"":0,""fpm_listen_queue"":""0"",""fpm_listen_queue_length"":""128"",""fpm_total_processes"":""20"",""fpm_active_processes"":""19""}"
1471829955,"{""mysql_table_scans_pct"":0.2464803533144,""mysql_deadlocks"":""0"",""mysql_wait_locks"":""0"",""mysql_current_locks"":""0"",""mysql_total_locks"":""0"",""mysql_lock_time_avg"":""0"",""mysql_lock_time_max"":""0"",""mysql_select_scans"":""2721"",""mysql_sort_scans"":""4737"",""mysql_join_scans"":""542"",""sys_load_avg"":13.55,""sys_memory_used"":3434.3046875,""sys_memory_used_buffers"":115.17578125,""sys_memory_used_cache"":408.46484375,""sys_memory_swap_used"":0,""sys_memory_swap_used_cache"":0,""fpm_listen_queue"":""0"",""fpm_listen_queue_length"":""128"",""fpm_total_processes"":""19"",""fpm_active_processes"":""17""}"
1471829960,"{""mysql_table_scans_pct"":0.24724080755295,""mysql_deadlocks"":""0"",""mysql_wait_locks"":""0"",""mysql_current_locks"":""6"",""mysql_total_locks"":""0"",""mysql_lock_time_avg"":""0"",""mysql_lock_time_max"":""0"",""mysql_select_scans"":""2810"",""mysql_sort_scans"":""4919"",""mysql_join_scans"":""564"",""sys_load_avg"":13.11,""sys_memory_used"":3359.4375,""sys_memory_used_buffers"":117.04296875,""sys_memory_used_cache"":413.12890625,""sys_memory_swap_used"":0,""sys_memory_swap_used_cache"":0,""fpm_listen_queue"":""0"",""fpm_listen_queue_length"":""128"",""fpm_total_processes"":""19"",""fpm_active_processes"":""17""}"
1471829965,"{""mysql_table_scans_pct"":0.24633448323893,""mysql_deadlocks"":""0"",""mysql_wait_locks"":""0"",""mysql_current_locks"":""0"",""mysql_total_locks"":""0"",""mysql_lock_time_avg"":""0"",""mysql_lock_time_max"":""0"",""mysql_select_scans"":""2942"",""mysql_sort_scans"":""5149"",""mysql_join_scans"":""589"",""sys_load_avg"":12.86,""sys_memory_used"":3404.9609375,""sys_memory_used_buffers"":117.66796875,""sys_memory_used_cache"":418.3203125,""sys_memory_swap_used"":0,""sys_memory_swap_used_cache"":0,""fpm_listen_queue"":""0"",""fpm_listen_queue_length"":""128"",""fpm_total_processes"":""18"",""fpm_active_processes"":""17""}"
1471829970,"{""mysql_table_scans_pct"":0.24789701599223,""mysql_deadlocks"":""0"",""mysql_wait_locks"":""0"",""mysql_current_locks"":""0"",""mysql_total_locks"":""0"",""mysql_lock_time_avg"":""0"",""mysql_lock_time_max"":""0"",""mysql_select_scans"":""3029"",""mysql_sort_scans"":""5332"",""mysql_join_scans"":""607"",""sys_load_avg"":12.87,""sys_memory_used"":3297.0078125,""sys_memory_used_buffers"":118.4140625,""sys_memory_used_cache"":405.3046875,""sys_memory_swap_used"":0,""sys_memory_swap_used_cache"":0,""fpm_listen_queue"":""0"",""fpm_listen_queue_length"":""128"",""fpm_total_processes"":""18"",""fpm_active_processes"":""13""}"
1471829975,"{""mysql_table_scans_pct"":0.24743488964224,""mysql_deadlocks"":""0"",""mysql_wait_locks"":""0"",""mysql_current_locks"":""0"",""mysql_total_locks"":""0"",""mysql_lock_time_avg"":""0"",""mysql_lock_time_max"":""0"",""mysql_select_scans"":""3131"",""mysql_sort_scans"":""5517"",""mysql_join_scans"":""634"",""sys_load_avg"":13.04,""sys_memory_used"":2990.75390625,""sys_memory_used_buffers"":118.75390625,""sys_memory_used_cache"":412.77734375,""sys_memory_swap_used"":0,""sys_memory_swap_used_cache"":0,""fpm_listen_queue"":""0"",""fpm_listen_queue_length"":""128"",""fpm_total_processes"":""16"",""fpm_active_processes"":""15""}"
1471829980,"{""mysql_table_scans_pct"":0.2470095476592,""mysql_deadlocks"":""0"",""mysql_wait_locks"":""0"",""mysql_current_locks"":""0"",""mysql_total_locks"":""0"",""mysql_lock_time_avg"":""0"",""mysql_lock_time_max"":""0"",""mysql_select_scans"":""3265"",""mysql_sort_scans"":""5772"",""mysql_join_scans"":""663"",""sys_load_avg"":13.28,""sys_memory_used"":3052.49609375,""sys_memory_used_buffers"":119.41015625,""sys_memory_used_cache"":431.66796875,""sys_memory_swap_used"":0,""sys_memory_swap_used_cache"":0,""fpm_listen_queue"":""0"",""fpm_listen_queue_length"":""128"",""fpm_total_processes"":""17"",""fpm_active_processes"":""15""}"
1471829986,"{""mysql_table_scans_pct"":0.24818545487708,""mysql_deadlocks"":""0"",""mysql_wait_locks"":""0"",""mysql_current_locks"":""0"",""mysql_total_locks"":""0"",""mysql_lock_time_avg"":""0"",""mysql_lock_time_max"":""0"",""mysql_select_scans"":""3320"",""mysql_sort_scans"":""5925"",""mysql_join_scans"":""689"",""sys_load_avg"":13.41,""sys_memory_used"":3093.9296875,""sys_memory_used_buffers"":120.09765625,""sys_memory_used_cache"":414.8359375,""sys_memory_swap_used"":0,""sys_memory_swap_used_cache"":0,""fpm_listen_queue"":""0"",""fpm_listen_queue_length"":""128"",""fpm_total_processes"":""17"",""fpm_active_processes"":""13""}"
1471829991,"{""mysql_table_scans_pct"":0.24797788044911,""mysql_deadlocks"":""0"",""mysql_wait_locks"":""0"",""mysql_current_locks"":""0"",""mysql_total_locks"":""0"",""mysql_lock_time_avg"":""0"",""mysql_lock_time_max"":""0"",""mysql_select_scans"":""3366"",""mysql_sort_scans"":""6092"",""mysql_join_scans"":""714"",""sys_load_avg"":13.46,""sys_memory_used"":2745.1328125,""sys_memory_used_buffers"":120.69921875,""sys_memory_used_cache"":417.19921875,""sys_memory_swap_used"":0,""sys_memory_swap_used_cache"":0,""fpm_listen_queue"":""0"",""fpm_listen_queue_length"":""128"",""fpm_total_processes"":""15"",""fpm_active_processes"":""15""}"
1471829996,"{""mysql_table_scans_pct"":0.24713168745546,""mysql_deadlocks"":""0"",""mysql_wait_locks"":""0"",""mysql_current_locks"":""0"",""mysql_total_locks"":""0"",""mysql_lock_time_avg"":""0"",""mysql_lock_time_max"":""0"",""mysql_select_scans"":""3481"",""mysql_sort_scans"":""6375"",""mysql_join_scans"":""752"",""sys_load_avg"":13.5,""sys_memory_used"":2553.12109375,""sys_memory_used_buffers"":121.66015625,""sys_memory_used_cache"":439.28515625,""sys_memory_swap_used"":0,""sys_memory_swap_used_cache"":0,""fpm_listen_queue"":""3"",""fpm_listen_queue_length"":""128"",""fpm_total_processes"":""16"",""fpm_active_processes"":""16""}"
1471830001,"{""mysql_table_scans_pct"":0.24774627160763,""mysql_deadlocks"":""0"",""mysql_wait_locks"":""0"",""mysql_current_locks"":""0"",""mysql_total_locks"":""0"",""mysql_lock_time_avg"":""0"",""mysql_lock_time_max"":""0"",""mysql_select_scans"":""3662"",""mysql_sort_scans"":""6669"",""mysql_join_scans"":""777"",""sys_load_avg"":13.78,""sys_memory_used"":2900.66796875,""sys_memory_used_buffers"":122.4296875,""sys_memory_used_cache"":432.37890625,""sys_memory_swap_used"":0,""sys_memory_swap_used_cache"":0,""fpm_listen_queue"":""0"",""fpm_listen_queue_length"":""128"",""fpm_total_processes"":""18"",""fpm_active_processes"":""17""}"
1471830006,"{""mysql_table_scans_pct"":0.24714975937261,""mysql_deadlocks"":""0"",""mysql_wait_locks"":""0"",""mysql_current_locks"":""0"",""mysql_total_locks"":""0"",""mysql_lock_time_avg"":""0"",""mysql_lock_time_max"":""0"",""mysql_select_scans"":""3731"",""mysql_sort_scans"":""6818"",""mysql_join_scans"":""798"",""sys_load_avg"":13.32,""sys_memory_used"":3002.18359375,""sys_memory_used_buffers"":122.6796875,""sys_memory_used_cache"":450.33203125,""sys_memory_swap_used"":0,""sys_memory_swap_used_cache"":0,""fpm_listen_queue"":""0"",""fpm_listen_queue_length"":""128"",""fpm_total_processes"":""19"",""fpm_active_processes"":""16""}"
1471830011,"{""mysql_table_scans_pct"":0.24830136037522,""mysql_deadlocks"":""0"",""mysql_wait_locks"":""0"",""mysql_current_locks"":""0"",""mysql_total_locks"":""0"",""mysql_lock_time_avg"":""0"",""mysql_lock_time_max"":""0"",""mysql_select_scans"":""3773"",""mysql_sort_scans"":""6955"",""mysql_join_scans"":""821"",""sys_load_avg"":13.3,""sys_memory_used"":2873.171875,""sys_memory_used_buffers"":123.19921875,""sys_memory_used_cache"":430.8046875,""sys_memory_swap_used"":0,""sys_memory_swap_used_cache"":0,""fpm_listen_queue"":""0"",""fpm_listen_queue_length"":""128"",""fpm_total_processes"":""16"",""fpm_active_processes"":""15""}"
1471830016,"{""mysql_table_scans_pct"":0.2484130998175,""mysql_deadlocks"":""0"",""mysql_wait_locks"":""0"",""mysql_current_locks"":""0"",""mysql_total_locks"":""0"",""mysql_lock_time_avg"":""0"",""mysql_lock_time_max"":""0"",""mysql_select_scans"":""3818"",""mysql_sort_scans"":""7114"",""mysql_join_scans"":""845"",""sys_load_avg"":13.35,""sys_memory_used"":2750.8125,""sys_memory_used_buffers"":123.6328125,""sys_memory_used_cache"":435.75390625,""sys_memory_swap_used"":0,""sys_memory_swap_used_cache"":0,""fpm_listen_queue"":""0"",""fpm_listen_queue_length"":""128"",""fpm_total_processes"":""15"",""fpm_active_processes"":""11""}"
1471830022,"{""mysql_table_scans_pct"":0.24853521443721,""mysql_deadlocks"":""0"",""mysql_wait_locks"":""0"",""mysql_current_locks"":""0"",""mysql_total_locks"":""0"",""mysql_lock_time_avg"":""0"",""mysql_lock_time_max"":""0"",""mysql_select_scans"":""3875"",""mysql_sort_scans"":""7307"",""mysql_join_scans"":""872"",""sys_load_avg"":13.08,""sys_memory_used"":2689.25390625,""sys_memory_used_buffers"":124.15625,""sys_memory_used_cache"":433.828125,""sys_memory_swap_used"":0,""sys_memory_swap_used_cache"":0,""fpm_listen_queue"":""4"",""fpm_listen_queue_length"":""128"",""fpm_total_processes"":""14"",""fpm_active_processes"":""14""}"
1471830027,"{""mysql_table_scans_pct"":0.24898948315883,""mysql_deadlocks"":""0"",""mysql_wait_locks"":""0"",""mysql_current_locks"":""0"",""mysql_total_locks"":""0"",""mysql_lock_time_avg"":""0"",""mysql_lock_time_max"":""0"",""mysql_select_scans"":""3975"",""mysql_sort_scans"":""7525"",""mysql_join_scans"":""900"",""sys_load_avg"":13.08,""sys_memory_used"":2486.6953125,""sys_memory_used_buffers"":124.55859375,""sys_memory_used_cache"":436.80859375,""sys_memory_swap_used"":0,""sys_memory_swap_used_cache"":0,""fpm_listen_queue"":""2"",""fpm_listen_queue_length"":""128"",""fpm_total_processes"":""15"",""fpm_active_processes"":""15""}"
1471830032,"{""mysql_table_scans_pct"":0.24789254162912,""mysql_deadlocks"":""0"",""mysql_wait_locks"":""0"",""mysql_current_locks"":""0"",""mysql_total_locks"":""0"",""mysql_lock_time_avg"":""0"",""mysql_lock_time_max"":""0"",""mysql_select_scans"":""4038"",""mysql_sort_scans"":""7751"",""mysql_join_scans"":""934"",""sys_load_avg"":12.99,""sys_memory_used"":2531.48828125,""sys_memory_used_buffers"":125.1796875,""sys_memory_used_cache"":465.25,""sys_memory_swap_used"":0,""sys_memory_swap_used_cache"":0,""fpm_listen_queue"":""1"",""fpm_listen_queue_length"":""128"",""fpm_total_processes"":""17"",""fpm_active_processes"":""17""}"
1471830037,"{""mysql_table_scans_pct"":0.24833766566924,""mysql_deadlocks"":""0"",""mysql_wait_locks"":""0"",""mysql_current_locks"":""0"",""mysql_total_locks"":""0"",""mysql_lock_time_avg"":""0"",""mysql_lock_time_max"":""0"",""mysql_select_scans"":""4122"",""mysql_sort_scans"":""7952"",""mysql_join_scans"":""964"",""sys_load_avg"":13.15,""sys_memory_used"":2331.81640625,""sys_memory_used_buffers"":125.828125,""sys_memory_used_cache"":463.76171875,""sys_memory_swap_used"":0,""sys_memory_swap_used_cache"":0,""fpm_listen_queue"":""0"",""fpm_listen_queue_length"":""128"",""fpm_total_processes"":""17"",""fpm_active_processes"":""11""}"
1471830042,"{""mysql_table_scans_pct"":0.24886356709746,""mysql_deadlocks"":""0"",""mysql_wait_locks"":""0"",""mysql_current_locks"":""0"",""mysql_total_locks"":""0"",""mysql_lock_time_avg"":""0"",""mysql_lock_time_max"":""0"",""mysql_select_scans"":""4204"",""mysql_sort_scans"":""8162"",""mysql_join_scans"":""993"",""sys_load_avg"":13.3,""sys_memory_used"":2538.04296875,""sys_memory_used_buffers"":126.296875,""sys_memory_used_cache"":454.91015625,""sys_memory_swap_used"":0,""sys_memory_swap_used_cache"":0,""fpm_listen_queue"":""1"",""fpm_listen_queue_length"":""128"",""fpm_total_processes"":""14"",""fpm_active_processes"":""14""}"
1471830047,"{""mysql_table_scans_pct"":0.24823466920399,""mysql_deadlocks"":""0"",""mysql_wait_locks"":""0"",""mysql_current_locks"":""0"",""mysql_total_locks"":""0"",""mysql_lock_time_avg"":""0"",""mysql_lock_time_max"":""0"",""mysql_select_scans"":""4272"",""mysql_sort_scans"":""8361"",""mysql_join_scans"":""1024"",""sys_load_avg"":13.2,""sys_memory_used"":2268.7109375,""sys_memory_used_buffers"":126.87109375,""sys_memory_used_cache"":464.97265625,""sys_memory_swap_used"":0,""sys_memory_swap_used_cache"":0,""fpm_listen_queue"":""4"",""fpm_listen_queue_length"":""128"",""fpm_total_processes"":""14"",""fpm_active_processes"":""12""}"
1471830052,"{""mysql_table_scans_pct"":0.24799900777624,""mysql_deadlocks"":""0"",""mysql_wait_locks"":""0"",""mysql_current_locks"":""3"",""mysql_total_locks"":""0"",""mysql_lock_time_avg"":""0"",""mysql_lock_time_max"":""0"",""mysql_select_scans"":""4357"",""mysql_sort_scans"":""8573"",""mysql_join_scans"":""1056"",""sys_load_avg"":13.18,""sys_memory_used"":2649.484375,""sys_memory_used_buffers"":127.3359375,""sys_memory_used_cache"":480.6328125,""sys_memory_swap_used"":0,""sys_memory_swap_used_cache"":0,""fpm_listen_queue"":""0"",""fpm_listen_queue_length"":""128"",""fpm_total_processes"":""16"",""fpm_active_processes"":""16""}"
1471830058,"{""mysql_table_scans_pct"":0.24887587701142,""mysql_deadlocks"":""0"",""mysql_wait_locks"":""0"",""mysql_current_locks"":""0"",""mysql_total_locks"":""0"",""mysql_lock_time_avg"":""0"",""mysql_lock_time_max"":""0"",""mysql_select_scans"":""4408"",""mysql_sort_scans"":""8761"",""mysql_join_scans"":""1087"",""sys_load_avg"":13.25,""sys_memory_used"":2454.265625,""sys_memory_used_buffers"":127.70703125,""sys_memory_used_cache"":466.98046875,""sys_memory_swap_used"":0,""sys_memory_swap_used_cache"":0,""fpm_listen_queue"":""0"",""fpm_listen_queue_length"":""128"",""fpm_total_processes"":""15"",""fpm_active_processes"":""14""}"
1471830063,"{""mysql_table_scans_pct"":0.24901414539356,""mysql_deadlocks"":""0"",""mysql_wait_locks"":""0"",""mysql_current_locks"":""0"",""mysql_total_locks"":""0"",""mysql_lock_time_avg"":""0"",""mysql_lock_time_max"":""0"",""mysql_select_scans"":""4487"",""mysql_sort_scans"":""8950"",""mysql_join_scans"":""1116"",""sys_load_avg"":13.37,""sys_memory_used"":2823.83203125,""sys_memory_used_buffers"":128.21484375,""sys_memory_used_cache"":470.16796875,""sys_memory_swap_used"":0,""sys_memory_swap_used_cache"":0,""fpm_listen_queue"":""1"",""fpm_listen_queue_length"":""128"",""fpm_total_processes"":""17"",""fpm_active_processes"":""17""}"
1471830068,"{""mysql_table_scans_pct"":0.24884753313614,""mysql_deadlocks"":""0"",""mysql_wait_locks"":""0"",""mysql_current_locks"":""0"",""mysql_total_locks"":""0"",""mysql_lock_time_avg"":""0"",""mysql_lock_time_max"":""0"",""mysql_select_scans"":""4543"",""mysql_sort_scans"":""9121"",""mysql_join_scans"":""1145"",""sys_load_avg"":13.66,""sys_memory_used"":2592.76953125,""sys_memory_used_buffers"":128.46484375,""sys_memory_used_cache"":478.91015625,""sys_memory_swap_used"":0,""sys_memory_swap_used_cache"":0,""fpm_listen_queue"":""0"",""fpm_listen_queue_length"":""128"",""fpm_total_processes"":""18"",""fpm_active_processes"":""12""}"
1471830073,"{""mysql_table_scans_pct"":0.24846169684059,""mysql_deadlocks"":""0"",""mysql_wait_locks"":""0"",""mysql_current_locks"":""1"",""mysql_total_locks"":""0"",""mysql_lock_time_avg"":""0"",""mysql_lock_time_max"":""0"",""mysql_select_scans"":""4600"",""mysql_sort_scans"":""9285"",""mysql_join_scans"":""1176"",""sys_load_avg"":14.01,""sys_memory_used"":2541.03515625,""sys_memory_used_buffers"":128.75,""sys_memory_used_cache"":491.234375,""sys_memory_swap_used"":0,""sys_memory_swap_used_cache"":0,""fpm_listen_queue"":""0"",""fpm_listen_queue_length"":""128"",""fpm_total_processes"":""15"",""fpm_active_processes"":""12""}"
1471830078,"{""mysql_table_scans_pct"":0.24872178246006,""mysql_deadlocks"":""0"",""mysql_wait_locks"":""0"",""mysql_current_locks"":""0"",""mysql_total_locks"":""0"",""mysql_lock_time_avg"":""0"",""mysql_lock_time_max"":""0"",""mysql_select_scans"":""4667"",""mysql_sort_scans"":""9500"",""mysql_join_scans"":""1215"",""sys_load_avg"":14.09,""sys_memory_used"":2538.74609375,""sys_memory_used_buffers"":129.046875,""sys_memory_used_cache"":492.06640625,""sys_memory_swap_used"":0,""sys_memory_swap_used_cache"":0,""fpm_listen_queue"":""0"",""fpm_listen_queue_length"":""128"",""fpm_total_processes"":""14"",""fpm_active_processes"":""14""}"
1471830083,"{""mysql_table_scans_pct"":0.24921102486284,""mysql_deadlocks"":""0"",""mysql_wait_locks"":""0"",""mysql_current_locks"":""1"",""mysql_total_locks"":""0"",""mysql_lock_time_avg"":""0"",""mysql_lock_time_max"":""0"",""mysql_select_scans"":""4725"",""mysql_sort_scans"":""9689"",""mysql_join_scans"":""1249"",""sys_load_avg"":14.08,""sys_memory_used"":2601.48828125,""sys_memory_used_buffers"":129.4765625,""sys_memory_used_cache"":492.234375,""sys_memory_swap_used"":0,""sys_memory_swap_used_cache"":0,""fpm_listen_queue"":""0"",""fpm_listen_queue_length"":""128"",""fpm_total_processes"":""15"",""fpm_active_processes"":""10""}"
1471830089,"{""mysql_table_scans_pct"":0.24913086626923,""mysql_deadlocks"":""0"",""mysql_wait_locks"":""0"",""mysql_current_locks"":""0"",""mysql_total_locks"":""0"",""mysql_lock_time_avg"":""0"",""mysql_lock_time_max"":""0"",""mysql_select_scans"":""4780"",""mysql_sort_scans"":""9845"",""mysql_join_scans"":""1276"",""sys_load_avg"":14,""sys_memory_used"":2291.52734375,""sys_memory_used_buffers"":129.9453125,""sys_memory_used_cache"":497.9453125,""sys_memory_swap_used"":0,""sys_memory_swap_used_cache"":0,""fpm_listen_queue"":""0"",""fpm_listen_queue_length"":""128"",""fpm_total_processes"":""15"",""fpm_active_processes"":""13""}"
1471830094,"{""mysql_table_scans_pct"":0.24906259778892,""mysql_deadlocks"":""0"",""mysql_wait_locks"":""0"",""mysql_current_locks"":""1"",""mysql_total_locks"":""0"",""mysql_lock_time_avg"":""0"",""mysql_lock_time_max"":""0"",""mysql_select_scans"":""4846"",""mysql_sort_scans"":""10046"",""mysql_join_scans"":""1313"",""sys_load_avg"":14.08,""sys_memory_used"":2194.29296875,""sys_memory_used_buffers"":130.21484375,""sys_memory_used_cache"":512.01953125,""sys_memory_swap_used"":0,""sys_memory_swap_used_cache"":0,""fpm_listen_queue"":""0"",""fpm_listen_queue_length"":""128"",""fpm_total_processes"":""14"",""fpm_active_processes"":""10""}"
1471830099,"{""mysql_table_scans_pct"":0.24912258357791,""mysql_deadlocks"":""0"",""mysql_wait_locks"":""0"",""mysql_current_locks"":""0"",""mysql_total_locks"":""0"",""mysql_lock_time_avg"":""0"",""mysql_lock_time_max"":""0"",""mysql_select_scans"":""4912"",""mysql_sort_scans"":""10205"",""mysql_join_scans"":""1347"",""sys_load_avg"":13.75,""sys_memory_used"":2137.96484375,""sys_memory_used_buffers"":130.4296875,""sys_memory_used_cache"":507.765625,""sys_memory_swap_used"":0,""sys_memory_swap_used_cache"":0,""fpm_listen_queue"":""0"",""fpm_listen_queue_length"":""128"",""fpm_total_processes"":""14"",""fpm_active_processes"":""10""}"
1471830104,"{""mysql_table_scans_pct"":0.24855918350644,""mysql_deadlocks"":""0"",""mysql_wait_locks"":""0"",""mysql_current_locks"":""0"",""mysql_total_locks"":""0"",""mysql_lock_time_avg"":""0"",""mysql_lock_time_max"":""0"",""mysql_select_scans"":""4989"",""mysql_sort_scans"":""10446"",""mysql_join_scans"":""1388"",""sys_load_avg"":13.61,""sys_memory_used"":2424.29296875,""sys_memory_used_buffers"":130.82421875,""sys_memory_used_cache"":523.5234375,""sys_memory_swap_used"":0,""sys_memory_swap_used_cache"":0,""fpm_listen_queue"":""1"",""fpm_listen_queue_length"":""128"",""fpm_total_processes"":""15"",""fpm_active_processes"":""15""}"
1471830109,"{""mysql_table_scans_pct"":0.24846140425083,""mysql_deadlocks"":""0"",""mysql_wait_locks"":""0"",""mysql_current_locks"":""0"",""mysql_total_locks"":""0"",""mysql_lock_time_avg"":""0"",""mysql_lock_time_max"":""0"",""mysql_select_scans"":""5054"",""mysql_sort_scans"":""10628"",""mysql_join_scans"":""1425"",""sys_load_avg"":13.24,""sys_memory_used"":2637.8359375,""sys_memory_used_buffers"":131.2265625,""sys_memory_used_cache"":532.83203125,""sys_memory_swap_used"":0,""sys_memory_swap_used_cache"":0,""fpm_listen_queue"":""1"",""fpm_listen_queue_length"":""128"",""fpm_total_processes"":""16"",""fpm_active_processes"":""14""}"
1471830114,"{""mysql_table_scans_pct"":0.24871181679814,""mysql_deadlocks"":""0"",""mysql_wait_locks"":""0"",""mysql_current_locks"":""0"",""mysql_total_locks"":""0"",""mysql_lock_time_avg"":""0"",""mysql_lock_time_max"":""0"",""mysql_select_scans"":""5120"",""mysql_sort_scans"":""10819"",""mysql_join_scans"":""1462"",""sys_load_avg"":13.22,""sys_memory_used"":2306.57421875,""sys_memory_used_buffers"":131.4921875,""sys_memory_used_cache"":537.0546875,""sys_memory_swap_used"":0,""sys_memory_swap_used_cache"":0,""fpm_listen_queue"":""0"",""fpm_listen_queue_length"":""128"",""fpm_total_processes"":""15"",""fpm_active_processes"":""13""}"
1471830119,"{""mysql_table_scans_pct"":0.24877893251038,""mysql_deadlocks"":""0"",""mysql_wait_locks"":""0"",""mysql_current_locks"":""0"",""mysql_total_locks"":""0"",""mysql_lock_time_avg"":""0"",""mysql_lock_time_max"":""0"",""mysql_select_scans"":""5210"",""mysql_sort_scans"":""11030"",""mysql_join_scans"":""1498"",""sys_load_avg"":12.8,""sys_memory_used"":2430,""sys_memory_used_buffers"":131.66796875,""sys_memory_used_cache"":538.19140625,""sys_memory_swap_used"":0,""sys_memory_swap_used_cache"":0,""fpm_listen_queue"":""0"",""fpm_listen_queue_length"":""128"",""fpm_total_processes"":""15"",""fpm_active_processes"":""15""}"
1471830124,"{""mysql_table_scans_pct"":0.24915553026634,""mysql_deadlocks"":""0"",""mysql_wait_locks"":""0"",""mysql_current_locks"":""0"",""mysql_total_locks"":""0"",""mysql_lock_time_avg"":""0"",""mysql_lock_time_max"":""0"",""mysql_select_scans"":""5262"",""mysql_sort_scans"":""11186"",""mysql_join_scans"":""1525"",""sys_load_avg"":12.9,""sys_memory_used"":2306.6171875,""sys_memory_used_buffers"":131.92578125,""sys_memory_used_cache"":535.8984375,""sys_memory_swap_used"":0,""sys_memory_swap_used_cache"":0,""fpm_listen_queue"":""0"",""fpm_listen_queue_length"":""128"",""fpm_total_processes"":""15"",""fpm_active_processes"":""12""}"
1471830129,"{""mysql_table_scans_pct"":0.24919295763978,""mysql_deadlocks"":""0"",""mysql_wait_locks"":""0"",""mysql_current_locks"":""0"",""mysql_total_locks"":""0"",""mysql_lock_time_avg"":""0"",""mysql_lock_time_max"":""0"",""mysql_select_scans"":""5319"",""mysql_sort_scans"":""11349"",""mysql_join_scans"":""1554"",""sys_load_avg"":12.75,""sys_memory_used"":2305.99609375,""sys_memory_used_buffers"":132.203125,""sys_memory_used_cache"":539.64453125,""sys_memory_swap_used"":0,""sys_memory_swap_used_cache"":0,""fpm_listen_queue"":""0"",""fpm_listen_queue_length"":""128"",""fpm_total_processes"":""13"",""fpm_active_processes"":""12""}"
1471830134,"{""mysql_table_scans_pct"":0.24904391740227,""mysql_deadlocks"":""0"",""mysql_wait_locks"":""0"",""mysql_current_locks"":""0"",""mysql_total_locks"":""0"",""mysql_lock_time_avg"":""0"",""mysql_lock_time_max"":""0"",""mysql_select_scans"":""5376"",""mysql_sort_scans"":""11505"",""mysql_join_scans"":""1583"",""sys_load_avg"":12.45,""sys_memory_used"":2088.109375,""sys_memory_used_buffers"":132.48046875,""sys_memory_used_cache"":551.51171875,""sys_memory_swap_used"":0,""sys_memory_swap_used_cache"":0,""fpm_listen_queue"":""3"",""fpm_listen_queue_length"":""128"",""fpm_total_processes"":""11"",""fpm_active_processes"":""11""}"
1471830139,"{""mysql_table_scans_pct"":0.24921671992447,""mysql_deadlocks"":""0"",""mysql_wait_locks"":""0"",""mysql_current_locks"":""0"",""mysql_total_locks"":""0"",""mysql_lock_time_avg"":""0"",""mysql_lock_time_max"":""0"",""mysql_select_scans"":""5431"",""mysql_sort_scans"":""11653"",""mysql_join_scans"":""1615"",""sys_load_avg"":12.49,""sys_memory_used"":2246.4375,""sys_memory_used_buffers"":132.6875,""sys_memory_used_cache"":552.41015625,""sys_memory_swap_used"":0,""sys_memory_swap_used_cache"":0,""fpm_listen_queue"":""0"",""fpm_listen_queue_length"":""128"",""fpm_total_processes"":""13"",""fpm_active_processes"":""11""}"
1471830144,"{""mysql_table_scans_pct"":0.24917378279452,""mysql_deadlocks"":""0"",""mysql_wait_locks"":""0"",""mysql_current_locks"":""1"",""mysql_total_locks"":""0"",""mysql_lock_time_avg"":""0"",""mysql_lock_time_max"":""0"",""mysql_select_scans"":""5494"",""mysql_sort_scans"":""11837"",""mysql_join_scans"":""1651"",""sys_load_avg"":12.61,""sys_memory_used"":2172.046875,""sys_memory_used_buffers"":132.92578125,""sys_memory_used_cache"":557.234375,""sys_memory_swap_used"":0,""sys_memory_swap_used_cache"":0,""fpm_listen_queue"":""0"",""fpm_listen_queue_length"":""128"",""fpm_total_processes"":""15"",""fpm_active_processes"":""9""}"
1471830150,"{""mysql_table_scans_pct"":0.24881743041124,""mysql_deadlocks"":""0"",""mysql_wait_locks"":""0"",""mysql_current_locks"":""0"",""mysql_total_locks"":""0"",""mysql_lock_time_avg"":""0"",""mysql_lock_time_max"":""0"",""mysql_select_scans"":""5561"",""mysql_sort_scans"":""12008"",""mysql_join_scans"":""1690"",""sys_load_avg"":12.56,""sys_memory_used"":2136.265625,""sys_memory_used_buffers"":133.11328125,""sys_memory_used_cache"":565.1640625,""sys_memory_swap_used"":0,""sys_memory_swap_used_cache"":0,""fpm_listen_queue"":""0"",""fpm_listen_queue_length"":""128"",""fpm_total_processes"":""14"",""fpm_active_processes"":""13""}"
1471830155,"{""mysql_table_scans_pct"":0.24924535919373,""mysql_deadlocks"":""0"",""mysql_wait_locks"":""0"",""mysql_current_locks"":""0"",""mysql_total_locks"":""0"",""mysql_lock_time_avg"":""0"",""mysql_lock_time_max"":""0"",""mysql_select_scans"":""5619"",""mysql_sort_scans"":""12198"",""mysql_join_scans"":""1722"",""sys_load_avg"":12.6,""sys_memory_used"":2452.96875,""sys_memory_used_buffers"":133.31640625,""sys_memory_used_cache"":561.3828125,""sys_memory_swap_used"":0,""sys_memory_swap_used_cache"":0,""fpm_listen_queue"":""2"",""fpm_listen_queue_length"":""128"",""fpm_total_processes"":""12"",""fpm_active_processes"":""12""}"
1471830160,"{""mysql_table_scans_pct"":0.2486520641557,""mysql_deadlocks"":""0"",""mysql_wait_locks"":""0"",""mysql_current_locks"":""0"",""mysql_total_locks"":""0"",""mysql_lock_time_avg"":""0"",""mysql_lock_time_max"":""0"",""mysql_select_scans"":""5698"",""mysql_sort_scans"":""12394"",""mysql_join_scans"":""1764"",""sys_load_avg"":12.23,""sys_memory_used"":2366.8828125,""sys_memory_used_buffers"":133.52734375,""sys_memory_used_cache"":580.66796875,""sys_memory_swap_used"":0,""sys_memory_swap_used_cache"":0,""fpm_listen_queue"":""1"",""fpm_listen_queue_length"":""128"",""fpm_total_processes"":""14"",""fpm_active_processes"":""9""}"
1471830165,"{""mysql_table_scans_pct"":0.24880383898576,""mysql_deadlocks"":""0"",""mysql_wait_locks"":""0"",""mysql_current_locks"":""0"",""mysql_total_locks"":""0"",""mysql_lock_time_avg"":""0"",""mysql_lock_time_max"":""0"",""mysql_select_scans"":""5764"",""mysql_sort_scans"":""12570"",""mysql_join_scans"":""1801"",""sys_load_avg"":12.13,""sys_memory_used"":2425.59375,""sys_memory_used_buffers"":133.7265625,""sys_memory_used_cache"":586.3125,""sys_memory_swap_used"":0,""sys_memory_swap_used_cache"":0,""fpm_listen_queue"":""0"",""fpm_listen_queue_length"":""128"",""fpm_total_processes"":""14"",""fpm_active_processes"":""13""}"
1471830170,"{""mysql_table_scans_pct"":0.24874889508397,""mysql_deadlocks"":""0"",""mysql_wait_locks"":""0"",""mysql_current_locks"":""7"",""mysql_total_locks"":""0"",""mysql_lock_time_avg"":""0"",""mysql_lock_time_max"":""0"",""mysql_select_scans"":""5834"",""mysql_sort_scans"":""12752"",""mysql_join_scans"":""1842"",""sys_load_avg"":11.56,""sys_memory_used"":2404.578125,""sys_memory_used_buffers"":133.9296875,""sys_memory_used_cache"":586.3359375,""sys_memory_swap_used"":0,""sys_memory_swap_used_cache"":0,""fpm_listen_queue"":""3"",""fpm_listen_queue_length"":""128"",""fpm_total_processes"":""13"",""fpm_active_processes"":""13""}"
1471830175,"{""mysql_table_scans_pct"":0.24925043627221,""mysql_deadlocks"":""0"",""mysql_wait_locks"":""0"",""mysql_current_locks"":""1"",""mysql_total_locks"":""0"",""mysql_lock_time_avg"":""0"",""mysql_lock_time_max"":""0"",""mysql_select_scans"":""5889"",""mysql_sort_scans"":""12934"",""mysql_join_scans"":""1873"",""sys_load_avg"":11.6,""sys_memory_used"":2314.9609375,""sys_memory_used_buffers"":134.0859375,""sys_memory_used_cache"":581.98828125,""sys_memory_swap_used"":0,""sys_memory_swap_used_cache"":0,""fpm_listen_queue"":""0"",""fpm_listen_queue_length"":""128"",""fpm_total_processes"":""15"",""fpm_active_processes"":""12""}"
1471830180,"{""mysql_table_scans_pct"":0.2490216224031,""mysql_deadlocks"":""0"",""mysql_wait_locks"":""0"",""mysql_current_locks"":""0"",""mysql_total_locks"":""0"",""mysql_lock_time_avg"":""0"",""mysql_lock_time_max"":""0"",""mysql_select_scans"":""5960"",""mysql_sort_scans"":""13089"",""mysql_join_scans"":""1907"",""sys_load_avg"":11.55,""sys_memory_used"":2226.98828125,""sys_memory_used_buffers"":134.20703125,""sys_memory_used_cache"":590.88671875,""sys_memory_swap_used"":0,""sys_memory_swap_used_cache"":0,""fpm_listen_queue"":""2"",""fpm_listen_queue_length"":""128"",""fpm_total_processes"":""13"",""fpm_active_processes"":""13""}"
1471830185,"{""mysql_table_scans_pct"":0.24915579788172,""mysql_deadlocks"":""0"",""mysql_wait_locks"":""0"",""mysql_current_locks"":""0"",""mysql_total_locks"":""0"",""mysql_lock_time_avg"":""0"",""mysql_lock_time_max"":""0"",""mysql_select_scans"":""6019"",""mysql_sort_scans"":""13227"",""mysql_join_scans"":""1932"",""sys_load_avg"":11.82,""sys_memory_used"":2341.30859375,""sys_memory_used_buffers"":134.33984375,""sys_memory_used_cache"":591.80078125,""sys_memory_swap_used"":0,""sys_memory_swap_used_cache"":0,""fpm_listen_queue"":""0"",""fpm_listen_queue_length"":""128"",""fpm_total_processes"":""13"",""fpm_active_processes"":""12""}"
1471830191,"{""mysql_table_scans_pct"":0.24912158389772,""mysql_deadlocks"":""0"",""mysql_wait_locks"":""0"",""mysql_current_locks"":""0"",""mysql_total_locks"":""0"",""mysql_lock_time_avg"":""0"",""mysql_lock_time_max"":""0"",""mysql_select_scans"":""6084"",""mysql_sort_scans"":""13401"",""mysql_join_scans"":""1966"",""sys_load_avg"":11.84,""sys_memory_used"":2203.55859375,""sys_memory_used_buffers"":134.484375,""sys_memory_used_cache"":602.21484375,""sys_memory_swap_used"":0,""sys_memory_swap_used_cache"":0,""fpm_listen_queue"":""0"",""fpm_listen_queue_length"":""128"",""fpm_total_processes"":""13"",""fpm_active_processes"":""11""}"
1471830196,"{""mysql_table_scans_pct"":0.24896982221845,""mysql_deadlocks"":""0"",""mysql_wait_locks"":""0"",""mysql_current_locks"":""0"",""mysql_total_locks"":""0"",""mysql_lock_time_avg"":""0"",""mysql_lock_time_max"":""0"",""mysql_select_scans"":""6150"",""mysql_sort_scans"":""13584"",""mysql_join_scans"":""2003"",""sys_load_avg"":11.93,""sys_memory_used"":2506.46875,""sys_memory_used_buffers"":134.75,""sys_memory_used_cache"":607.359375,""sys_memory_swap_used"":0,""sys_memory_swap_used_cache"":0,""fpm_listen_queue"":""0"",""fpm_listen_queue_length"":""128"",""fpm_total_processes"":""14"",""fpm_active_processes"":""13""}"
1471830201,"{""mysql_table_scans_pct"":0.24896486799286,""mysql_deadlocks"":""0"",""mysql_wait_locks"":""0"",""mysql_current_locks"":""0"",""mysql_total_locks"":""0"",""mysql_lock_time_avg"":""0"",""mysql_lock_time_max"":""0"",""mysql_select_scans"":""6215"",""mysql_sort_scans"":""13788"",""mysql_join_scans"":""2043"",""sys_load_avg"":11.46,""sys_memory_used"":2277.26171875,""sys_memory_used_buffers"":134.87890625,""sys_memory_used_cache"":610.05078125,""sys_memory_swap_used"":0,""sys_memory_swap_used_cache"":0,""fpm_listen_queue"":""0"",""fpm_listen_queue_length"":""128"",""fpm_total_processes"":""12"",""fpm_active_processes"":""12""}"
1471830206,"{""mysql_table_scans_pct"":0.24927259034762,""mysql_deadlocks"":""0"",""mysql_wait_locks"":""0"",""mysql_current_locks"":""0"",""mysql_total_locks"":""0"",""mysql_lock_time_avg"":""0"",""mysql_lock_time_max"":""0"",""mysql_select_scans"":""6272"",""mysql_sort_scans"":""13974"",""mysql_join_scans"":""2074"",""sys_load_avg"":11.58,""sys_memory_used"":2310.5625,""sys_memory_used_buffers"":135.1015625,""sys_memory_used_cache"":609.22265625,""sys_memory_swap_used"":0,""sys_memory_swap_used_cache"":0,""fpm_listen_queue"":""0"",""fpm_listen_queue_length"":""128"",""fpm_total_processes"":""13"",""fpm_active_processes"":""7""}"
1471830211,"{""mysql_table_scans_pct"":0.2492747508342,""mysql_deadlocks"":""0"",""mysql_wait_locks"":""0"",""mysql_current_locks"":""0"",""mysql_total_locks"":""0"",""mysql_lock_time_avg"":""0"",""mysql_lock_time_max"":""0"",""mysql_select_scans"":""6335"",""mysql_sort_scans"":""14151"",""mysql_join_scans"":""2113"",""sys_load_avg"":11.37,""sys_memory_used"":2544.96875,""sys_memory_used_buffers"":135.25,""sys_memory_used_cache"":612.91796875,""sys_memory_swap_used"":0,""sys_memory_swap_used_cache"":0,""fpm_listen_queue"":""0"",""fpm_listen_queue_length"":""128"",""fpm_total_processes"":""14"",""fpm_active_processes"":""10""}"
1471830216,"{""mysql_table_scans_pct"":0.24912426429791,""mysql_deadlocks"":""0"",""mysql_wait_locks"":""0"",""mysql_current_locks"":""0"",""mysql_total_locks"":""0"",""mysql_lock_time_avg"":""0"",""mysql_lock_time_max"":""0"",""mysql_select_scans"":""6401"",""mysql_sort_scans"":""14320"",""mysql_join_scans"":""2146"",""sys_load_avg"":11.5,""sys_memory_used"":2300.78515625,""sys_memory_used_buffers"":135.40625,""sys_memory_used_cache"":619.8359375,""sys_memory_swap_used"":0,""sys_memory_swap_used_cache"":0,""fpm_listen_queue"":""0"",""fpm_listen_queue_length"":""128"",""fpm_total_processes"":""13"",""fpm_active_processes"":""10""}"
1471830221,"{""mysql_table_scans_pct"":0.24927861824999,""mysql_deadlocks"":""0"",""mysql_wait_locks"":""0"",""mysql_current_locks"":""0"",""mysql_total_locks"":""0"",""mysql_lock_time_avg"":""0"",""mysql_lock_time_max"":""0"",""mysql_select_scans"":""6475"",""mysql_sort_scans"":""14518"",""mysql_join_scans"":""2183"",""sys_load_avg"":11.62,""sys_memory_used"":2271.9140625,""sys_memory_used_buffers"":135.578125,""sys_memory_used_cache"":620.58203125,""sys_memory_swap_used"":0,""sys_memory_swap_used_cache"":0,""fpm_listen_queue"":""0"",""fpm_listen_queue_length"":""128"",""fpm_total_processes"":""13"",""fpm_active_processes"":""4""}"
1471830226,"{""mysql_table_scans_pct"":0.24886147184241,""mysql_deadlocks"":""0"",""mysql_wait_locks"":""0"",""mysql_current_locks"":""0"",""mysql_total_locks"":""0"",""mysql_lock_time_avg"":""0"",""mysql_lock_time_max"":""0"",""mysql_select_scans"":""6553"",""mysql_sort_scans"":""14709"",""mysql_join_scans"":""2227"",""sys_load_avg"":10.93,""sys_memory_used"":2301.1875,""sys_memory_used_buffers"":135.72265625,""sys_memory_used_cache"":639.70703125,""sys_memory_swap_used"":0,""sys_memory_swap_used_cache"":0,""fpm_listen_queue"":""3"",""fpm_listen_queue_length"":""128"",""fpm_total_processes"":""12"",""fpm_active_processes"":""9""}"
1471830231,"{""mysql_table_scans_pct"":0.24875938815969,""mysql_deadlocks"":""0"",""mysql_wait_locks"":""0"",""mysql_current_locks"":""0"",""mysql_total_locks"":""0"",""mysql_lock_time_avg"":""0"",""mysql_lock_time_max"":""0"",""mysql_select_scans"":""6619"",""mysql_sort_scans"":""14893"",""mysql_join_scans"":""2259"",""sys_load_avg"":10.7,""sys_memory_used"":2772.35546875,""sys_memory_used_buffers"":135.93359375,""sys_memory_used_cache"":642.47265625,""sys_memory_swap_used"":0,""sys_memory_swap_used_cache"":0,""fpm_listen_queue"":""1"",""fpm_listen_queue_length"":""128"",""fpm_total_processes"":""13"",""fpm_active_processes"":""12""}"
1471830236,"{""mysql_table_scans_pct"":0.2491932784763,""mysql_deadlocks"":""0"",""mysql_wait_locks"":""0"",""mysql_current_locks"":""0"",""mysql_total_locks"":""0"",""mysql_lock_time_avg"":""0"",""mysql_lock_time_max"":""0"",""mysql_select_scans"":""6693"",""mysql_sort_scans"":""15076"",""mysql_join_scans"":""2299"",""sys_load_avg"":10.64,""sys_memory_used"":2204.60546875,""sys_memory_used_buffers"":136.25,""sys_memory_used_cache"":637.19140625,""sys_memory_swap_used"":0,""sys_memory_swap_used_cache"":0,""fpm_listen_queue"":""0"",""fpm_listen_queue_length"":""128"",""fpm_total_processes"":""12"",""fpm_active_processes"":""12""}"
1471830241,"{""mysql_table_scans_pct"":0.24908418637304,""mysql_deadlocks"":""0"",""mysql_wait_locks"":""0"",""mysql_current_locks"":""0"",""mysql_total_locks"":""0"",""mysql_lock_time_avg"":""0"",""mysql_lock_time_max"":""0"",""mysql_select_scans"":""6763"",""mysql_sort_scans"":""15256"",""mysql_join_scans"":""2330"",""sys_load_avg"":10.75,""sys_memory_used"":2188.62890625,""sys_memory_used_buffers"":136.37109375,""sys_memory_used_cache"":646.18359375,""sys_memory_swap_used"":0,""sys_memory_swap_used_cache"":0,""fpm_listen_queue"":""0"",""fpm_listen_queue_length"":""128"",""fpm_total_processes"":""13"",""fpm_active_processes"":""12""}"
1471830246,"{""mysql_table_scans_pct"":0.24876521809077,""mysql_deadlocks"":""0"",""mysql_wait_locks"":""0"",""mysql_current_locks"":""2"",""mysql_total_locks"":""0"",""mysql_lock_time_avg"":""0"",""mysql_lock_time_max"":""0"",""mysql_select_scans"":""6815"",""mysql_sort_scans"":""15387"",""mysql_join_scans"":""2359"",""sys_load_avg"":10.93,""sys_memory_used"":2254.12890625,""sys_memory_used_buffers"":136.64453125,""sys_memory_used_cache"":653.6640625,""sys_memory_swap_used"":0,""sys_memory_swap_used_cache"":0,""fpm_listen_queue"":""0"",""fpm_listen_queue_length"":""128"",""fpm_total_processes"":""13"",""fpm_active_processes"":""11""}"
1471830252,"{""mysql_table_scans_pct"":0.24929361932923,""mysql_deadlocks"":""0"",""mysql_wait_locks"":""0"",""mysql_current_locks"":""0"",""mysql_total_locks"":""0"",""mysql_lock_time_avg"":""0"",""mysql_lock_time_max"":""0"",""mysql_select_scans"":""6874"",""mysql_sort_scans"":""15540"",""mysql_join_scans"":""2391"",""sys_load_avg"":11.1,""sys_memory_used"":2374.78125,""sys_memory_used_buffers"":136.75,""sys_memory_used_cache"":644.15625,""sys_memory_swap_used"":0,""sys_memory_swap_used_cache"":0,""fpm_listen_queue"":""0"",""fpm_listen_queue_length"":""128"",""fpm_total_processes"":""12"",""fpm_active_processes"":""9""}"
1471830257,"{""mysql_table_scans_pct"":0.24883587579543,""mysql_deadlocks"":""0"",""mysql_wait_locks"":""0"",""mysql_current_locks"":""0"",""mysql_total_locks"":""0"",""mysql_lock_time_avg"":""0"",""mysql_lock_time_max"":""0"",""mysql_select_scans"":""6939"",""mysql_sort_scans"":""15729"",""mysql_join_scans"":""2426"",""sys_load_avg"":11.17,""sys_memory_used"":2393.953125,""sys_memory_used_buffers"":137.0546875,""sys_memory_used_cache"":664.84765625,""sys_memory_swap_used"":0,""sys_memory_swap_used_cache"":0,""fpm_listen_queue"":""0"",""fpm_listen_queue_length"":""128"",""fpm_total_processes"":""14"",""fpm_active_processes"":""10""}"
1471830262,"{""mysql_table_scans_pct"":0.24917490309873,""mysql_deadlocks"":""0"",""mysql_wait_locks"":""0"",""mysql_current_locks"":""0"",""mysql_total_locks"":""0"",""mysql_lock_time_avg"":""0"",""mysql_lock_time_max"":""0"",""mysql_select_scans"":""7004"",""mysql_sort_scans"":""15929"",""mysql_join_scans"":""2463"",""sys_load_avg"":11.48,""sys_memory_used"":2344.48046875,""sys_memory_used_buffers"":137.19140625,""sys_memory_used_cache"":655.671875,""sys_memory_swap_used"":0,""sys_memory_swap_used_cache"":0,""fpm_listen_queue"":""0"",""fpm_listen_queue_length"":""128"",""fpm_total_processes"":""12"",""fpm_active_processes"":""10""}"
1471830267,"{""mysql_table_scans_pct"":0.24914212887491,""mysql_deadlocks"":""0"",""mysql_wait_locks"":""0"",""mysql_current_locks"":""1"",""mysql_total_locks"":""0"",""mysql_lock_time_avg"":""0"",""mysql_lock_time_max"":""0"",""mysql_select_scans"":""7060"",""mysql_sort_scans"":""16053"",""mysql_join_scans"":""2490"",""sys_load_avg"":11.44,""sys_memory_used"":2301.3515625,""sys_memory_used_buffers"":137.3046875,""sys_memory_used_cache"":659.62890625,""sys_memory_swap_used"":0,""sys_memory_swap_used_cache"":0,""fpm_listen_queue"":""0"",""fpm_listen_queue_length"":""128"",""fpm_total_processes"":""11"",""fpm_active_processes"":""11""}"
1471830272,"{""mysql_table_scans_pct"":0.2492111580907,""mysql_deadlocks"":""0"",""mysql_wait_locks"":""0"",""mysql_current_locks"":""0"",""mysql_total_locks"":""0"",""mysql_lock_time_avg"":""0"",""mysql_lock_time_max"":""0"",""mysql_select_scans"":""7125"",""mysql_sort_scans"":""16213"",""mysql_join_scans"":""2526"",""sys_load_avg"":11.48,""sys_memory_used"":2634.16796875,""sys_memory_used_buffers"":137.55078125,""sys_memory_used_cache"":662.40234375,""sys_memory_swap_used"":0,""sys_memory_swap_used_cache"":0,""fpm_listen_queue"":""0"",""fpm_listen_queue_length"":""128"",""fpm_total_processes"":""14"",""fpm_active_processes"":""6""}"
1471830277,"{""mysql_table_scans_pct"":0.2492146264276,""mysql_deadlocks"":""0"",""mysql_wait_locks"":""0"",""mysql_current_locks"":""0"",""mysql_total_locks"":""0"",""mysql_lock_time_avg"":""0"",""mysql_lock_time_max"":""0"",""mysql_select_scans"":""7189"",""mysql_sort_scans"":""16357"",""mysql_join_scans"":""2557"",""sys_load_avg"":11.36,""sys_memory_used"":2161.8203125,""sys_memory_used_buffers"":137.6875,""sys_memory_used_cache"":664.43359375,""sys_memory_swap_used"":0,""sys_memory_swap_used_cache"":0,""fpm_listen_queue"":""0"",""fpm_listen_queue_length"":""128"",""fpm_total_processes"":""11"",""fpm_active_processes"":""10""}"
1471830282,"{""mysql_table_scans_pct"":0.24916726708018,""mysql_deadlocks"":""0"",""mysql_wait_locks"":""0"",""mysql_current_locks"":""0"",""mysql_total_locks"":""0"",""mysql_lock_time_avg"":""0"",""mysql_lock_time_max"":""0"",""mysql_select_scans"":""7245"",""mysql_sort_scans"":""16513"",""mysql_join_scans"":""2587"",""sys_load_avg"":10.93,""sys_memory_used"":2263.4765625,""sys_memory_used_buffers"":137.81640625,""sys_memory_used_cache"":675.42578125,""sys_memory_swap_used"":0,""sys_memory_swap_used_cache"":0,""fpm_listen_queue"":""0"",""fpm_listen_queue_length"":""128"",""fpm_total_processes"":""12"",""fpm_active_processes"":""11""}"
1471830287,"{""mysql_table_scans_pct"":0.24930423370377,""mysql_deadlocks"":""0"",""mysql_wait_locks"":""0"",""mysql_current_locks"":""9"",""mysql_total_locks"":""0"",""mysql_lock_time_avg"":""0"",""mysql_lock_time_max"":""0"",""mysql_select_scans"":""7310"",""mysql_sort_scans"":""16685"",""mysql_join_scans"":""2619"",""sys_load_avg"":10.94,""sys_memory_used"":2484.8828125,""sys_memory_used_buffers"":138.08984375,""sys_memory_used_cache"":668.78125,""sys_memory_swap_used"":0,""sys_memory_swap_used_cache"":0,""fpm_listen_queue"":""0"",""fpm_listen_queue_length"":""128"",""fpm_total_processes"":""11"",""fpm_active_processes"":""11""}"
1471830292,"{""mysql_table_scans_pct"":0.24927414217494,""mysql_deadlocks"":""0"",""mysql_wait_locks"":""0"",""mysql_current_locks"":""0"",""mysql_total_locks"":""0"",""mysql_lock_time_avg"":""0"",""mysql_lock_time_max"":""0"",""mysql_select_scans"":""7365"",""mysql_sort_scans"":""16807"",""mysql_join_scans"":""2641"",""sys_load_avg"":10.62,""sys_memory_used"":2387.140625,""sys_memory_used_buffers"":138.2578125,""sys_memory_used_cache"":671.84765625,""sys_memory_swap_used"":0,""sys_memory_swap_used_cache"":0,""fpm_listen_queue"":""0"",""fpm_listen_queue_length"":""128"",""fpm_total_processes"":""11"",""fpm_active_processes"":""5""}"
1471830297,"{""mysql_table_scans_pct"":0.24925091942108,""mysql_deadlocks"":""0"",""mysql_wait_locks"":""0"",""mysql_current_locks"":""0"",""mysql_total_locks"":""0"",""mysql_lock_time_avg"":""0"",""mysql_lock_time_max"":""0"",""mysql_select_scans"":""7434"",""mysql_sort_scans"":""16973"",""mysql_join_scans"":""2675"",""sys_load_avg"":9.85,""sys_memory_used"":2124.296875,""sys_memory_used_buffers"":138.3984375,""sys_memory_used_cache"":676.0390625,""sys_memory_swap_used"":0,""sys_memory_swap_used_cache"":0,""fpm_listen_queue"":""0"",""fpm_listen_queue_length"":""128"",""fpm_total_processes"":""9"",""fpm_active_processes"":""9""}"
1471830303,"{""mysql_table_scans_pct"":0.24930633207444,""mysql_deadlocks"":""0"",""mysql_wait_locks"":""0"",""mysql_current_locks"":""0"",""mysql_total_locks"":""0"",""mysql_lock_time_avg"":""0"",""mysql_lock_time_max"":""0"",""mysql_select_scans"":""7482"",""mysql_sort_scans"":""17079"",""mysql_join_scans"":""2697"",""sys_load_avg"":9.87,""sys_memory_used"":2530.3984375,""sys_memory_used_buffers"":138.66796875,""sys_memory_used_cache"":677.78515625,""sys_memory_swap_used"":0,""sys_memory_swap_used_cache"":0,""fpm_listen_queue"":""1"",""fpm_listen_queue_length"":""128"",""fpm_total_processes"":""13"",""fpm_active_processes"":""13""}"
1471830308,"{""mysql_table_scans_pct"":0.24924659338738,""mysql_deadlocks"":""0"",""mysql_wait_locks"":""0"",""mysql_current_locks"":""0"",""mysql_total_locks"":""0"",""mysql_lock_time_avg"":""0"",""mysql_lock_time_max"":""0"",""mysql_select_scans"":""7545"",""mysql_sort_scans"":""17202"",""mysql_join_scans"":""2726"",""sys_load_avg"":10.81,""sys_memory_used"":2353.1796875,""sys_memory_used_buffers"":138.7890625,""sys_memory_used_cache"":684.91796875,""sys_memory_swap_used"":0,""sys_memory_swap_used_cache"":0,""fpm_listen_queue"":""0"",""fpm_listen_queue_length"":""128"",""fpm_total_processes"":""11"",""fpm_active_processes"":""11""}"
1471830313,"{""mysql_table_scans_pct"":0.24903089102893,""mysql_deadlocks"":""0"",""mysql_wait_locks"":""0"",""mysql_current_locks"":""0"",""mysql_total_locks"":""0"",""mysql_lock_time_avg"":""0"",""mysql_lock_time_max"":""0"",""mysql_select_scans"":""7620"",""mysql_sort_scans"":""17371"",""mysql_join_scans"":""2768"",""sys_load_avg"":10.99,""sys_memory_used"":2368.8046875,""sys_memory_used_buffers"":138.93359375,""sys_memory_used_cache"":698.9453125,""sys_memory_swap_used"":0,""sys_memory_swap_used_cache"":0,""fpm_listen_queue"":""0"",""fpm_listen_queue_length"":""128"",""fpm_total_processes"":""12"",""fpm_active_processes"":""12""}"
1471830318,"{""mysql_table_scans_pct"":0.24930936375163,""mysql_deadlocks"":""0"",""mysql_wait_locks"":""0"",""mysql_current_locks"":""0"",""mysql_total_locks"":""0"",""mysql_lock_time_avg"":""0"",""mysql_lock_time_max"":""0"",""mysql_select_scans"":""7672"",""mysql_sort_scans"":""17503"",""mysql_join_scans"":""2789"",""sys_load_avg"":10.67,""sys_memory_used"":2193.4375,""sys_memory_used_buffers"":139.05859375,""sys_memory_used_cache"":684.6328125,""sys_memory_swap_used"":0,""sys_memory_swap_used_cache"":0,""fpm_listen_queue"":""0"",""fpm_listen_queue_length"":""128"",""fpm_total_processes"":""11"",""fpm_active_processes"":""10""}"
1471830323,"{""mysql_table_scans_pct"":0.24915251607912,""mysql_deadlocks"":""0"",""mysql_wait_locks"":""0"",""mysql_current_locks"":""0"",""mysql_total_locks"":""0"",""mysql_lock_time_avg"":""0"",""mysql_lock_time_max"":""0"",""mysql_select_scans"":""7733"",""mysql_sort_scans"":""17639"",""mysql_join_scans"":""2824"",""sys_load_avg"":10.62,""sys_memory_used"":2272.9375,""sys_memory_used_buffers"":139.20703125,""sys_memory_used_cache"":694.7890625,""sys_memory_swap_used"":0,""sys_memory_swap_used_cache"":0,""fpm_listen_queue"":""1"",""fpm_listen_queue_length"":""128"",""fpm_total_processes"":""9"",""fpm_active_processes"":""8""}"
1471830328,"{""mysql_table_scans_pct"":0.24915317985754,""mysql_deadlocks"":""0"",""mysql_wait_locks"":""0"",""mysql_current_locks"":""0"",""mysql_total_locks"":""0"",""mysql_lock_time_avg"":""0"",""mysql_lock_time_max"":""0"",""mysql_select_scans"":""7797"",""mysql_sort_scans"":""17805"",""mysql_join_scans"":""2858"",""sys_load_avg"":10.25,""sys_memory_used"":2489.625,""sys_memory_used_buffers"":139.32421875,""sys_memory_used_cache"":698.8203125,""sys_memory_swap_used"":0,""sys_memory_swap_used_cache"":0,""fpm_listen_queue"":""0"",""fpm_listen_queue_length"":""128"",""fpm_total_processes"":""11"",""fpm_active_processes"":""8""}"
1471830333,"{""mysql_table_scans_pct"":0.24928662370301,""mysql_deadlocks"":""0"",""mysql_wait_locks"":""0"",""mysql_current_locks"":""0"",""mysql_total_locks"":""0"",""mysql_lock_time_avg"":""0"",""mysql_lock_time_max"":""0"",""mysql_select_scans"":""7863"",""mysql_sort_scans"":""17972"",""mysql_join_scans"":""2890"",""sys_load_avg"":10.39,""sys_memory_used"":2472.67578125,""sys_memory_used_buffers"":139.41796875,""sys_memory_used_cache"":698.8046875,""sys_memory_swap_used"":0,""sys_memory_swap_used_cache"":0,""fpm_listen_queue"":""0"",""fpm_listen_queue_length"":""128"",""fpm_total_processes"":""12"",""fpm_active_processes"":""11""}"
1471830339,"{""mysql_table_scans_pct"":0.24903069844171,""mysql_deadlocks"":""0"",""mysql_wait_locks"":""0"",""mysql_current_locks"":""2"",""mysql_total_locks"":""0"",""mysql_lock_time_avg"":""0"",""mysql_lock_time_max"":""0"",""mysql_select_scans"":""7932"",""mysql_sort_scans"":""18136"",""mysql_join_scans"":""2925"",""sys_load_avg"":10.52,""sys_memory_used"":2414.6953125,""sys_memory_used_buffers"":139.51953125,""sys_memory_used_cache"":706.125,""sys_memory_swap_used"":0,""sys_memory_swap_used_cache"":0,""fpm_listen_queue"":""0"",""fpm_listen_queue_length"":""128"",""fpm_total_processes"":""13"",""fpm_active_processes"":""9""}"
1471830344,"{""mysql_table_scans_pct"":0.2491367822047,""mysql_deadlocks"":""0"",""mysql_wait_locks"":""0"",""mysql_current_locks"":""0"",""mysql_total_locks"":""0"",""mysql_lock_time_avg"":""0"",""mysql_lock_time_max"":""0"",""mysql_select_scans"":""7998"",""mysql_sort_scans"":""18306"",""mysql_join_scans"":""2956"",""sys_load_avg"":10.39,""sys_memory_used"":2230.9765625,""sys_memory_used_buffers"":139.65625,""sys_memory_used_cache"":705.1484375,""sys_memory_swap_used"":0,""sys_memory_swap_used_cache"":0,""fpm_listen_queue"":""0"",""fpm_listen_queue_length"":""128"",""fpm_total_processes"":""11"",""fpm_active_processes"":""9""}"
1471830349,"{""mysql_table_scans_pct"":0.24932034205206,""mysql_deadlocks"":""0"",""mysql_wait_locks"":""0"",""mysql_current_locks"":""0"",""mysql_total_locks"":""0"",""mysql_lock_time_avg"":""0"",""mysql_lock_time_max"":""0"",""mysql_select_scans"":""8064"",""mysql_sort_scans"":""18459"",""mysql_join_scans"":""2992"",""sys_load_avg"":10.2,""sys_memory_used"":2217.43359375,""sys_memory_used_buffers"":139.7890625,""sys_memory_used_cache"":702.94140625,""sys_memory_swap_used"":0,""sys_memory_swap_used_cache"":0,""fpm_listen_queue"":""0"",""fpm_listen_queue_length"":""128"",""fpm_total_processes"":""11"",""fpm_active_processes"":""6""}"
1471830354,"{""mysql_table_scans_pct"":0.24916659937269,""mysql_deadlocks"":""0"",""mysql_wait_locks"":""0"",""mysql_current_locks"":""0"",""mysql_total_locks"":""0"",""mysql_lock_time_avg"":""0"",""mysql_lock_time_max"":""0"",""mysql_select_scans"":""8128"",""mysql_sort_scans"":""18612"",""mysql_join_scans"":""3024"",""sys_load_avg"":10.11,""sys_memory_used"":2219.2109375,""sys_memory_used_buffers"":139.91796875,""sys_memory_used_cache"":710.03125,""sys_memory_swap_used"":0,""sys_memory_swap_used_cache"":0,""fpm_listen_queue"":""0"",""fpm_listen_queue_length"":""128"",""fpm_total_processes"":""11"",""fpm_active_processes"":""10""}"
1471830359,"{""mysql_table_scans_pct"":0.2493221175457,""mysql_deadlocks"":""0"",""mysql_wait_locks"":""0"",""mysql_current_locks"":""0"",""mysql_total_locks"":""0"",""mysql_lock_time_avg"":""0"",""mysql_lock_time_max"":""0"",""mysql_select_scans"":""8193"",""mysql_sort_scans"":""18746"",""mysql_join_scans"":""3056"",""sys_load_avg"":9.86,""sys_memory_used"":2217.2890625,""sys_memory_used_buffers"":140.22265625,""sys_memory_used_cache"":707.71484375,""sys_memory_swap_used"":0,""sys_memory_swap_used_cache"":0,""fpm_listen_queue"":""0"",""fpm_listen_queue_length"":""128"",""fpm_total_processes"":""9"",""fpm_active_processes"":""9""}"
1471830364,"{""mysql_table_scans_pct"":0.2492991689336,""mysql_deadlocks"":""0"",""mysql_wait_locks"":""0"",""mysql_current_locks"":""0"",""mysql_total_locks"":""0"",""mysql_lock_time_avg"":""0"",""mysql_lock_time_max"":""0"",""mysql_select_scans"":""8245"",""mysql_sort_scans"":""18846"",""mysql_join_scans"":""3080"",""sys_load_avg"":9.95,""sys_memory_used"":2572.6171875,""sys_memory_used_buffers"":140.41796875,""sys_memory_used_cache"":710.01171875,""sys_memory_swap_used"":0,""sys_memory_swap_used_cache"":0,""fpm_listen_queue"":""0"",""fpm_listen_queue_length"":""128"",""fpm_total_processes"":""12"",""fpm_active_processes"":""12""}"
1471830369,"{""mysql_table_scans_pct"":0.24932412259231,""mysql_deadlocks"":""0"",""mysql_wait_locks"":""0"",""mysql_current_locks"":""0"",""mysql_total_locks"":""0"",""mysql_lock_time_avg"":""0"",""mysql_lock_time_max"":""0"",""mysql_select_scans"":""8307"",""mysql_sort_scans"":""18979"",""mysql_join_scans"":""3107"",""sys_load_avg"":10.03,""sys_memory_used"":2341.01171875,""sys_memory_used_buffers"":140.52734375,""sys_memory_used_cache"":712.92578125,""sys_memory_swap_used"":0,""sys_memory_swap_used_cache"":0,""fpm_listen_queue"":""0"",""fpm_listen_queue_length"":""128"",""fpm_total_processes"":""11"",""fpm_active_processes"":""9""}"
1471830374,"{""mysql_table_scans_pct"":0.24928621888331,""mysql_deadlocks"":""0"",""mysql_wait_locks"":""0"",""mysql_current_locks"":""0"",""mysql_total_locks"":""0"",""mysql_lock_time_avg"":""0"",""mysql_lock_time_max"":""0"",""mysql_select_scans"":""8375"",""mysql_sort_scans"":""19125"",""mysql_join_scans"":""3139"",""sys_load_avg"":10.03,""sys_memory_used"":2257.96484375,""sys_memory_used_buffers"":140.625,""sys_memory_used_cache"":715.703125,""sys_memory_swap_used"":0,""sys_memory_swap_used_cache"":0,""fpm_listen_queue"":""0"",""fpm_listen_queue_length"":""128"",""fpm_total_processes"":""11"",""fpm_active_processes"":""9""}"
1471830379,"{""mysql_table_scans_pct"":0.24904875576407,""mysql_deadlocks"":""0"",""mysql_wait_locks"":""0"",""mysql_current_locks"":""0"",""mysql_total_locks"":""0"",""mysql_lock_time_avg"":""0"",""mysql_lock_time_max"":""0"",""mysql_select_scans"":""8442"",""mysql_sort_scans"":""19261"",""mysql_join_scans"":""3175"",""sys_load_avg"":9.63,""sys_memory_used"":2337.7265625,""sys_memory_used_buffers"":140.75,""sys_memory_used_cache"":724.37109375,""sys_memory_swap_used"":0,""sys_memory_swap_used_cache"":0,""fpm_listen_queue"":""1"",""fpm_listen_queue_length"":""128"",""fpm_total_processes"":""12"",""fpm_active_processes"":""8""}"
1471830384,"{""mysql_table_scans_pct"":0.24925996096255,""mysql_deadlocks"":""0"",""mysql_wait_locks"":""0"",""mysql_current_locks"":""0"",""mysql_total_locks"":""0"",""mysql_lock_time_avg"":""0"",""mysql_lock_time_max"":""0"",""mysql_select_scans"":""8508"",""mysql_sort_scans"":""19393"",""mysql_join_scans"":""3208"",""sys_load_avg"":9.26,""sys_memory_used"":2324.76171875,""sys_memory_used_buffers"":140.8671875,""sys_memory_used_cache"":720.48828125,""sys_memory_swap_used"":0,""sys_memory_swap_used_cache"":0,""fpm_listen_queue"":""1"",""fpm_listen_queue_length"":""128"",""fpm_total_processes"":""11"",""fpm_active_processes"":""6""}"
1471830389,"{""mysql_table_scans_pct"":0.24932821380004,""mysql_deadlocks"":""0"",""mysql_wait_locks"":""0"",""mysql_current_locks"":""0"",""mysql_total_locks"":""0"",""mysql_lock_time_avg"":""0"",""mysql_lock_time_max"":""0"",""mysql_select_scans"":""8574"",""mysql_sort_scans"":""19530"",""mysql_join_scans"":""3244"",""sys_load_avg"":9.16,""sys_memory_used"":2215.46484375,""sys_memory_used_buffers"":140.98046875,""sys_memory_used_cache"":721.578125,""sys_memory_swap_used"":0,""sys_memory_swap_used_cache"":0,""fpm_listen_queue"":""0"",""fpm_listen_queue_length"":""128"",""fpm_total_processes"":""9"",""fpm_active_processes"":""8""}"
1471830395,"{""mysql_table_scans_pct"":0.24932839116274,""mysql_deadlocks"":""0"",""mysql_wait_locks"":""0"",""mysql_current_locks"":""0"",""mysql_total_locks"":""0"",""mysql_lock_time_avg"":""0"",""mysql_lock_time_max"":""0"",""mysql_select_scans"":""8625"",""mysql_sort_scans"":""19655"",""mysql_join_scans"":""3270"",""sys_load_avg"":9.14,""sys_memory_used"":2174.14453125,""sys_memory_used_buffers"":141.12890625,""sys_memory_used_cache"":723.21875,""sys_memory_swap_used"":0,""sys_memory_swap_used_cache"":0,""fpm_listen_queue"":""3"",""fpm_listen_queue_length"":""128"",""fpm_total_processes"":""8"",""fpm_active_processes"":""8""}"
1471830400,"{""mysql_table_scans_pct"":0.2493283490405,""mysql_deadlocks"":""0"",""mysql_wait_locks"":""0"",""mysql_current_locks"":""0"",""mysql_total_locks"":""0"",""mysql_lock_time_avg"":""0"",""mysql_lock_time_max"":""0"",""mysql_select_scans"":""8694"",""mysql_sort_scans"":""19781"",""mysql_join_scans"":""3301"",""sys_load_avg"":9.05,""sys_memory_used"":2140.90234375,""sys_memory_used_buffers"":141.29296875,""sys_memory_used_cache"":725.17578125,""sys_memory_swap_used"":0,""sys_memory_swap_used_cache"":0,""fpm_listen_queue"":""0"",""fpm_listen_queue_length"":""128"",""fpm_total_processes"":""8"",""fpm_active_processes"":""2""}"
1471830405,"{""mysql_table_scans_pct"":0.24896449926064,""mysql_deadlocks"":""0"",""mysql_wait_locks"":""0"",""mysql_current_locks"":""0"",""mysql_total_locks"":""0"",""mysql_lock_time_avg"":""0"",""mysql_lock_time_max"":""0"",""mysql_select_scans"":""8757"",""mysql_sort_scans"":""19901"",""mysql_join_scans"":""3334"",""sys_load_avg"":9.13,""sys_memory_used"":2372.66015625,""sys_memory_used_buffers"":141.390625,""sys_memory_used_cache"":745.20703125,""sys_memory_swap_used"":0,""sys_memory_swap_used_cache"":0,""fpm_listen_queue"":""0"",""fpm_listen_queue_length"":""128"",""fpm_total_processes"":""9"",""fpm_active_processes"":""8""}"
1471830410,"{""mysql_table_scans_pct"":0.24933142020217,""mysql_deadlocks"":""0"",""mysql_wait_locks"":""0"",""mysql_current_locks"":""0"",""mysql_total_locks"":""0"",""mysql_lock_time_avg"":""0"",""mysql_lock_time_max"":""0"",""mysql_select_scans"":""8806"",""mysql_sort_scans"":""20010"",""mysql_join_scans"":""3356"",""sys_load_avg"":8.8,""sys_memory_used"":2208.30859375,""sys_memory_used_buffers"":141.4921875,""sys_memory_used_cache"":729.4921875,""sys_memory_swap_used"":0,""sys_memory_swap_used_cache"":0,""fpm_listen_queue"":""1"",""fpm_listen_queue_length"":""128"",""fpm_total_processes"":""8"",""fpm_active_processes"":""6""}"
1471830415,"{""mysql_table_scans_pct"":0.24921171472271,""mysql_deadlocks"":""0"",""mysql_wait_locks"":""0"",""mysql_current_locks"":""0"",""mysql_total_locks"":""0"",""mysql_lock_time_avg"":""0"",""mysql_lock_time_max"":""0"",""mysql_select_scans"":""8863"",""mysql_sort_scans"":""20131"",""mysql_join_scans"":""3383"",""sys_load_avg"":8.89,""sys_memory_used"":2377.91796875,""sys_memory_used_buffers"":141.59375,""sys_memory_used_cache"":741.32421875,""sys_memory_swap_used"":0,""sys_memory_swap_used_cache"":0,""fpm_listen_queue"":""1"",""fpm_listen_queue_length"":""128"",""fpm_total_processes"":""8"",""fpm_active_processes"":""8""}"
1471830420,"{""mysql_table_scans_pct"":0.24933275099327,""mysql_deadlocks"":""0"",""mysql_wait_locks"":""0"",""mysql_current_locks"":""4"",""mysql_total_locks"":""0"",""mysql_lock_time_avg"":""0"",""mysql_lock_time_max"":""0"",""mysql_select_scans"":""8922"",""mysql_sort_scans"":""20271"",""mysql_join_scans"":""3409"",""sys_load_avg"":8.74,""sys_memory_used"":2322.296875,""sys_memory_used_buffers"":141.8125,""sys_memory_used_cache"":733.10546875,""sys_memory_swap_used"":0,""sys_memory_swap_used_cache"":0,""fpm_listen_queue"":""0"",""fpm_listen_queue_length"":""128"",""fpm_total_processes"":""7"",""fpm_active_processes"":""7""}"
1471830425,"{""mysql_table_scans_pct"":0.24928413005239,""mysql_deadlocks"":""0"",""mysql_wait_locks"":""0"",""mysql_current_locks"":""2"",""mysql_total_locks"":""0"",""mysql_lock_time_avg"":""0"",""mysql_lock_time_max"":""0"",""mysql_select_scans"":""8969"",""mysql_sort_scans"":""20388"",""mysql_join_scans"":""3434"",""sys_load_avg"":8.76,""sys_memory_used"":2334.53515625,""sys_memory_used_buffers"":141.9140625,""sys_memory_used_cache"":739.6796875,""sys_memory_swap_used"":0,""sys_memory_swap_used_cache"":0,""fpm_listen_queue"":""0"",""fpm_listen_queue_length"":""128"",""fpm_total_processes"":""8"",""fpm_active_processes"":""7""}"
1471830430,"{""mysql_table_scans_pct"":0.24933499616783,""mysql_deadlocks"":""0"",""mysql_wait_locks"":""0"",""mysql_current_locks"":""0"",""mysql_total_locks"":""0"",""mysql_lock_time_avg"":""0"",""mysql_lock_time_max"":""0"",""mysql_select_scans"":""9005"",""mysql_sort_scans"":""20453"",""mysql_join_scans"":""3447"",""sys_load_avg"":8.3,""sys_memory_used"":2175.0859375,""sys_memory_used_buffers"":141.99609375,""sys_memory_used_cache"":736.07421875,""sys_memory_swap_used"":0,""sys_memory_swap_used_cache"":0,""fpm_listen_queue"":""0"",""fpm_listen_queue_length"":""128"",""fpm_total_processes"":""7"",""fpm_active_processes"":""4""}"
1471830435,"{""mysql_table_scans_pct"":0.24933538063797,""mysql_deadlocks"":""0"",""mysql_wait_locks"":""0"",""mysql_current_locks"":""0"",""mysql_total_locks"":""0"",""mysql_lock_time_avg"":""0"",""mysql_lock_time_max"":""0"",""mysql_select_scans"":""9048"",""mysql_sort_scans"":""20511"",""mysql_join_scans"":""3464"",""sys_load_avg"":7.64,""sys_memory_used"":2079.87109375,""sys_memory_used_buffers"":142.05078125,""sys_memory_used_cache"":736.29296875,""sys_memory_swap_used"":0,""sys_memory_swap_used_cache"":0,""fpm_listen_queue"":""0"",""fpm_listen_queue_length"":""128"",""fpm_total_processes"":""5"",""fpm_active_processes"":""2""}"
1471830441,"{""mysql_table_scans_pct"":0.24918319653923,""mysql_deadlocks"":""0"",""mysql_wait_locks"":""0"",""mysql_current_locks"":""0"",""mysql_total_locks"":""0"",""mysql_lock_time_avg"":""0"",""mysql_lock_time_max"":""0"",""mysql_select_scans"":""9071"",""mysql_sort_scans"":""20544"",""mysql_join_scans"":""3474"",""sys_load_avg"":7.02,""sys_memory_used"":2060.3359375,""sys_memory_used_buffers"":142.125,""sys_memory_used_cache"":740.89453125,""sys_memory_swap_used"":0,""sys_memory_swap_used_cache"":0,""fpm_listen_queue"":""0"",""fpm_listen_queue_length"":""128"",""fpm_total_processes"":""3"",""fpm_active_processes"":""2""}"
1471830446,"{""mysql_table_scans_pct"":0.24933652543517,""mysql_deadlocks"":""0"",""mysql_wait_locks"":""0"",""mysql_current_locks"":""0"",""mysql_total_locks"":""0"",""mysql_lock_time_avg"":""0"",""mysql_lock_time_max"":""0"",""mysql_select_scans"":""9077"",""mysql_sort_scans"":""20547"",""mysql_join_scans"":""3474"",""sys_load_avg"":6.46,""sys_memory_used"":2108.73828125,""sys_memory_used_buffers"":142.3359375,""sys_memory_used_cache"":737.390625,""sys_memory_swap_used"":0,""sys_memory_swap_used_cache"":0,""fpm_listen_queue"":""0"",""fpm_listen_queue_length"":""128"",""fpm_total_processes"":""3"",""fpm_active_processes"":""1""}"
