1471774866,"{""mysql_table_scans_pct"":0.99879333040807,""mysql_deadlocks"":""0"",""mysql_wait_locks"":""0"",""mysql_current_locks"":""0"",""mysql_total_locks"":""0"",""mysql_lock_time_avg"":""0"",""mysql_lock_time_max"":""0"",""mysql_select_scans"":""14"",""mysql_sort_scans"":""0"",""mysql_join_scans"":""0"",""sys_load_avg"":1.7,""sys_memory_used"":717.4375,""sys_memory_used_buffers"":14.1875,""sys_memory_used_cache"":265.046875,""sys_memory_swap_used"":0,""sys_memory_swap_used_cache"":0,""fpm_listen_queue"":""0"",""fpm_listen_queue_length"":""128"",""fpm_total_processes"":""2"",""fpm_active_processes"":""1""}"
1471774871,"{""mysql_table_scans_pct"":0.99884623452905,""mysql_deadlocks"":""0"",""mysql_wait_locks"":""0"",""mysql_current_locks"":""0"",""mysql_total_locks"":""0"",""mysql_lock_time_avg"":""0"",""mysql_lock_time_max"":""0"",""mysql_select_scans"":""22"",""mysql_sort_scans"":""0"",""mysql_join_scans"":""0"",""sys_load_avg"":1.57,""sys_memory_used"":719.6328125,""sys_memory_used_buffers"":14.484375,""sys_memory_used_cache"":265.56640625,""sys_memory_swap_used"":0,""sys_memory_swap_used_cache"":0,""fpm_listen_queue"":""0"",""fpm_listen_queue_length"":""128"",""fpm_total_processes"":""2"",""fpm_active_processes"":""1""}"
1471774876,"{""mysql_table_scans_pct"":0.072390355167261,""mysql_deadlocks"":""0"",""mysql_wait_locks"":""0"",""mysql_current_locks"":""0"",""mysql_total_locks"":""0"",""mysql_lock_time_avg"":""0"",""mysql_lock_time_max"":""0"",""mysql_select_scans"":""70"",""mysql_sort_scans"":""112"",""mysql_join_scans"":""2"",""sys_load_avg"":1.44,""sys_memory_used"":871.27734375,""sys_memory_used_buffers"":34.23828125,""sys_memory_used_cache"":291.09765625,""sys_memory_swap_used"":0,""sys_memory_swap_used_cache"":0,""fpm_listen_queue"":""0"",""fpm_listen_queue_length"":""128"",""fpm_total_processes"":""3"",""fpm_active_processes"":""3""}"
1471774881,"{""mysql_table_scans_pct"":0.042558469598663,""mysql_deadlocks"":""0"",""mysql_wait_locks"":""0"",""mysql_current_locks"":""0"",""mysql_total_locks"":""0"",""mysql_lock_time_avg"":""0"",""mysql_lock_time_max"":""0"",""mysql_select_scans"":""126"",""mysql_sort_scans"":""343"",""mysql_join_scans"":""7"",""sys_load_avg"":1.33,""sys_memory_used"":959.41015625,""sys_memory_used_buffers"":44.04296875,""sys_memory_used_cache"":295.25,""sys_memory_swap_used"":0,""sys_memory_swap_used_cache"":0,""fpm_listen_queue"":""0"",""fpm_listen_queue_length"":""128"",""fpm_total_processes"":""5"",""fpm_active_processes"":""5""}"
1471774886,"{""mysql_table_scans_pct"":0.040463467500614,""mysql_deadlocks"":""0"",""mysql_wait_locks"":""0"",""mysql_current_locks"":""0"",""mysql_total_locks"":""0"",""mysql_lock_time_avg"":""0"",""mysql_lock_time_max"":""0"",""mysql_select_scans"":""209"",""mysql_sort_scans"":""579"",""mysql_join_scans"":""14"",""sys_load_avg"":1.62,""sys_memory_used"":1023.3671875,""sys_memory_used_buffers"":51.03125,""sys_memory_used_cache"":306.015625,""sys_memory_swap_used"":0,""sys_memory_swap_used_cache"":0,""fpm_listen_queue"":""0"",""fpm_listen_queue_length"":""128"",""fpm_total_processes"":""6"",""fpm_active_processes"":""6""}"
1471774892,"{""mysql_table_scans_pct"":0.039099775627029,""mysql_deadlocks"":""0"",""mysql_wait_locks"":""0"",""mysql_current_locks"":""0"",""mysql_total_locks"":""0"",""mysql_lock_time_avg"":""0"",""mysql_lock_time_max"":""0"",""mysql_select_scans"":""288"",""mysql_sort_scans"":""878"",""mysql_join_scans"":""22"",""sys_load_avg"":1.57,""sys_memory_used"":1053.99609375,""sys_memory_used_buffers"":57.92578125,""sys_memory_used_cache"":311.87109375,""sys_memory_swap_used"":0,""sys_memory_swap_used_cache"":0,""fpm_listen_queue"":""3"",""fpm_listen_queue_length"":""128"",""fpm_total_processes"":""6"",""fpm_active_processes"":""5""}"
1471774897,"{""mysql_table_scans_pct"":0.039820918739981,""mysql_deadlocks"":""0"",""mysql_wait_locks"":""0"",""mysql_current_locks"":""0"",""mysql_total_locks"":""0"",""mysql_lock_time_avg"":""0"",""mysql_lock_time_max"":""0"",""mysql_select_scans"":""396"",""mysql_sort_scans"":""1185"",""mysql_join_scans"":""39"",""sys_load_avg"":2.25,""sys_memory_used"":1102.484375,""sys_memory_used_buffers"":62.90625,""sys_memory_used_cache"":316.8984375,""sys_memory_swap_used"":0,""sys_memory_swap_used_cache"":0,""fpm_listen_queue"":""0"",""fpm_listen_queue_length"":""128"",""fpm_total_processes"":""8"",""fpm_active_processes"":""8""}"
1471774902,"{""mysql_table_scans_pct"":0.039746201546026,""mysql_deadlocks"":""0"",""mysql_wait_locks"":""0"",""mysql_current_locks"":""0"",""mysql_total_locks"":""0"",""mysql_lock_time_avg"":""0"",""mysql_lock_time_max"":""0"",""mysql_select_scans"":""514"",""mysql_sort_scans"":""1465"",""mysql_join_scans"":""56"",""sys_load_avg"":2.55,""sys_memory_used"":1143.9765625,""sys_memory_used_buffers"":66.33984375,""sys_memory_used_cache"":321.44921875,""sys_memory_swap_used"":0,""sys_memory_swap_used_cache"":0,""fpm_listen_queue"":""2"",""fpm_listen_queue_length"":""128"",""fpm_total_processes"":""9"",""fpm_active_processes"":""9""}"
1471774907,"{""mysql_table_scans_pct"":0.039681559423794,""mysql_deadlocks"":""0"",""mysql_wait_locks"":""0"",""mysql_current_locks"":""0"",""mysql_total_locks"":""0"",""mysql_lock_time_avg"":""0"",""mysql_lock_time_max"":""0"",""mysql_select_scans"":""630"",""mysql_sort_scans"":""1775"",""mysql_join_scans"":""69"",""sys_load_avg"":2.34,""sys_memory_used"":1191.77734375,""sys_memory_used_buffers"":69.34765625,""sys_memory_used_cache"":326.73046875,""sys_memory_swap_used"":0,""sys_memory_swap_used_cache"":0,""fpm_listen_queue"":""0"",""fpm_listen_queue_length"":""128"",""fpm_total_processes"":""11"",""fpm_active_processes"":""10""}"
1471774912,"{""mysql_table_scans_pct"":0.039866411515337,""mysql_deadlocks"":""0"",""mysql_wait_locks"":""0"",""mysql_current_locks"":""0"",""mysql_total_locks"":""0"",""mysql_lock_time_avg"":""0"",""mysql_lock_time_max"":""0"",""mysql_select_scans"":""744"",""mysql_sort_scans"":""2005"",""mysql_join_scans"":""88"",""sys_load_avg"":3.2,""sys_memory_used"":1202.6484375,""sys_memory_used_buffers"":70.9765625,""sys_memory_used_cache"":331.87109375,""sys_memory_swap_used"":0,""sys_memory_swap_used_cache"":0,""fpm_listen_queue"":""0"",""fpm_listen_queue_length"":""128"",""fpm_total_processes"":""11"",""fpm_active_processes"":""10""}"
1471774917,"{""mysql_table_scans_pct"":0.039251376179364,""mysql_deadlocks"":""0"",""mysql_wait_locks"":""0"",""mysql_current_locks"":""0"",""mysql_total_locks"":""0"",""mysql_lock_time_avg"":""0"",""mysql_lock_time_max"":""0"",""mysql_select_scans"":""858"",""mysql_sort_scans"":""2272"",""mysql_join_scans"":""106"",""sys_load_avg"":3.74,""sys_memory_used"":1208.98046875,""sys_memory_used_buffers"":72.40234375,""sys_memory_used_cache"":335.79296875,""sys_memory_swap_used"":0,""sys_memory_swap_used_cache"":0,""fpm_listen_queue"":""0"",""fpm_listen_queue_length"":""128"",""fpm_total_processes"":""10"",""fpm_active_processes"":""6""}"
1471774922,"{""mysql_table_scans_pct"":0.039650431744714,""mysql_deadlocks"":""0"",""mysql_wait_locks"":""0"",""mysql_current_locks"":""0"",""mysql_total_locks"":""0"",""mysql_lock_time_avg"":""0"",""mysql_lock_time_max"":""0"",""mysql_select_scans"":""969"",""mysql_sort_scans"":""2487"",""mysql_join_scans"":""125"",""sys_load_avg"":4.24,""sys_memory_used"":1247.5859375,""sys_memory_used_buffers"":74.17578125,""sys_memory_used_cache"":339.19921875,""sys_memory_swap_used"":0,""sys_memory_swap_used_cache"":0,""fpm_listen_queue"":""4"",""fpm_listen_queue_length"":""128"",""fpm_total_processes"":""11"",""fpm_active_processes"":""11""}"
1471774927,"{""mysql_table_scans_pct"":0.040178627949101,""mysql_deadlocks"":""0"",""mysql_wait_locks"":""0"",""mysql_current_locks"":""0"",""mysql_total_locks"":""0"",""mysql_lock_time_avg"":""0"",""mysql_lock_time_max"":""0"",""mysql_select_scans"":""1076"",""mysql_sort_scans"":""2684"",""mysql_join_scans"":""147"",""sys_load_avg"":4.86,""sys_memory_used"":1238.67578125,""sys_memory_used_buffers"":75.203125,""sys_memory_used_cache"":343.1875,""sys_memory_swap_used"":0,""sys_memory_swap_used_cache"":0,""fpm_listen_queue"":""0"",""fpm_listen_queue_length"":""128"",""fpm_total_processes"":""11"",""fpm_active_processes"":""4""}"
1471774932,"{""mysql_table_scans_pct"":0.04076725271421,""mysql_deadlocks"":""0"",""mysql_wait_locks"":""0"",""mysql_current_locks"":""1"",""mysql_total_locks"":""0"",""mysql_lock_time_avg"":""0"",""mysql_lock_time_max"":""0"",""mysql_select_scans"":""1188"",""mysql_sort_scans"":""2904"",""mysql_join_scans"":""170"",""sys_load_avg"":5.03,""sys_memory_used"":1265.375,""sys_memory_used_buffers"":76.4140625,""sys_memory_used_cache"":346.94921875,""sys_memory_swap_used"":0,""sys_memory_swap_used_cache"":0,""fpm_listen_queue"":""2"",""fpm_listen_queue_length"":""128"",""fpm_total_processes"":""11"",""fpm_active_processes"":""10""}"
1471774938,"{""mysql_table_scans_pct"":0.041315713040953,""mysql_deadlocks"":""0"",""mysql_wait_locks"":""0"",""mysql_current_locks"":""1"",""mysql_total_locks"":""0"",""mysql_lock_time_avg"":""0"",""mysql_lock_time_max"":""0"",""mysql_select_scans"":""1313"",""mysql_sort_scans"":""3147"",""mysql_join_scans"":""199"",""sys_load_avg"":5.19,""sys_memory_used"":1263.8828125,""sys_memory_used_buffers"":77.65234375,""sys_memory_used_cache"":350.0546875,""sys_memory_swap_used"":0,""sys_memory_swap_used_cache"":0,""fpm_listen_queue"":""0"",""fpm_listen_queue_length"":""128"",""fpm_total_processes"":""12"",""fpm_active_processes"":""5""}"
1471774943,"{""mysql_table_scans_pct"":0.04163133831157,""mysql_deadlocks"":""0"",""mysql_wait_locks"":""0"",""mysql_current_locks"":""1"",""mysql_total_locks"":""0"",""mysql_lock_time_avg"":""0"",""mysql_lock_time_max"":""0"",""mysql_select_scans"":""1411"",""mysql_sort_scans"":""3343"",""mysql_join_scans"":""226"",""sys_load_avg"":4.86,""sys_memory_used"":1257,""sys_memory_used_buffers"":78.859375,""sys_memory_used_cache"":354.16796875,""sys_memory_swap_used"":0,""sys_memory_swap_used_cache"":0,""fpm_listen_queue"":""4"",""fpm_listen_queue_length"":""128"",""fpm_total_processes"":""8"",""fpm_active_processes"":""8""}"
1471774948,"{""mysql_table_scans_pct"":0.041936147893205,""mysql_deadlocks"":""0"",""mysql_wait_locks"":""0"",""mysql_current_locks"":""0"",""mysql_total_locks"":""0"",""mysql_lock_time_avg"":""0"",""mysql_lock_time_max"":""0"",""mysql_select_scans"":""1509"",""mysql_sort_scans"":""3535"",""mysql_join_scans"":""244"",""sys_load_avg"":5.19,""sys_memory_used"":1248.1171875,""sys_memory_used_buffers"":79.94921875,""sys_memory_used_cache"":357.90625,""sys_memory_swap_used"":0,""sys_memory_swap_used_cache"":0,""fpm_listen_queue"":""0"",""fpm_listen_queue_length"":""128"",""fpm_total_processes"":""9"",""fpm_active_processes"":""6""}"
1471774953,"{""mysql_table_scans_pct"":0.04248846205663,""mysql_deadlocks"":""0"",""mysql_wait_locks"":""0"",""mysql_current_locks"":""0"",""mysql_total_locks"":""0"",""mysql_lock_time_avg"":""0"",""mysql_lock_time_max"":""0"",""mysql_select_scans"":""1624"",""mysql_sort_scans"":""3765"",""mysql_join_scans"":""268"",""sys_load_avg"":5.17,""sys_memory_used"":1282.42578125,""sys_memory_used_buffers"":80.41015625,""sys_memory_used_cache"":361.1875,""sys_memory_swap_used"":0,""sys_memory_swap_used_cache"":0,""fpm_listen_queue"":""1"",""fpm_listen_queue_length"":""128"",""fpm_total_processes"":""8"",""fpm_active_processes"":""8""}"
1471774958,"{""mysql_table_scans_pct"":0.043006400596518,""mysql_deadlocks"":""0"",""mysql_wait_locks"":""0"",""mysql_current_locks"":""0"",""mysql_total_locks"":""0"",""mysql_lock_time_avg"":""0"",""mysql_lock_time_max"":""0"",""mysql_select_scans"":""1733"",""mysql_sort_scans"":""3976"",""mysql_join_scans"":""291"",""sys_load_avg"":5.24,""sys_memory_used"":1312.03125,""sys_memory_used_buffers"":81.22265625,""sys_memory_used_cache"":365.078125,""sys_memory_swap_used"":0,""sys_memory_swap_used_cache"":0,""fpm_listen_queue"":""3"",""fpm_listen_queue_length"":""128"",""fpm_total_processes"":""10"",""fpm_active_processes"":""10""}"
1471774963,"{""mysql_table_scans_pct"":0.043452531473948,""mysql_deadlocks"":""0"",""mysql_wait_locks"":""0"",""mysql_current_locks"":""0"",""mysql_total_locks"":""0"",""mysql_lock_time_avg"":""0"",""mysql_lock_time_max"":""0"",""mysql_select_scans"":""1830"",""mysql_sort_scans"":""4157"",""mysql_join_scans"":""320"",""sys_load_avg"":5.46,""sys_memory_used"":1324.6484375,""sys_memory_used_buffers"":82.01171875,""sys_memory_used_cache"":369.3359375,""sys_memory_swap_used"":0,""sys_memory_swap_used_cache"":0,""fpm_listen_queue"":""0"",""fpm_listen_queue_length"":""128"",""fpm_total_processes"":""10"",""fpm_active_processes"":""7""}"
1471774968,"{""mysql_table_scans_pct"":0.043858095292096,""mysql_deadlocks"":""0"",""mysql_wait_locks"":""0"",""mysql_current_locks"":""0"",""mysql_total_locks"":""0"",""mysql_lock_time_avg"":""0"",""mysql_lock_time_max"":""0"",""mysql_select_scans"":""1929"",""mysql_sort_scans"":""4337"",""mysql_join_scans"":""344"",""sys_load_avg"":5.34,""sys_memory_used"":1312.7265625,""sys_memory_used_buffers"":82.6796875,""sys_memory_used_cache"":373.3046875,""sys_memory_swap_used"":0,""sys_memory_swap_used_cache"":0,""fpm_listen_queue"":""0"",""fpm_listen_queue_length"":""128"",""fpm_total_processes"":""9"",""fpm_active_processes"":""8""}"
1471774973,"{""mysql_table_scans_pct"":0.044297807358128,""mysql_deadlocks"":""0"",""mysql_wait_locks"":""0"",""mysql_current_locks"":""0"",""mysql_total_locks"":""0"",""mysql_lock_time_avg"":""0"",""mysql_lock_time_max"":""0"",""mysql_select_scans"":""2024"",""mysql_sort_scans"":""4510"",""mysql_join_scans"":""362"",""sys_load_avg"":5.64,""sys_memory_used"":1334.078125,""sys_memory_used_buffers"":83.2890625,""sys_memory_used_cache"":377.26953125,""sys_memory_swap_used"":0,""sys_memory_swap_used_cache"":0,""fpm_listen_queue"":""5"",""fpm_listen_queue_length"":""128"",""fpm_total_processes"":""9"",""fpm_active_processes"":""5""}"
1471774978,"{""mysql_table_scans_pct"":0.044643376095628,""mysql_deadlocks"":""0"",""mysql_wait_locks"":""0"",""mysql_current_locks"":""3"",""mysql_total_locks"":""1"",""mysql_lock_time_avg"":""31"",""mysql_lock_time_max"":""31"",""mysql_select_scans"":""2109"",""mysql_sort_scans"":""4663"",""mysql_join_scans"":""387"",""sys_load_avg"":5.83,""sys_memory_used"":1344.0625,""sys_memory_used_buffers"":83.7421875,""sys_memory_used_cache"":381.765625,""sys_memory_swap_used"":0,""sys_memory_swap_used_cache"":0,""fpm_listen_queue"":""0"",""fpm_listen_queue_length"":""128"",""fpm_total_processes"":""11"",""fpm_active_processes"":""10""}"
1471774983,"{""mysql_table_scans_pct"":0.045009396574329,""mysql_deadlocks"":""0"",""mysql_wait_locks"":""0"",""mysql_current_locks"":""0"",""mysql_total_locks"":""1"",""mysql_lock_time_avg"":""31"",""mysql_lock_time_max"":""31"",""mysql_select_scans"":""2191"",""mysql_sort_scans"":""4811"",""mysql_join_scans"":""410"",""sys_load_avg"":5.6,""sys_memory_used"":1338.63671875,""sys_memory_used_buffers"":84.2265625,""sys_memory_used_cache"":384.55859375,""sys_memory_swap_used"":0,""sys_memory_swap_used_cache"":0,""fpm_listen_queue"":""0"",""fpm_listen_queue_length"":""128"",""fpm_total_processes"":""8"",""fpm_active_processes"":""8""}"
1471774989,"{""mysql_table_scans_pct"":0.045413776236623,""mysql_deadlocks"":""0"",""mysql_wait_locks"":""0"",""mysql_current_locks"":""0"",""mysql_total_locks"":""1"",""mysql_lock_time_avg"":""31"",""mysql_lock_time_max"":""31"",""mysql_select_scans"":""2284"",""mysql_sort_scans"":""4981"",""mysql_join_scans"":""434"",""sys_load_avg"":5.87,""sys_memory_used"":1344.2109375,""sys_memory_used_buffers"":84.5625,""sys_memory_used_cache"":388.17578125,""sys_memory_swap_used"":0,""sys_memory_swap_used_cache"":0,""fpm_listen_queue"":""0"",""fpm_listen_queue_length"":""128"",""fpm_total_processes"":""9"",""fpm_active_processes"":""8""}"
1471774994,"{""mysql_table_scans_pct"":0.045914170489241,""mysql_deadlocks"":""0"",""mysql_wait_locks"":""0"",""mysql_current_locks"":""0"",""mysql_total_locks"":""1"",""mysql_lock_time_avg"":""31"",""mysql_lock_time_max"":""31"",""mysql_select_scans"":""2387"",""mysql_sort_scans"":""5172"",""mysql_join_scans"":""460"",""sys_load_avg"":5.75,""sys_memory_used"":1399.62109375,""sys_memory_used_buffers"":84.953125,""sys_memory_used_cache"":392.203125,""sys_memory_swap_used"":0,""sys_memory_swap_used_cache"":0,""fpm_listen_queue"":""0"",""fpm_listen_queue_length"":""128"",""fpm_total_processes"":""11"",""fpm_active_processes"":""6""}"
1471774999,"{""mysql_table_scans_pct"":0.04634152758299,""mysql_deadlocks"":""0"",""mysql_wait_locks"":""0"",""mysql_current_locks"":""0"",""mysql_total_locks"":""1"",""mysql_lock_time_avg"":""31"",""mysql_lock_time_max"":""31"",""mysql_select_scans"":""2496"",""mysql_sort_scans"":""5351"",""mysql_join_scans"":""482"",""sys_load_avg"":5.85,""sys_memory_used"":1374.8359375,""sys_memory_used_buffers"":85.44140625,""sys_memory_used_cache"":396.1484375,""sys_memory_swap_used"":0,""sys_memory_swap_used_cache"":0,""fpm_listen_queue"":""0"",""fpm_listen_queue_length"":""128"",""fpm_total_processes"":""9"",""fpm_active_processes"":""8""}"
1471775004,"{""mysql_table_scans_pct"":0.046802193823827,""mysql_deadlocks"":""0"",""mysql_wait_locks"":""0"",""mysql_current_locks"":""0"",""mysql_total_locks"":""1"",""mysql_lock_time_avg"":""31"",""mysql_lock_time_max"":""31"",""mysql_select_scans"":""2587"",""mysql_sort_scans"":""5512"",""mysql_join_scans"":""511"",""sys_load_avg"":5.94,""sys_memory_used"":1385.6328125,""sys_memory_used_buffers"":85.984375,""sys_memory_used_cache"":400.171875,""sys_memory_swap_used"":0,""sys_memory_swap_used_cache"":0,""fpm_listen_queue"":""0"",""fpm_listen_queue_length"":""128"",""fpm_total_processes"":""9"",""fpm_active_processes"":""4""}"
1471775009,"{""mysql_table_scans_pct"":0.047123029341623,""mysql_deadlocks"":""0"",""mysql_wait_locks"":""0"",""mysql_current_locks"":""0"",""mysql_total_locks"":""1"",""mysql_lock_time_avg"":""31"",""mysql_lock_time_max"":""31"",""mysql_select_scans"":""2666"",""mysql_sort_scans"":""5639"",""mysql_join_scans"":""532"",""sys_load_avg"":6.19,""sys_memory_used"":1400.453125,""sys_memory_used_buffers"":86.31640625,""sys_memory_used_cache"":403.43359375,""sys_memory_swap_used"":0,""sys_memory_swap_used_cache"":0,""fpm_listen_queue"":""3"",""fpm_listen_queue_length"":""128"",""fpm_total_processes"":""8"",""fpm_active_processes"":""8""}"
1471775014,"{""mysql_table_scans_pct"":0.047505720181643,""mysql_deadlocks"":""0"",""mysql_wait_locks"":""0"",""mysql_current_locks"":""5"",""mysql_total_locks"":""1"",""mysql_lock_time_avg"":""31"",""mysql_lock_time_max"":""31"",""mysql_select_scans"":""2751"",""mysql_sort_scans"":""5791"",""mysql_join_scans"":""549"",""sys_load_avg"":6.49,""sys_memory_used"":1393.765625,""sys_memory_used_buffers"":86.890625,""sys_memory_used_cache"":407.59765625,""sys_memory_swap_used"":0,""sys_memory_swap_used_cache"":0,""fpm_listen_queue"":""0"",""fpm_listen_queue_length"":""128"",""fpm_total_processes"":""8"",""fpm_active_processes"":""7""}"
1471775019,"{""mysql_table_scans_pct"":0.047894857736365,""mysql_deadlocks"":""0"",""mysql_wait_locks"":""0"",""mysql_current_locks"":""0"",""mysql_total_locks"":""1"",""mysql_lock_time_avg"":""31"",""mysql_lock_time_max"":""31"",""mysql_select_scans"":""2845"",""mysql_sort_scans"":""5942"",""mysql_join_scans"":""573"",""sys_load_avg"":6.69,""sys_memory_used"":1430.35546875,""sys_memory_used_buffers"":87.18359375,""sys_memory_used_cache"":411.0078125,""sys_memory_swap_used"":0,""sys_memory_swap_used_cache"":0,""fpm_listen_queue"":""3"",""fpm_listen_queue_length"":""128"",""fpm_total_processes"":""9"",""fpm_active_processes"":""9""}"
1471775024,"{""mysql_table_scans_pct"":0.048214423311065,""mysql_deadlocks"":""0"",""mysql_wait_locks"":""0"",""mysql_current_locks"":""1"",""mysql_total_locks"":""1"",""mysql_lock_time_avg"":""31"",""mysql_lock_time_max"":""31"",""mysql_select_scans"":""2928"",""mysql_sort_scans"":""6071"",""mysql_join_scans"":""595"",""sys_load_avg"":6.4,""sys_memory_used"":1441.375,""sys_memory_used_buffers"":87.453125,""sys_memory_used_cache"":414.8671875,""sys_memory_swap_used"":0,""sys_memory_swap_used_cache"":0,""fpm_listen_queue"":""0"",""fpm_listen_queue_length"":""128"",""fpm_total_processes"":""10"",""fpm_active_processes"":""8""}"
1471775029,"{""mysql_table_scans_pct"":0.048572081370529,""mysql_deadlocks"":""0"",""mysql_wait_locks"":""0"",""mysql_current_locks"":""1"",""mysql_total_locks"":""1"",""mysql_lock_time_avg"":""31"",""mysql_lock_time_max"":""31"",""mysql_select_scans"":""3012"",""mysql_sort_scans"":""6202"",""mysql_join_scans"":""624"",""sys_load_avg"":6.05,""sys_memory_used"":1420.640625,""sys_memory_used_buffers"":87.70703125,""sys_memory_used_cache"":418.17578125,""sys_memory_swap_used"":0,""sys_memory_swap_used_cache"":0,""fpm_listen_queue"":""0"",""fpm_listen_queue_length"":""128"",""fpm_total_processes"":""9"",""fpm_active_processes"":""8""}"
1471775035,"{""mysql_table_scans_pct"":0.048975792907403,""mysql_deadlocks"":""0"",""mysql_wait_locks"":""0"",""mysql_current_locks"":""1"",""mysql_total_locks"":""1"",""mysql_lock_time_avg"":""31"",""mysql_lock_time_max"":""31"",""mysql_select_scans"":""3105"",""mysql_sort_scans"":""6359"",""mysql_join_scans"":""647"",""sys_load_avg"":6.12,""sys_memory_used"":1453.9140625,""sys_memory_used_buffers"":88.0390625,""sys_memory_used_cache"":422.00390625,""sys_memory_swap_used"":0,""sys_memory_swap_used_cache"":0,""fpm_listen_queue"":""0"",""fpm_listen_queue_length"":""128"",""fpm_total_processes"":""10"",""fpm_active_processes"":""9""}"
1471775040,"{""mysql_table_scans_pct"":0.049302684824665,""mysql_deadlocks"":""0"",""mysql_wait_locks"":""0"",""mysql_current_locks"":""0"",""mysql_total_locks"":""1"",""mysql_lock_time_avg"":""31"",""mysql_lock_time_max"":""31"",""mysql_select_scans"":""3190"",""mysql_sort_scans"":""6487"",""mysql_join_scans"":""662"",""sys_load_avg"":5.63,""sys_memory_used"":1442.2578125,""sys_memory_used_buffers"":88.4296875,""sys_memory_used_cache"":424.890625,""sys_memory_swap_used"":0,""sys_memory_swap_used_cache"":0,""fpm_listen_queue"":""0"",""fpm_listen_queue_length"":""128"",""fpm_total_processes"":""8"",""fpm_active_processes"":""8""}"
1471775045,"{""mysql_table_scans_pct"":0.049610023312637,""mysql_deadlocks"":""0"",""mysql_wait_locks"":""0"",""mysql_current_locks"":""3"",""mysql_total_locks"":""1"",""mysql_lock_time_avg"":""31"",""mysql_lock_time_max"":""31"",""mysql_select_scans"":""3259"",""mysql_sort_scans"":""6602"",""mysql_join_scans"":""685"",""sys_load_avg"":5.98,""sys_memory_used"":1462.63671875,""sys_memory_used_buffers"":88.703125,""sys_memory_used_cache"":427.35546875,""sys_memory_swap_used"":0,""sys_memory_swap_used_cache"":0,""fpm_listen_queue"":""1"",""fpm_listen_queue_length"":""128"",""fpm_total_processes"":""9"",""fpm_active_processes"":""9""}"
1471775050,"{""mysql_table_scans_pct"":0.049913288521778,""mysql_deadlocks"":""0"",""mysql_wait_locks"":""0"",""mysql_current_locks"":""0"",""mysql_total_locks"":""1"",""mysql_lock_time_avg"":""31"",""mysql_lock_time_max"":""31"",""mysql_select_scans"":""3330"",""mysql_sort_scans"":""6714"",""mysql_join_scans"":""705"",""sys_load_avg"":6.38,""sys_memory_used"":1455.9453125,""sys_memory_used_buffers"":89.01953125,""sys_memory_used_cache"":429.76171875,""sys_memory_swap_used"":0,""sys_memory_swap_used_cache"":0,""fpm_listen_queue"":""0"",""fpm_listen_queue_length"":""128"",""fpm_total_processes"":""10"",""fpm_active_processes"":""9""}"
1471775055,"{""mysql_table_scans_pct"":0.05032898899771,""mysql_deadlocks"":""0"",""mysql_wait_locks"":""0"",""mysql_current_locks"":""0"",""mysql_total_locks"":""1"",""mysql_lock_time_avg"":""31"",""mysql_lock_time_max"":""31"",""mysql_select_scans"":""3415"",""mysql_sort_scans"":""6864"",""mysql_join_scans"":""736"",""sys_load_avg"":6.03,""sys_memory_used"":1434.3359375,""sys_memory_used_buffers"":89.4609375,""sys_memory_used_cache"":432.74609375,""sys_memory_swap_used"":0,""sys_memory_swap_used_cache"":0,""fpm_listen_queue"":""0"",""fpm_listen_queue_length"":""128"",""fpm_total_processes"":""8"",""fpm_active_processes"":""7""}"
1471775060,"{""mysql_table_scans_pct"":0.050687406179031,""mysql_deadlocks"":""0"",""mysql_wait_locks"":""0"",""mysql_current_locks"":""0"",""mysql_total_locks"":""1"",""mysql_lock_time_avg"":""31"",""mysql_lock_time_max"":""31"",""mysql_select_scans"":""3495"",""mysql_sort_scans"":""7004"",""mysql_join_scans"":""760"",""sys_load_avg"":6.19,""sys_memory_used"":1461.47265625,""sys_memory_used_buffers"":91.046875,""sys_memory_used_cache"":436.55078125,""sys_memory_swap_used"":0,""sys_memory_swap_used_cache"":0,""fpm_listen_queue"":""0"",""fpm_listen_queue_length"":""128"",""fpm_total_processes"":""7"",""fpm_active_processes"":""5""}"
1471775065,"{""mysql_table_scans_pct"":0.051080619623565,""mysql_deadlocks"":""0"",""mysql_wait_locks"":""0"",""mysql_current_locks"":""0"",""mysql_total_locks"":""1"",""mysql_lock_time_avg"":""31"",""mysql_lock_time_max"":""31"",""mysql_select_scans"":""3582"",""mysql_sort_scans"":""7142"",""mysql_join_scans"":""786"",""sys_load_avg"":6.25,""sys_memory_used"":1478.609375,""sys_memory_used_buffers"":91.34375,""sys_memory_used_cache"":440.6328125,""sys_memory_swap_used"":0,""sys_memory_swap_used_cache"":0,""fpm_listen_queue"":""0"",""fpm_listen_queue_length"":""128"",""fpm_total_processes"":""9"",""fpm_active_processes"":""7""}"
1471775070,"{""mysql_table_scans_pct"":0.051446917290435,""mysql_deadlocks"":""0"",""mysql_wait_locks"":""0"",""mysql_current_locks"":""0"",""mysql_total_locks"":""2"",""mysql_lock_time_avg"":""18"",""mysql_lock_time_max"":""31"",""mysql_select_scans"":""3667"",""mysql_sort_scans"":""7283"",""mysql_join_scans"":""815"",""sys_load_avg"":6.31,""sys_memory_used"":1458.71484375,""sys_memory_used_buffers"":91.53515625,""sys_memory_used_cache"":443.0625,""sys_memory_swap_used"":0,""sys_memory_swap_used_cache"":0,""fpm_listen_queue"":""0"",""fpm_listen_queue_length"":""128"",""fpm_total_processes"":""8"",""fpm_active_processes"":""5""}"
1471775075,"{""mysql_table_scans_pct"":0.051828744069338,""mysql_deadlocks"":""0"",""mysql_wait_locks"":""0"",""mysql_current_locks"":""0"",""mysql_total_locks"":""2"",""mysql_lock_time_avg"":""18"",""mysql_lock_time_max"":""31"",""mysql_select_scans"":""3752"",""mysql_sort_scans"":""7434"",""mysql_join_scans"":""837"",""sys_load_avg"":6.45,""sys_memory_used"":1491.4453125,""sys_memory_used_buffers"":91.8515625,""sys_memory_used_cache"":446.78125,""sys_memory_swap_used"":0,""sys_memory_swap_used_cache"":0,""fpm_listen_queue"":""0"",""fpm_listen_queue_length"":""128"",""fpm_total_processes"":""8"",""fpm_active_processes"":""8""}"
1471775080,"{""mysql_table_scans_pct"":0.052248564859461,""mysql_deadlocks"":""0"",""mysql_wait_locks"":""0"",""mysql_current_locks"":""0"",""mysql_total_locks"":""2"",""mysql_lock_time_avg"":""18"",""mysql_lock_time_max"":""31"",""mysql_select_scans"":""3855"",""mysql_sort_scans"":""7607"",""mysql_join_scans"":""863"",""sys_load_avg"":6.41,""sys_memory_used"":1505.796875,""sys_memory_used_buffers"":92.2734375,""sys_memory_used_cache"":450.359375,""sys_memory_swap_used"":0,""sys_memory_swap_used_cache"":0,""fpm_listen_queue"":""0"",""fpm_listen_queue_length"":""128"",""fpm_total_processes"":""10"",""fpm_active_processes"":""7""}"
1471775085,"{""mysql_table_scans_pct"":0.052677697579739,""mysql_deadlocks"":""0"",""mysql_wait_locks"":""0"",""mysql_current_locks"":""1"",""mysql_total_locks"":""2"",""mysql_lock_time_avg"":""18"",""mysql_lock_time_max"":""31"",""mysql_select_scans"":""3942"",""mysql_sort_scans"":""7766"",""mysql_join_scans"":""891"",""sys_load_avg"":6.3,""sys_memory_used"":1518.0078125,""sys_memory_used_buffers"":92.765625,""sys_memory_used_cache"":453.46484375,""sys_memory_swap_used"":0,""sys_memory_swap_used_cache"":0,""fpm_listen_queue"":""0"",""fpm_listen_queue_length"":""128"",""fpm_total_processes"":""10"",""fpm_active_processes"":""5""}"
1471775091,"{""mysql_table_scans_pct"":0.053122535630339,""mysql_deadlocks"":""0"",""mysql_wait_locks"":""0"",""mysql_current_locks"":""0"",""mysql_total_locks"":""2"",""mysql_lock_time_avg"":""18"",""mysql_lock_time_max"":""31"",""mysql_select_scans"":""4041"",""mysql_sort_scans"":""7934"",""mysql_join_scans"":""908"",""sys_load_avg"":6.52,""sys_memory_used"":1527.1640625,""sys_memory_used_buffers"":93.2734375,""sys_memory_used_cache"":457.94140625,""sys_memory_swap_used"":0,""sys_memory_swap_used_cache"":0,""fpm_listen_queue"":""0"",""fpm_listen_queue_length"":""128"",""fpm_total_processes"":""9"",""fpm_active_processes"":""9""}"
1471775096,"{""mysql_table_scans_pct"":0.053499723695486,""mysql_deadlocks"":""0"",""mysql_wait_locks"":""0"",""mysql_current_locks"":""0"",""mysql_total_locks"":""2"",""mysql_lock_time_avg"":""18"",""mysql_lock_time_max"":""31"",""mysql_select_scans"":""4121"",""mysql_sort_scans"":""8074"",""mysql_join_scans"":""931"",""sys_load_avg"":6.15,""sys_memory_used"":1517.4296875,""sys_memory_used_buffers"":94.01953125,""sys_memory_used_cache"":461.171875,""sys_memory_swap_used"":0,""sys_memory_swap_used_cache"":0,""fpm_listen_queue"":""0"",""fpm_listen_queue_length"":""128"",""fpm_total_processes"":""9"",""fpm_active_processes"":""9""}"
1471775101,"{""mysql_table_scans_pct"":0.053965468073671,""mysql_deadlocks"":""0"",""mysql_wait_locks"":""0"",""mysql_current_locks"":""0"",""mysql_total_locks"":""2"",""mysql_lock_time_avg"":""18"",""mysql_lock_time_max"":""31"",""mysql_select_scans"":""4223"",""mysql_sort_scans"":""8262"",""mysql_join_scans"":""959"",""sys_load_avg"":6.38,""sys_memory_used"":1538.265625,""sys_memory_used_buffers"":94.44921875,""sys_memory_used_cache"":464.50390625,""sys_memory_swap_used"":0,""sys_memory_swap_used_cache"":0,""fpm_listen_queue"":""0"",""fpm_listen_queue_length"":""128"",""fpm_total_processes"":""9"",""fpm_active_processes"":""9""}"
1471775106,"{""mysql_table_scans_pct"":0.054121598075859,""mysql_deadlocks"":""0"",""mysql_wait_locks"":""0"",""mysql_current_locks"":""0"",""mysql_total_locks"":""2"",""mysql_lock_time_avg"":""18"",""mysql_lock_time_max"":""31"",""mysql_select_scans"":""4246"",""mysql_sort_scans"":""8304"",""mysql_join_scans"":""967"",""sys_load_avg"":6.75,""sys_memory_used"":1570.1171875,""sys_memory_used_buffers"":94.609375,""sys_memory_used_cache"":465.23046875,""sys_memory_swap_used"":0,""sys_memory_swap_used_cache"":0,""fpm_listen_queue"":""0"",""fpm_listen_queue_length"":""128"",""fpm_total_processes"":""13"",""fpm_active_processes"":""11""}"
1471775111,"{""mysql_table_scans_pct"":0.054449225556384,""mysql_deadlocks"":""0"",""mysql_wait_locks"":""0"",""mysql_current_locks"":""0"",""mysql_total_locks"":""2"",""mysql_lock_time_avg"":""18"",""mysql_lock_time_max"":""31"",""mysql_select_scans"":""4323"",""mysql_sort_scans"":""8437"",""mysql_join_scans"":""985"",""sys_load_avg"":6.85,""sys_memory_used"":1559.81640625,""sys_memory_used_buffers"":94.8515625,""sys_memory_used_cache"":468.98046875,""sys_memory_swap_used"":0,""sys_memory_swap_used_cache"":0,""fpm_listen_queue"":""1"",""fpm_listen_queue_length"":""128"",""fpm_total_processes"":""10"",""fpm_active_processes"":""10""}"
1471775116,"{""mysql_table_scans_pct"":0.054850243773411,""mysql_deadlocks"":""0"",""mysql_wait_locks"":""0"",""mysql_current_locks"":""0"",""mysql_total_locks"":""2"",""mysql_lock_time_avg"":""18"",""mysql_lock_time_max"":""31"",""mysql_select_scans"":""4415"",""mysql_sort_scans"":""8601"",""mysql_join_scans"":""1013"",""sys_load_avg"":6.7,""sys_memory_used"":1519.75,""sys_memory_used_buffers"":95.28125,""sys_memory_used_cache"":472.4140625,""sys_memory_swap_used"":0,""sys_memory_swap_used_cache"":0,""fpm_listen_queue"":""0"",""fpm_listen_queue_length"":""128"",""fpm_total_processes"":""8"",""fpm_active_processes"":""7""}"
1471775122,"{""mysql_table_scans_pct"":0.055246822953102,""mysql_deadlocks"":""0"",""mysql_wait_locks"":""0"",""mysql_current_locks"":""0"",""mysql_total_locks"":""2"",""mysql_lock_time_avg"":""18"",""mysql_lock_time_max"":""31"",""mysql_select_scans"":""4502"",""mysql_sort_scans"":""8744"",""mysql_join_scans"":""1033"",""sys_load_avg"":6.57,""sys_memory_used"":1536.6953125,""sys_memory_used_buffers"":95.69140625,""sys_memory_used_cache"":475.78515625,""sys_memory_swap_used"":0,""sys_memory_swap_used_cache"":0,""fpm_listen_queue"":""0"",""fpm_listen_queue_length"":""128"",""fpm_total_processes"":""8"",""fpm_active_processes"":""8""}"
1471775127,"{""mysql_table_scans_pct"":0.055651507580919,""mysql_deadlocks"":""0"",""mysql_wait_locks"":""0"",""mysql_current_locks"":""0"",""mysql_total_locks"":""2"",""mysql_lock_time_avg"":""18"",""mysql_lock_time_max"":""31"",""mysql_select_scans"":""4585"",""mysql_sort_scans"":""8896"",""mysql_join_scans"":""1058"",""sys_load_avg"":6.68,""sys_memory_used"":1526.375,""sys_memory_used_buffers"":96.03515625,""sys_memory_used_cache"":479.4609375,""sys_memory_swap_used"":0,""sys_memory_swap_used_cache"":0,""fpm_listen_queue"":""0"",""fpm_listen_queue_length"":""128"",""fpm_total_processes"":""8"",""fpm_active_processes"":""4""}"
1471775132,"{""mysql_table_scans_pct"":0.055982986808154,""mysql_deadlocks"":""0"",""mysql_wait_locks"":""0"",""mysql_current_locks"":""0"",""mysql_total_locks"":""2"",""mysql_lock_time_avg"":""18"",""mysql_lock_time_max"":""31"",""mysql_select_scans"":""4670"",""mysql_sort_scans"":""9035"",""mysql_join_scans"":""1077"",""sys_load_avg"":6.47,""sys_memory_used"":1536.9296875,""sys_memory_used_buffers"":96.41796875,""sys_memory_used_cache"":482.234375,""sys_memory_swap_used"":0,""sys_memory_swap_used_cache"":0,""fpm_listen_queue"":""0"",""fpm_listen_queue_length"":""128"",""fpm_total_processes"":""8"",""fpm_active_processes"":""3""}"
1471775137,"{""mysql_table_scans_pct"":0.056436405525312,""mysql_deadlocks"":""0"",""mysql_wait_locks"":""0"",""mysql_current_locks"":""0"",""mysql_total_locks"":""2"",""mysql_lock_time_avg"":""18"",""mysql_lock_time_max"":""31"",""mysql_select_scans"":""4755"",""mysql_sort_scans"":""9206"",""mysql_join_scans"":""1113"",""sys_load_avg"":6.51,""sys_memory_used"":1576.79296875,""sys_memory_used_buffers"":96.80078125,""sys_memory_used_cache"":485.3984375,""sys_memory_swap_used"":0,""sys_memory_swap_used_cache"":0,""fpm_listen_queue"":""0"",""fpm_listen_queue_length"":""128"",""fpm_total_processes"":""10"",""fpm_active_processes"":""10""}"
1471775142,"{""mysql_table_scans_pct"":0.056709224021626,""mysql_deadlocks"":""0"",""mysql_wait_locks"":""0"",""mysql_current_locks"":""0"",""mysql_total_locks"":""2"",""mysql_lock_time_avg"":""18"",""mysql_lock_time_max"":""31"",""mysql_select_scans"":""4831"",""mysql_sort_scans"":""9325"",""mysql_join_scans"":""1127"",""sys_load_avg"":6.55,""sys_memory_used"":1537.90625,""sys_memory_used_buffers"":97.22265625,""sys_memory_used_cache"":488.3828125,""sys_memory_swap_used"":0,""sys_memory_swap_used_cache"":0,""fpm_listen_queue"":""3"",""fpm_listen_queue_length"":""128"",""fpm_total_processes"":""6"",""fpm_active_processes"":""6""}"
1471775147,"{""mysql_table_scans_pct"":0.057004307847476,""mysql_deadlocks"":""0"",""mysql_wait_locks"":""0"",""mysql_current_locks"":""0"",""mysql_total_locks"":""2"",""mysql_lock_time_avg"":""18"",""mysql_lock_time_max"":""31"",""mysql_select_scans"":""4919"",""mysql_sort_scans"":""9465"",""mysql_join_scans"":""1147"",""sys_load_avg"":6.5,""sys_memory_used"":1569.9140625,""sys_memory_used_buffers"":97.57421875,""sys_memory_used_cache"":491.5,""sys_memory_swap_used"":0,""sys_memory_swap_used_cache"":0,""fpm_listen_queue"":""0"",""fpm_listen_queue_length"":""128"",""fpm_total_processes"":""10"",""fpm_active_processes"":""8""}"
1471775152,"{""mysql_table_scans_pct"":0.057400689313423,""mysql_deadlocks"":""0"",""mysql_wait_locks"":""0"",""mysql_current_locks"":""0"",""mysql_total_locks"":""2"",""mysql_lock_time_avg"":""18"",""mysql_lock_time_max"":""31"",""mysql_select_scans"":""5001"",""mysql_sort_scans"":""9608"",""mysql_join_scans"":""1164"",""sys_load_avg"":5.98,""sys_memory_used"":1573.765625,""sys_memory_used_buffers"":98.02734375,""sys_memory_used_cache"":495.29296875,""sys_memory_swap_used"":0,""sys_memory_swap_used_cache"":0,""fpm_listen_queue"":""0"",""fpm_listen_queue_length"":""128"",""fpm_total_processes"":""9"",""fpm_active_processes"":""2""}"
1471775157,"{""mysql_table_scans_pct"":0.057773895038471,""mysql_deadlocks"":""0"",""mysql_wait_locks"":""0"",""mysql_current_locks"":""0"",""mysql_total_locks"":""2"",""mysql_lock_time_avg"":""18"",""mysql_lock_time_max"":""31"",""mysql_select_scans"":""5084"",""mysql_sort_scans"":""9761"",""mysql_join_scans"":""1193"",""sys_load_avg"":6.07,""sys_memory_used"":1576.4921875,""sys_memory_used_buffers"":98.5,""sys_memory_used_cache"":498.50390625,""sys_memory_swap_used"":0,""sys_memory_swap_used_cache"":0,""fpm_listen_queue"":""0"",""fpm_listen_queue_length"":""128"",""fpm_total_processes"":""10"",""fpm_active_processes"":""9""}"
1471775162,"{""mysql_table_scans_pct"":0.058070851852961,""mysql_deadlocks"":""0"",""mysql_wait_locks"":""0"",""mysql_current_locks"":""0"",""mysql_total_locks"":""2"",""mysql_lock_time_avg"":""18"",""mysql_lock_time_max"":""31"",""mysql_select_scans"":""5164"",""mysql_sort_scans"":""9893"",""mysql_join_scans"":""1213"",""sys_load_avg"":6.14,""sys_memory_used"":1589.58984375,""sys_memory_used_buffers"":98.83203125,""sys_memory_used_cache"":502.19921875,""sys_memory_swap_used"":0,""sys_memory_swap_used_cache"":0,""fpm_listen_queue"":""2"",""fpm_listen_queue_length"":""128"",""fpm_total_processes"":""8"",""fpm_active_processes"":""8""}"
1471775167,"{""mysql_table_scans_pct"":0.058350123828566,""mysql_deadlocks"":""0"",""mysql_wait_locks"":""0"",""mysql_current_locks"":""0"",""mysql_total_locks"":""2"",""mysql_lock_time_avg"":""18"",""mysql_lock_time_max"":""31"",""mysql_select_scans"":""5233"",""mysql_sort_scans"":""10004"",""mysql_join_scans"":""1233"",""sys_load_avg"":6.29,""sys_memory_used"":1593.3984375,""sys_memory_used_buffers"":99.01171875,""sys_memory_used_cache"":505.18359375,""sys_memory_swap_used"":0,""sys_memory_swap_used_cache"":0,""fpm_listen_queue"":""0"",""fpm_listen_queue_length"":""128"",""fpm_total_processes"":""9"",""fpm_active_processes"":""9""}"
1471775173,"{""mysql_table_scans_pct"":0.058704828790903,""mysql_deadlocks"":""0"",""mysql_wait_locks"":""0"",""mysql_current_locks"":""0"",""mysql_total_locks"":""2"",""mysql_lock_time_avg"":""18"",""mysql_lock_time_max"":""31"",""mysql_select_scans"":""5314"",""mysql_sort_scans"":""10152"",""mysql_join_scans"":""1260"",""sys_load_avg"":6.51,""sys_memory_used"":1618.453125,""sys_memory_used_buffers"":99.17578125,""sys_memory_used_cache"":508.0859375,""sys_memory_swap_used"":0,""sys_memory_swap_used_cache"":0,""fpm_listen_queue"":""1"",""fpm_listen_queue_length"":""128"",""fpm_total_processes"":""10"",""fpm_active_processes"":""6""}"
1471775178,"{""mysql_table_scans_pct"":0.059015849346413,""mysql_deadlocks"":""0"",""mysql_wait_locks"":""0"",""mysql_current_locks"":""0"",""mysql_total_locks"":""2"",""mysql_lock_time_avg"":""18"",""mysql_lock_time_max"":""31"",""mysql_select_scans"":""5390"",""mysql_sort_scans"":""10278"",""mysql_join_scans"":""1282"",""sys_load_avg"":6.63,""sys_memory_used"":1587.3359375,""sys_memory_used_buffers"":99.44921875,""sys_memory_used_cache"":511.6796875,""sys_memory_swap_used"":0,""sys_memory_swap_used_cache"":0,""fpm_listen_queue"":""0"",""fpm_listen_queue_length"":""128"",""fpm_total_processes"":""9"",""fpm_active_processes"":""8""}"
1471775183,"{""mysql_table_scans_pct"":0.059245836556619,""mysql_deadlocks"":""0"",""mysql_wait_locks"":""0"",""mysql_current_locks"":""0"",""mysql_total_locks"":""2"",""mysql_lock_time_avg"":""18"",""mysql_lock_time_max"":""31"",""mysql_select_scans"":""5453"",""mysql_sort_scans"":""10375"",""mysql_join_scans"":""1296"",""sys_load_avg"":6.5,""sys_memory_used"":1618.5,""sys_memory_used_buffers"":99.73828125,""sys_memory_used_cache"":514.1484375,""sys_memory_swap_used"":0,""sys_memory_swap_used_cache"":0,""fpm_listen_queue"":""2"",""fpm_listen_queue_length"":""128"",""fpm_total_processes"":""9"",""fpm_active_processes"":""9""}"
1471775188,"{""mysql_table_scans_pct"":0.05952356595685,""mysql_deadlocks"":""0"",""mysql_wait_locks"":""0"",""mysql_current_locks"":""0"",""mysql_total_locks"":""2"",""mysql_lock_time_avg"":""18"",""mysql_lock_time_max"":""31"",""mysql_select_scans"":""5535"",""mysql_sort_scans"":""10500"",""mysql_join_scans"":""1320"",""sys_load_avg"":6.94,""sys_memory_used"":1623.83984375,""sys_memory_used_buffers"":100.09375,""sys_memory_used_cache"":516.84375,""sys_memory_swap_used"":0,""sys_memory_swap_used_cache"":0,""fpm_listen_queue"":""0"",""fpm_listen_queue_length"":""128"",""fpm_total_processes"":""10"",""fpm_active_processes"":""10""}"
1471775193,"{""mysql_table_scans_pct"":0.059940942358312,""mysql_deadlocks"":""0"",""mysql_wait_locks"":""0"",""mysql_current_locks"":""0"",""mysql_total_locks"":""2"",""mysql_lock_time_avg"":""18"",""mysql_lock_time_max"":""31"",""mysql_select_scans"":""5617"",""mysql_sort_scans"":""10662"",""mysql_join_scans"":""1345"",""sys_load_avg"":6.78,""sys_memory_used"":1618.140625,""sys_memory_used_buffers"":100.40234375,""sys_memory_used_cache"":520.95703125,""sys_memory_swap_used"":0,""sys_memory_swap_used_cache"":0,""fpm_listen_queue"":""0"",""fpm_listen_queue_length"":""128"",""fpm_total_processes"":""10"",""fpm_active_processes"":""9""}"
1471775198,"{""mysql_table_scans_pct"":0.060357511096745,""mysql_deadlocks"":""0"",""mysql_wait_locks"":""0"",""mysql_current_locks"":""0"",""mysql_total_locks"":""2"",""mysql_lock_time_avg"":""18"",""mysql_lock_time_max"":""31"",""mysql_select_scans"":""5715"",""mysql_sort_scans"":""10829"",""mysql_join_scans"":""1374"",""sys_load_avg"":6.88,""sys_memory_used"":1638.96484375,""sys_memory_used_buffers"":100.71484375,""sys_memory_used_cache"":524.1484375,""sys_memory_swap_used"":0,""sys_memory_swap_used_cache"":0,""fpm_listen_queue"":""0"",""fpm_listen_queue_length"":""128"",""fpm_total_processes"":""10"",""fpm_active_processes"":""8""}"
1471775203,"{""mysql_table_scans_pct"":0.060701342088548,""mysql_deadlocks"":""0"",""mysql_wait_locks"":""0"",""mysql_current_locks"":""0"",""mysql_total_locks"":""2"",""mysql_lock_time_avg"":""18"",""mysql_lock_time_max"":""31"",""mysql_select_scans"":""5792"",""mysql_sort_scans"":""10968"",""mysql_join_scans"":""1395"",""sys_load_avg"":6.73,""sys_memory_used"":1651.6953125,""sys_memory_used_buffers"":100.89453125,""sys_memory_used_cache"":528.37109375,""sys_memory_swap_used"":0,""sys_memory_swap_used_cache"":0,""fpm_listen_queue"":""3"",""fpm_listen_queue_length"":""128"",""fpm_total_processes"":""11"",""fpm_active_processes"":""11""}"
1471775208,"{""mysql_table_scans_pct"":0.061092735467867,""mysql_deadlocks"":""0"",""mysql_wait_locks"":""0"",""mysql_current_locks"":""0"",""mysql_total_locks"":""2"",""mysql_lock_time_avg"":""18"",""mysql_lock_time_max"":""31"",""mysql_select_scans"":""5889"",""mysql_sort_scans"":""11129"",""mysql_join_scans"":""1423"",""sys_load_avg"":6.43,""sys_memory_used"":1665.3984375,""sys_memory_used_buffers"":101.2421875,""sys_memory_used_cache"":531.640625,""sys_memory_swap_used"":0,""sys_memory_swap_used_cache"":0,""fpm_listen_queue"":""0"",""fpm_listen_queue_length"":""128"",""fpm_total_processes"":""10"",""fpm_active_processes"":""10""}"
1471775214,"{""mysql_table_scans_pct"":0.061385547780223,""mysql_deadlocks"":""0"",""mysql_wait_locks"":""0"",""mysql_current_locks"":""5"",""mysql_total_locks"":""2"",""mysql_lock_time_avg"":""18"",""mysql_lock_time_max"":""31"",""mysql_select_scans"":""5963"",""mysql_sort_scans"":""11256"",""mysql_join_scans"":""1444"",""sys_load_avg"":6.16,""sys_memory_used"":1623.421875,""sys_memory_used_buffers"":101.4609375,""sys_memory_used_cache"":534.63671875,""sys_memory_swap_used"":0,""sys_memory_swap_used_cache"":0,""fpm_listen_queue"":""0"",""fpm_listen_queue_length"":""128"",""fpm_total_processes"":""9"",""fpm_active_processes"":""8""}"
1471775219,"{""mysql_table_scans_pct"":0.061654942848946,""mysql_deadlocks"":""0"",""mysql_wait_locks"":""0"",""mysql_current_locks"":""1"",""mysql_total_locks"":""2"",""mysql_lock_time_avg"":""18"",""mysql_lock_time_max"":""31"",""mysql_select_scans"":""6043"",""mysql_sort_scans"":""11399"",""mysql_join_scans"":""1472"",""sys_load_avg"":5.82,""sys_memory_used"":1643.02734375,""sys_memory_used_buffers"":101.86328125,""sys_memory_used_cache"":537.88671875,""sys_memory_swap_used"":0,""sys_memory_swap_used_cache"":0,""fpm_listen_queue"":""0"",""fpm_listen_queue_length"":""128"",""fpm_total_processes"":""8"",""fpm_active_processes"":""8""}"
1471775224,"{""mysql_table_scans_pct"":0.061866990638704,""mysql_deadlocks"":""0"",""mysql_wait_locks"":""0"",""mysql_current_locks"":""0"",""mysql_total_locks"":""2"",""mysql_lock_time_avg"":""18"",""mysql_lock_time_max"":""31"",""mysql_select_scans"":""6095"",""mysql_sort_scans"":""11483"",""mysql_join_scans"":""1495"",""sys_load_avg"":5.76,""sys_memory_used"":1644.8359375,""sys_memory_used_buffers"":102.01171875,""sys_memory_used_cache"":540.34375,""sys_memory_swap_used"":0,""sys_memory_swap_used_cache"":0,""fpm_listen_queue"":""0"",""fpm_listen_queue_length"":""128"",""fpm_total_processes"":""9"",""fpm_active_processes"":""9""}"
1471775229,"{""mysql_table_scans_pct"":0.062201016239362,""mysql_deadlocks"":""0"",""mysql_wait_locks"":""0"",""mysql_current_locks"":""0"",""mysql_total_locks"":""2"",""mysql_lock_time_avg"":""18"",""mysql_lock_time_max"":""31"",""mysql_select_scans"":""6169"",""mysql_sort_scans"":""11617"",""mysql_join_scans"":""1521"",""sys_load_avg"":6.56,""sys_memory_used"":1674.171875,""sys_memory_used_buffers"":102.1875,""sys_memory_used_cache"":543.13671875,""sys_memory_swap_used"":0,""sys_memory_swap_used_cache"":0,""fpm_listen_queue"":""2"",""fpm_listen_queue_length"":""128"",""fpm_total_processes"":""10"",""fpm_active_processes"":""7""}"
1471775234,"{""mysql_table_scans_pct"":0.062494317021146,""mysql_deadlocks"":""0"",""mysql_wait_locks"":""0"",""mysql_current_locks"":""1"",""mysql_total_locks"":""2"",""mysql_lock_time_avg"":""18"",""mysql_lock_time_max"":""31"",""mysql_select_scans"":""6247"",""mysql_sort_scans"":""11752"",""mysql_join_scans"":""1543"",""sys_load_avg"":6.76,""sys_memory_used"":1662.125,""sys_memory_used_buffers"":102.359375,""sys_memory_used_cache"":546.69140625,""sys_memory_swap_used"":0,""sys_memory_swap_used_cache"":0,""fpm_listen_queue"":""0"",""fpm_listen_queue_length"":""128"",""fpm_total_processes"":""10"",""fpm_active_processes"":""8""}"
1471775239,"{""mysql_table_scans_pct"":0.062812718907635,""mysql_deadlocks"":""0"",""mysql_wait_locks"":""0"",""mysql_current_locks"":""0"",""mysql_total_locks"":""2"",""mysql_lock_time_avg"":""18"",""mysql_lock_time_max"":""31"",""mysql_select_scans"":""6333"",""mysql_sort_scans"":""11894"",""mysql_join_scans"":""1564"",""sys_load_avg"":7.1,""sys_memory_used"":1680.7578125,""sys_memory_used_buffers"":102.703125,""sys_memory_used_cache"":549.53515625,""sys_memory_swap_used"":0,""sys_memory_swap_used_cache"":0,""fpm_listen_queue"":""0"",""fpm_listen_queue_length"":""128"",""fpm_total_processes"":""11"",""fpm_active_processes"":""9""}"
1471775244,"{""mysql_table_scans_pct"":0.063107716219034,""mysql_deadlocks"":""0"",""mysql_wait_locks"":""0"",""mysql_current_locks"":""0"",""mysql_total_locks"":""2"",""mysql_lock_time_avg"":""18"",""mysql_lock_time_max"":""31"",""mysql_select_scans"":""6405"",""mysql_sort_scans"":""12022"",""mysql_join_scans"":""1592"",""sys_load_avg"":7.09,""sys_memory_used"":1694.0859375,""sys_memory_used_buffers"":102.86328125,""sys_memory_used_cache"":553.3984375,""sys_memory_swap_used"":0,""sys_memory_swap_used_cache"":0,""fpm_listen_queue"":""0"",""fpm_listen_queue_length"":""128"",""fpm_total_processes"":""11"",""fpm_active_processes"":""6""}"
1471775249,"{""mysql_table_scans_pct"":0.063519512088815,""mysql_deadlocks"":""0"",""mysql_wait_locks"":""0"",""mysql_current_locks"":""0"",""mysql_total_locks"":""2"",""mysql_lock_time_avg"":""18"",""mysql_lock_time_max"":""31"",""mysql_select_scans"":""6495"",""mysql_sort_scans"":""12187"",""mysql_join_scans"":""1615"",""sys_load_avg"":6.92,""sys_memory_used"":1677.0078125,""sys_memory_used_buffers"":103.09375,""sys_memory_used_cache"":557.18359375,""sys_memory_swap_used"":0,""sys_memory_swap_used_cache"":0,""fpm_listen_queue"":""3"",""fpm_listen_queue_length"":""128"",""fpm_total_processes"":""8"",""fpm_active_processes"":""6""}"
1471775254,"{""mysql_table_scans_pct"":0.063851535843328,""mysql_deadlocks"":""0"",""mysql_wait_locks"":""0"",""mysql_current_locks"":""0"",""mysql_total_locks"":""2"",""mysql_lock_time_avg"":""18"",""mysql_lock_time_max"":""31"",""mysql_select_scans"":""6574"",""mysql_sort_scans"":""12330"",""mysql_join_scans"":""1640"",""sys_load_avg"":7.01,""sys_memory_used"":1685.80078125,""sys_memory_used_buffers"":103.296875,""sys_memory_used_cache"":560.828125,""sys_memory_swap_used"":0,""sys_memory_swap_used_cache"":0,""fpm_listen_queue"":""0"",""fpm_listen_queue_length"":""128"",""fpm_total_processes"":""9"",""fpm_active_processes"":""9""}"
1471775259,"{""mysql_table_scans_pct"":0.064056743761015,""mysql_deadlocks"":""0"",""mysql_wait_locks"":""0"",""mysql_current_locks"":""1"",""mysql_total_locks"":""2"",""mysql_lock_time_avg"":""18"",""mysql_lock_time_max"":""31"",""mysql_select_scans"":""6653"",""mysql_sort_scans"":""12433"",""mysql_join_scans"":""1661"",""sys_load_avg"":6.77,""sys_memory_used"":1702.3203125,""sys_memory_used_buffers"":103.53125,""sys_memory_used_cache"":563.9453125,""sys_memory_swap_used"":0,""sys_memory_swap_used_cache"":0,""fpm_listen_queue"":""3"",""fpm_listen_queue_length"":""128"",""fpm_total_processes"":""9"",""fpm_active_processes"":""7""}"
1471775264,"{""mysql_table_scans_pct"":0.064295446700223,""mysql_deadlocks"":""0"",""mysql_wait_locks"":""0"",""mysql_current_locks"":""0"",""mysql_total_locks"":""2"",""mysql_lock_time_avg"":""18"",""mysql_lock_time_max"":""31"",""mysql_select_scans"":""6734"",""mysql_sort_scans"":""12555"",""mysql_join_scans"":""1686"",""sys_load_avg"":6.71,""sys_memory_used"":1693.41015625,""sys_memory_used_buffers"":103.8203125,""sys_memory_used_cache"":567.6015625,""sys_memory_swap_used"":0,""sys_memory_swap_used_cache"":0,""fpm_listen_queue"":""0"",""fpm_listen_queue_length"":""128"",""fpm_total_processes"":""9"",""fpm_active_processes"":""7""}"
1471775270,"{""mysql_table_scans_pct"":0.064629881393602,""mysql_deadlocks"":""0"",""mysql_wait_locks"":""0"",""mysql_current_locks"":""1"",""mysql_total_locks"":""2"",""mysql_lock_time_avg"":""18"",""mysql_lock_time_max"":""31"",""mysql_select_scans"":""6819"",""mysql_sort_scans"":""12700"",""mysql_join_scans"":""1710"",""sys_load_avg"":6.49,""sys_memory_used"":1711.09375,""sys_memory_used_buffers"":104.0390625,""sys_memory_used_cache"":571.03515625,""sys_memory_swap_used"":0,""sys_memory_swap_used_cache"":0,""fpm_listen_queue"":""1"",""fpm_listen_queue_length"":""128"",""fpm_total_processes"":""9"",""fpm_active_processes"":""5""}"
1471775275,"{""mysql_table_scans_pct"":0.065053912234485,""mysql_deadlocks"":""0"",""mysql_wait_locks"":""0"",""mysql_current_locks"":""0"",""mysql_total_locks"":""2"",""mysql_lock_time_avg"":""18"",""mysql_lock_time_max"":""31"",""mysql_select_scans"":""6914"",""mysql_sort_scans"":""12871"",""mysql_join_scans"":""1738"",""sys_load_avg"":6.61,""sys_memory_used"":1709.05078125,""sys_memory_used_buffers"":104.33203125,""sys_memory_used_cache"":574.23828125,""sys_memory_swap_used"":0,""sys_memory_swap_used_cache"":0,""fpm_listen_queue"":""0"",""fpm_listen_queue_length"":""128"",""fpm_total_processes"":""9"",""fpm_active_processes"":""8""}"
1471775280,"{""mysql_table_scans_pct"":0.065467113310338,""mysql_deadlocks"":""0"",""mysql_wait_locks"":""0"",""mysql_current_locks"":""0"",""mysql_total_locks"":""2"",""mysql_lock_time_avg"":""18"",""mysql_lock_time_max"":""31"",""mysql_select_scans"":""7003"",""mysql_sort_scans"":""13039"",""mysql_join_scans"":""1768"",""sys_load_avg"":6.56,""sys_memory_used"":1717.94921875,""sys_memory_used_buffers"":104.47265625,""sys_memory_used_cache"":578.3046875,""sys_memory_swap_used"":0,""sys_memory_swap_used_cache"":0,""fpm_listen_queue"":""0"",""fpm_listen_queue_length"":""128"",""fpm_total_processes"":""9"",""fpm_active_processes"":""9""}"
1471775285,"{""mysql_table_scans_pct"":0.065675023774397,""mysql_deadlocks"":""0"",""mysql_wait_locks"":""0"",""mysql_current_locks"":""0"",""mysql_total_locks"":""2"",""mysql_lock_time_avg"":""18"",""mysql_lock_time_max"":""31"",""mysql_select_scans"":""7060"",""mysql_sort_scans"":""13134"",""mysql_join_scans"":""1791"",""sys_load_avg"":6.2,""sys_memory_used"":1721.91796875,""sys_memory_used_buffers"":104.64453125,""sys_memory_used_cache"":580.7109375,""sys_memory_swap_used"":0,""sys_memory_swap_used_cache"":0,""fpm_listen_queue"":""0"",""fpm_listen_queue_length"":""128"",""fpm_total_processes"":""9"",""fpm_active_processes"":""5""}"
1471775290,"{""mysql_table_scans_pct"":0.065988796344827,""mysql_deadlocks"":""0"",""mysql_wait_locks"":""0"",""mysql_current_locks"":""0"",""mysql_total_locks"":""2"",""mysql_lock_time_avg"":""18"",""mysql_lock_time_max"":""31"",""mysql_select_scans"":""7143"",""mysql_sort_scans"":""13282"",""mysql_join_scans"":""1819"",""sys_load_avg"":6.26,""sys_memory_used"":1699.11328125,""sys_memory_used_buffers"":104.81640625,""sys_memory_used_cache"":583.30078125,""sys_memory_swap_used"":0,""sys_memory_swap_used_cache"":0,""fpm_listen_queue"":""0"",""fpm_listen_queue_length"":""128"",""fpm_total_processes"":""8"",""fpm_active_processes"":""7""}"
1471775295,"{""mysql_table_scans_pct"":0.066263125626478,""mysql_deadlocks"":""0"",""mysql_wait_locks"":""0"",""mysql_current_locks"":""1"",""mysql_total_locks"":""2"",""mysql_lock_time_avg"":""18"",""mysql_lock_time_max"":""31"",""mysql_select_scans"":""7214"",""mysql_sort_scans"":""13401"",""mysql_join_scans"":""1841"",""sys_load_avg"":5.92,""sys_memory_used"":1718.21875,""sys_memory_used_buffers"":105.15234375,""sys_memory_used_cache"":586.421875,""sys_memory_swap_used"":0,""sys_memory_swap_used_cache"":0,""fpm_listen_queue"":""0"",""fpm_listen_queue_length"":""128"",""fpm_total_processes"":""8"",""fpm_active_processes"":""7""}"
1471775300,"{""mysql_table_scans_pct"":0.066626120601665,""mysql_deadlocks"":""0"",""mysql_wait_locks"":""0"",""mysql_current_locks"":""0"",""mysql_total_locks"":""2"",""mysql_lock_time_avg"":""18"",""mysql_lock_time_max"":""31"",""mysql_select_scans"":""7296"",""mysql_sort_scans"":""13542"",""mysql_join_scans"":""1863"",""sys_load_avg"":6.33,""sys_memory_used"":1737.7890625,""sys_memory_used_buffers"":105.34375,""sys_memory_used_cache"":590.23046875,""sys_memory_swap_used"":0,""sys_memory_swap_used_cache"":0,""fpm_listen_queue"":""0"",""fpm_listen_queue_length"":""128"",""fpm_total_processes"":""9"",""fpm_active_processes"":""9""}"
1471775305,"{""mysql_table_scans_pct"":0.066877678825504,""mysql_deadlocks"":""0"",""mysql_wait_locks"":""0"",""mysql_current_locks"":""0"",""mysql_total_locks"":""2"",""mysql_lock_time_avg"":""18"",""mysql_lock_time_max"":""31"",""mysql_select_scans"":""7375"",""mysql_sort_scans"":""13666"",""mysql_join_scans"":""1883"",""sys_load_avg"":5.9,""sys_memory_used"":1740.69140625,""sys_memory_used_buffers"":105.6640625,""sys_memory_used_cache"":593.89453125,""sys_memory_swap_used"":0,""sys_memory_swap_used_cache"":0,""fpm_listen_queue"":""2"",""fpm_listen_queue_length"":""128"",""fpm_total_processes"":""8"",""fpm_active_processes"":""7""}"
1471775310,"{""mysql_table_scans_pct"":0.067180455265007,""mysql_deadlocks"":""0"",""mysql_wait_locks"":""0"",""mysql_current_locks"":""0"",""mysql_total_locks"":""2"",""mysql_lock_time_avg"":""18"",""mysql_lock_time_max"":""31"",""mysql_select_scans"":""7458"",""mysql_sort_scans"":""13802"",""mysql_join_scans"":""1901"",""sys_load_avg"":5.75,""sys_memory_used"":1736.28125,""sys_memory_used_buffers"":106.046875,""sys_memory_used_cache"":597.4765625,""sys_memory_swap_used"":0,""sys_memory_swap_used_cache"":0,""fpm_listen_queue"":""0"",""fpm_listen_queue_length"":""128"",""fpm_total_processes"":""8"",""fpm_active_processes"":""8""}"
1471775315,"{""mysql_table_scans_pct"":0.067507536536009,""mysql_deadlocks"":""0"",""mysql_wait_locks"":""0"",""mysql_current_locks"":""0"",""mysql_total_locks"":""3"",""mysql_lock_time_avg"":""13"",""mysql_lock_time_max"":""31"",""mysql_select_scans"":""7540"",""mysql_sort_scans"":""13942"",""mysql_join_scans"":""1931"",""sys_load_avg"":5.37,""sys_memory_used"":1760.96875,""sys_memory_used_buffers"":106.6015625,""sys_memory_used_cache"":600.59375,""sys_memory_swap_used"":0,""sys_memory_swap_used_cache"":0,""fpm_listen_queue"":""1"",""fpm_listen_queue_length"":""128"",""fpm_total_processes"":""9"",""fpm_active_processes"":""9""}"
1471775321,"{""mysql_table_scans_pct"":0.067808560074041,""mysql_deadlocks"":""0"",""mysql_wait_locks"":""0"",""mysql_current_locks"":""3"",""mysql_total_locks"":""3"",""mysql_lock_time_avg"":""13"",""mysql_lock_time_max"":""31"",""mysql_select_scans"":""7620"",""mysql_sort_scans"":""14072"",""mysql_join_scans"":""1951"",""sys_load_avg"":5.42,""sys_memory_used"":1774.84375,""sys_memory_used_buffers"":106.8828125,""sys_memory_used_cache"":603.51171875,""sys_memory_swap_used"":0,""sys_memory_swap_used_cache"":0,""fpm_listen_queue"":""0"",""fpm_listen_queue_length"":""128"",""fpm_total_processes"":""10"",""fpm_active_processes"":""9""}"
1471775326,"{""mysql_table_scans_pct"":0.068147932914729,""mysql_deadlocks"":""0"",""mysql_wait_locks"":""0"",""mysql_current_locks"":""0"",""mysql_total_locks"":""3"",""mysql_lock_time_avg"":""13"",""mysql_lock_time_max"":""31"",""mysql_select_scans"":""7718"",""mysql_sort_scans"":""14223"",""mysql_join_scans"":""1974"",""sys_load_avg"":5.54,""sys_memory_used"":1768.89453125,""sys_memory_used_buffers"":107.30078125,""sys_memory_used_cache"":607.0625,""sys_memory_swap_used"":0,""sys_memory_swap_used_cache"":0,""fpm_listen_queue"":""0"",""fpm_listen_queue_length"":""128"",""fpm_total_processes"":""8"",""fpm_active_processes"":""7""}"
1471775331,"{""mysql_table_scans_pct"":0.068486158464055,""mysql_deadlocks"":""0"",""mysql_wait_locks"":""0"",""mysql_current_locks"":""0"",""mysql_total_locks"":""3"",""mysql_lock_time_avg"":""13"",""mysql_lock_time_max"":""31"",""mysql_select_scans"":""7808"",""mysql_sort_scans"":""14380"",""mysql_join_scans"":""1999"",""sys_load_avg"":5.58,""sys_memory_used"":1760.8515625,""sys_memory_used_buffers"":107.69140625,""sys_memory_used_cache"":610.81640625,""sys_memory_swap_used"":0,""sys_memory_swap_used_cache"":0,""fpm_listen_queue"":""0"",""fpm_listen_queue_length"":""128"",""fpm_total_processes"":""8"",""fpm_active_processes"":""5""}"
1471775336,"{""mysql_table_scans_pct"":0.068746156073483,""mysql_deadlocks"":""0"",""mysql_wait_locks"":""0"",""mysql_current_locks"":""0"",""mysql_total_locks"":""4"",""mysql_lock_time_avg"":""15"",""mysql_lock_time_max"":""31"",""mysql_select_scans"":""7873"",""mysql_sort_scans"":""14493"",""mysql_join_scans"":""2022"",""sys_load_avg"":5.61,""sys_memory_used"":1749.27734375,""sys_memory_used_buffers"":108.015625,""sys_memory_used_cache"":613.10546875,""sys_memory_swap_used"":0,""sys_memory_swap_used_cache"":0,""fpm_listen_queue"":""0"",""fpm_listen_queue_length"":""128"",""fpm_total_processes"":""7"",""fpm_active_processes"":""7""}"
1471775341,"{""mysql_table_scans_pct"":0.069060299318513,""mysql_deadlocks"":""0"",""mysql_wait_locks"":""0"",""mysql_current_locks"":""0"",""mysql_total_locks"":""4"",""mysql_lock_time_avg"":""15"",""mysql_lock_time_max"":""31"",""mysql_select_scans"":""7954"",""mysql_sort_scans"":""14636"",""mysql_join_scans"":""2048"",""sys_load_avg"":5.33,""sys_memory_used"":1791.15625,""sys_memory_used_buffers"":108.3828125,""sys_memory_used_cache"":616.2265625,""sys_memory_swap_used"":0,""sys_memory_swap_used_cache"":0,""fpm_listen_queue"":""0"",""fpm_listen_queue_length"":""128"",""fpm_total_processes"":""9"",""fpm_active_processes"":""6""}"
1471775346,"{""mysql_table_scans_pct"":0.069278782206594,""mysql_deadlocks"":""0"",""mysql_wait_locks"":""0"",""mysql_current_locks"":""0"",""mysql_total_locks"":""4"",""mysql_lock_time_avg"":""15"",""mysql_lock_time_max"":""31"",""mysql_select_scans"":""8009"",""mysql_sort_scans"":""14737"",""mysql_join_scans"":""2066"",""sys_load_avg"":5.22,""sys_memory_used"":1793.34765625,""sys_memory_used_buffers"":108.6640625,""sys_memory_used_cache"":618.98828125,""sys_memory_swap_used"":0,""sys_memory_swap_used_cache"":0,""fpm_listen_queue"":""0"",""fpm_listen_queue_length"":""128"",""fpm_total_processes"":""11"",""fpm_active_processes"":""6""}"
1471775351,"{""mysql_table_scans_pct"":0.069520347366133,""mysql_deadlocks"":""0"",""mysql_wait_locks"":""0"",""mysql_current_locks"":""0"",""mysql_total_locks"":""4"",""mysql_lock_time_avg"":""15"",""mysql_lock_time_max"":""31"",""mysql_select_scans"":""8082"",""mysql_sort_scans"":""14854"",""mysql_join_scans"":""2088"",""sys_load_avg"":5.12,""sys_memory_used"":1786.421875,""sys_memory_used_buffers"":108.9609375,""sys_memory_used_cache"":621.50390625,""sys_memory_swap_used"":0,""sys_memory_swap_used_cache"":0,""fpm_listen_queue"":""0"",""fpm_listen_queue_length"":""128"",""fpm_total_processes"":""10"",""fpm_active_processes"":""8""}"
1471775356,"{""mysql_table_scans_pct"":0.069873844156184,""mysql_deadlocks"":""0"",""mysql_wait_locks"":""0"",""mysql_current_locks"":""0"",""mysql_total_locks"":""4"",""mysql_lock_time_avg"":""15"",""mysql_lock_time_max"":""31"",""mysql_select_scans"":""8163"",""mysql_sort_scans"":""15007"",""mysql_join_scans"":""2120"",""sys_load_avg"":5.27,""sys_memory_used"":1807.71484375,""sys_memory_used_buffers"":109.328125,""sys_memory_used_cache"":624.375,""sys_memory_swap_used"":0,""sys_memory_swap_used_cache"":0,""fpm_listen_queue"":""0"",""fpm_listen_queue_length"":""128"",""fpm_total_processes"":""10"",""fpm_active_processes"":""8""}"
1471775361,"{""mysql_table_scans_pct"":0.070207648101311,""mysql_deadlocks"":""0"",""mysql_wait_locks"":""0"",""mysql_current_locks"":""2"",""mysql_total_locks"":""4"",""mysql_lock_time_avg"":""15"",""mysql_lock_time_max"":""31"",""mysql_select_scans"":""8246"",""mysql_sort_scans"":""15160"",""mysql_join_scans"":""2142"",""sys_load_avg"":4.85,""sys_memory_used"":1818,""sys_memory_used_buffers"":109.93359375,""sys_memory_used_cache"":628.26171875,""sys_memory_swap_used"":0,""sys_memory_swap_used_cache"":0,""fpm_listen_queue"":""0"",""fpm_listen_queue_length"":""128"",""fpm_total_processes"":""9"",""fpm_active_processes"":""9""}"
1471775366,"{""mysql_table_scans_pct"":0.070476147848487,""mysql_deadlocks"":""0"",""mysql_wait_locks"":""0"",""mysql_current_locks"":""0"",""mysql_total_locks"":""5"",""mysql_lock_time_avg"":""14"",""mysql_lock_time_max"":""31"",""mysql_select_scans"":""8335"",""mysql_sort_scans"":""15308"",""mysql_join_scans"":""2171"",""sys_load_avg"":4.86,""sys_memory_used"":1813.4375,""sys_memory_used_buffers"":110.09375,""sys_memory_used_cache"":632.1953125,""sys_memory_swap_used"":0,""sys_memory_swap_used_cache"":0,""fpm_listen_queue"":""5"",""fpm_listen_queue_length"":""128"",""fpm_total_processes"":""7"",""fpm_active_processes"":""5""}"
1471775371,"{""mysql_table_scans_pct"":0.070810679220387,""mysql_deadlocks"":""0"",""mysql_wait_locks"":""0"",""mysql_current_locks"":""0"",""mysql_total_locks"":""5"",""mysql_lock_time_avg"":""14"",""mysql_lock_time_max"":""31"",""mysql_select_scans"":""8414"",""mysql_sort_scans"":""15447"",""mysql_join_scans"":""2193"",""sys_load_avg"":4.79,""sys_memory_used"":1822.03125,""sys_memory_used_buffers"":110.2578125,""sys_memory_used_cache"":636.01953125,""sys_memory_swap_used"":0,""sys_memory_swap_used_cache"":0,""fpm_listen_queue"":""1"",""fpm_listen_queue_length"":""128"",""fpm_total_processes"":""8"",""fpm_active_processes"":""8""}"
1471775377,"{""mysql_table_scans_pct"":0.071032875757267,""mysql_deadlocks"":""0"",""mysql_wait_locks"":""0"",""mysql_current_locks"":""0"",""mysql_total_locks"":""5"",""mysql_lock_time_avg"":""14"",""mysql_lock_time_max"":""31"",""mysql_select_scans"":""8484"",""mysql_sort_scans"":""15565"",""mysql_join_scans"":""2216"",""sys_load_avg"":4.89,""sys_memory_used"":1844.60546875,""sys_memory_used_buffers"":110.53515625,""sys_memory_used_cache"":639.47265625,""sys_memory_swap_used"":0,""sys_memory_swap_used_cache"":0,""fpm_listen_queue"":""0"",""fpm_listen_queue_length"":""128"",""fpm_total_processes"":""10"",""fpm_active_processes"":""10""}"
1471775382,"{""mysql_table_scans_pct"":0.071308770998755,""mysql_deadlocks"":""0"",""mysql_wait_locks"":""0"",""mysql_current_locks"":""8"",""mysql_total_locks"":""5"",""mysql_lock_time_avg"":""14"",""mysql_lock_time_max"":""31"",""mysql_select_scans"":""8557"",""mysql_sort_scans"":""15691"",""mysql_join_scans"":""2238"",""sys_load_avg"":5.22,""sys_memory_used"":1835.671875,""sys_memory_used_buffers"":110.7890625,""sys_memory_used_cache"":643.38671875,""sys_memory_swap_used"":0,""sys_memory_swap_used_cache"":0,""fpm_listen_queue"":""0"",""fpm_listen_queue_length"":""128"",""fpm_total_processes"":""9"",""fpm_active_processes"":""9""}"
1471775387,"{""mysql_table_scans_pct"":0.071492518162361,""mysql_deadlocks"":""0"",""mysql_wait_locks"":""0"",""mysql_current_locks"":""1"",""mysql_total_locks"":""5"",""mysql_lock_time_avg"":""14"",""mysql_lock_time_max"":""31"",""mysql_select_scans"":""8634"",""mysql_sort_scans"":""15808"",""mysql_join_scans"":""2266"",""sys_load_avg"":4.96,""sys_memory_used"":1858.53125,""sys_memory_used_buffers"":111.03125,""sys_memory_used_cache"":645.8828125,""sys_memory_swap_used"":0,""sys_memory_swap_used_cache"":0,""fpm_listen_queue"":""0"",""fpm_listen_queue_length"":""128"",""fpm_total_processes"":""11"",""fpm_active_processes"":""9""}"
1471775392,"{""mysql_table_scans_pct"":0.071765568569709,""mysql_deadlocks"":""0"",""mysql_wait_locks"":""0"",""mysql_current_locks"":""0"",""mysql_total_locks"":""5"",""mysql_lock_time_avg"":""14"",""mysql_lock_time_max"":""31"",""mysql_select_scans"":""8726"",""mysql_sort_scans"":""15949"",""mysql_join_scans"":""2294"",""sys_load_avg"":5.12,""sys_memory_used"":1843.953125,""sys_memory_used_buffers"":111.203125,""sys_memory_used_cache"":649.640625,""sys_memory_swap_used"":0,""sys_memory_swap_used_cache"":0,""fpm_listen_queue"":""0"",""fpm_listen_queue_length"":""128"",""fpm_total_processes"":""10"",""fpm_active_processes"":""9""}"
1471775397,"{""mysql_table_scans_pct"":0.072103062821662,""mysql_deadlocks"":""0"",""mysql_wait_locks"":""0"",""mysql_current_locks"":""0"",""mysql_total_locks"":""5"",""mysql_lock_time_avg"":""14"",""mysql_lock_time_max"":""31"",""mysql_select_scans"":""8806"",""mysql_sort_scans"":""16102"",""mysql_join_scans"":""2319"",""sys_load_avg"":5.11,""sys_memory_used"":1846.04296875,""sys_memory_used_buffers"":111.4296875,""sys_memory_used_cache"":652.0078125,""sys_memory_swap_used"":0,""sys_memory_swap_used_cache"":0,""fpm_listen_queue"":""3"",""fpm_listen_queue_length"":""128"",""fpm_total_processes"":""8"",""fpm_active_processes"":""6""}"
1471775402,"{""mysql_table_scans_pct"":0.072388457721735,""mysql_deadlocks"":""0"",""mysql_wait_locks"":""0"",""mysql_current_locks"":""0"",""mysql_total_locks"":""5"",""mysql_lock_time_avg"":""14"",""mysql_lock_time_max"":""31"",""mysql_select_scans"":""8875"",""mysql_sort_scans"":""16234"",""mysql_join_scans"":""2345"",""sys_load_avg"":4.94,""sys_memory_used"":1884.8359375,""sys_memory_used_buffers"":111.63671875,""sys_memory_used_cache"":655.82421875,""sys_memory_swap_used"":0,""sys_memory_swap_used_cache"":0,""fpm_listen_queue"":""4"",""fpm_listen_queue_length"":""128"",""fpm_total_processes"":""9"",""fpm_active_processes"":""9""}"
1471775407,"{""mysql_table_scans_pct"":0.072489664105612,""mysql_deadlocks"":""0"",""mysql_wait_locks"":""0"",""mysql_current_locks"":""0"",""mysql_total_locks"":""5"",""mysql_lock_time_avg"":""14"",""mysql_lock_time_max"":""31"",""mysql_select_scans"":""8926"",""mysql_sort_scans"":""16295"",""mysql_join_scans"":""2362"",""sys_load_avg"":5.19,""sys_memory_used"":1874.4921875,""sys_memory_used_buffers"":111.7890625,""sys_memory_used_cache"":657.88671875,""sys_memory_swap_used"":0,""sys_memory_swap_used_cache"":0,""fpm_listen_queue"":""0"",""fpm_listen_queue_length"":""128"",""fpm_total_processes"":""10"",""fpm_active_processes"":""2""}"
1471775413,"{""mysql_table_scans_pct"":0.072829785519178,""mysql_deadlocks"":""0"",""mysql_wait_locks"":""0"",""mysql_current_locks"":""0"",""mysql_total_locks"":""5"",""mysql_lock_time_avg"":""14"",""mysql_lock_time_max"":""31"",""mysql_select_scans"":""9013"",""mysql_sort_scans"":""16442"",""mysql_join_scans"":""2387"",""sys_load_avg"":5.41,""sys_memory_used"":1873.3359375,""sys_memory_used_buffers"":112.1484375,""sys_memory_used_cache"":660.8125,""sys_memory_swap_used"":0,""sys_memory_swap_used_cache"":0,""fpm_listen_queue"":""0"",""fpm_listen_queue_length"":""128"",""fpm_total_processes"":""10"",""fpm_active_processes"":""8""}"
1471775418,"{""mysql_table_scans_pct"":0.073141215219471,""mysql_deadlocks"":""0"",""mysql_wait_locks"":""0"",""mysql_current_locks"":""0"",""mysql_total_locks"":""5"",""mysql_lock_time_avg"":""14"",""mysql_lock_time_max"":""31"",""mysql_select_scans"":""9107"",""mysql_sort_scans"":""16598"",""mysql_join_scans"":""2413"",""sys_load_avg"":5.22,""sys_memory_used"":1874.05859375,""sys_memory_used_buffers"":112.34375,""sys_memory_used_cache"":663.671875,""sys_memory_swap_used"":0,""sys_memory_swap_used_cache"":0,""fpm_listen_queue"":""4"",""fpm_listen_queue_length"":""128"",""fpm_total_processes"":""9"",""fpm_active_processes"":""9""}"
1471775423,"{""mysql_table_scans_pct"":0.073282694800536,""mysql_deadlocks"":""0"",""mysql_wait_locks"":""0"",""mysql_current_locks"":""0"",""mysql_total_locks"":""6"",""mysql_lock_time_avg"":""15"",""mysql_lock_time_max"":""31"",""mysql_select_scans"":""9173"",""mysql_sort_scans"":""16693"",""mysql_join_scans"":""2434"",""sys_load_avg"":5.12,""sys_memory_used"":1883.7265625,""sys_memory_used_buffers"":112.5859375,""sys_memory_used_cache"":666.73828125,""sys_memory_swap_used"":0,""sys_memory_swap_used_cache"":0,""fpm_listen_queue"":""2"",""fpm_listen_queue_length"":""128"",""fpm_total_processes"":""9"",""fpm_active_processes"":""8""}"
1471775428,"{""mysql_table_scans_pct"":0.073515461734638,""mysql_deadlocks"":""0"",""mysql_wait_locks"":""0"",""mysql_current_locks"":""0"",""mysql_total_locks"":""7"",""mysql_lock_time_avg"":""15"",""mysql_lock_time_max"":""31"",""mysql_select_scans"":""9250"",""mysql_sort_scans"":""16809"",""mysql_join_scans"":""2458"",""sys_load_avg"":5.43,""sys_memory_used"":1877.2890625,""sys_memory_used_buffers"":112.95703125,""sys_memory_used_cache"":670.63671875,""sys_memory_swap_used"":0,""sys_memory_swap_used_cache"":0,""fpm_listen_queue"":""0"",""fpm_listen_queue_length"":""128"",""fpm_total_processes"":""9"",""fpm_active_processes"":""8""}"
1471775433,"{""mysql_table_scans_pct"":0.073795813876071,""mysql_deadlocks"":""0"",""mysql_wait_locks"":""0"",""mysql_current_locks"":""4"",""mysql_total_locks"":""7"",""mysql_lock_time_avg"":""15"",""mysql_lock_time_max"":""31"",""mysql_select_scans"":""9335"",""mysql_sort_scans"":""16948"",""mysql_join_scans"":""2481"",""sys_load_avg"":5.72,""sys_memory_used"":1883.109375,""sys_memory_used_buffers"":113.14453125,""sys_memory_used_cache"":673.11328125,""sys_memory_swap_used"":0,""sys_memory_swap_used_cache"":0,""fpm_listen_queue"":""0"",""fpm_listen_queue_length"":""128"",""fpm_total_processes"":""9"",""fpm_active_processes"":""8""}"
1471775438,"{""mysql_table_scans_pct"":0.073985189346422,""mysql_deadlocks"":""0"",""mysql_wait_locks"":""0"",""mysql_current_locks"":""1"",""mysql_total_locks"":""7"",""mysql_lock_time_avg"":""15"",""mysql_lock_time_max"":""31"",""mysql_select_scans"":""9409"",""mysql_sort_scans"":""17054"",""mysql_join_scans"":""2502"",""sys_load_avg"":5.9,""sys_memory_used"":1985.91796875,""sys_memory_used_buffers"":113.34765625,""sys_memory_used_cache"":780.578125,""sys_memory_swap_used"":0,""sys_memory_swap_used_cache"":0,""fpm_listen_queue"":""0"",""fpm_listen_queue_length"":""128"",""fpm_total_processes"":""9"",""fpm_active_processes"":""8""}"
1471775443,"{""mysql_table_scans_pct"":0.074292333703527,""mysql_deadlocks"":""0"",""mysql_wait_locks"":""0"",""mysql_current_locks"":""0"",""mysql_total_locks"":""7"",""mysql_lock_time_avg"":""15"",""mysql_lock_time_max"":""31"",""mysql_select_scans"":""9488"",""mysql_sort_scans"":""17180"",""mysql_join_scans"":""2524"",""sys_load_avg"":5.83,""sys_memory_used"":2035.421875,""sys_memory_used_buffers"":113.48046875,""sys_memory_used_cache"":818.89453125,""sys_memory_swap_used"":0,""sys_memory_swap_used_cache"":0,""fpm_listen_queue"":""0"",""fpm_listen_queue_length"":""128"",""fpm_total_processes"":""9"",""fpm_active_processes"":""8""}"
1471775448,"{""mysql_table_scans_pct"":0.074462912530567,""mysql_deadlocks"":""0"",""mysql_wait_locks"":""0"",""mysql_current_locks"":""0"",""mysql_total_locks"":""7"",""mysql_lock_time_avg"":""15"",""mysql_lock_time_max"":""31"",""mysql_select_scans"":""9558"",""mysql_sort_scans"":""17278"",""mysql_join_scans"":""2542"",""sys_load_avg"":6,""sys_memory_used"":2035.953125,""sys_memory_used_buffers"":113.625,""sys_memory_used_cache"":821.72265625,""sys_memory_swap_used"":0,""sys_memory_swap_used_cache"":0,""fpm_listen_queue"":""0"",""fpm_listen_queue_length"":""128"",""fpm_total_processes"":""9"",""fpm_active_processes"":""6""}"
1471775453,"{""mysql_table_scans_pct"":0.074643500011504,""mysql_deadlocks"":""0"",""mysql_wait_locks"":""0"",""mysql_current_locks"":""1"",""mysql_total_locks"":""7"",""mysql_lock_time_avg"":""15"",""mysql_lock_time_max"":""31"",""mysql_select_scans"":""9632"",""mysql_sort_scans"":""17376"",""mysql_join_scans"":""2567"",""sys_load_avg"":6.08,""sys_memory_used"":2040.2265625,""sys_memory_used_buffers"":113.890625,""sys_memory_used_cache"":824.34765625,""sys_memory_swap_used"":0,""sys_memory_swap_used_cache"":0,""fpm_listen_queue"":""0"",""fpm_listen_queue_length"":""128"",""fpm_total_processes"":""9"",""fpm_active_processes"":""3""}"
1471775458,"{""mysql_table_scans_pct"":0.074893547616141,""mysql_deadlocks"":""0"",""mysql_wait_locks"":""0"",""mysql_current_locks"":""0"",""mysql_total_locks"":""7"",""mysql_lock_time_avg"":""15"",""mysql_lock_time_max"":""31"",""mysql_select_scans"":""9720"",""mysql_sort_scans"":""17517"",""mysql_join_scans"":""2590"",""sys_load_avg"":6.08,""sys_memory_used"":2067.87109375,""sys_memory_used_buffers"":114.0625,""sys_memory_used_cache"":827.4609375,""sys_memory_swap_used"":0,""sys_memory_swap_used_cache"":0,""fpm_listen_queue"":""2"",""fpm_listen_queue_length"":""128"",""fpm_total_processes"":""10"",""fpm_active_processes"":""8""}"
1471775464,"{""mysql_table_scans_pct"":0.075184474935685,""mysql_deadlocks"":""0"",""mysql_wait_locks"":""0"",""mysql_current_locks"":""0"",""mysql_total_locks"":""7"",""mysql_lock_time_avg"":""15"",""mysql_lock_time_max"":""31"",""mysql_select_scans"":""9793"",""mysql_sort_scans"":""17638"",""mysql_join_scans"":""2613"",""sys_load_avg"":5.99,""sys_memory_used"":2083.78515625,""sys_memory_used_buffers"":114.203125,""sys_memory_used_cache"":829.51953125,""sys_memory_swap_used"":0,""sys_memory_swap_used_cache"":0,""fpm_listen_queue"":""0"",""fpm_listen_queue_length"":""128"",""fpm_total_processes"":""11"",""fpm_active_processes"":""11""}"
1471775469,"{""mysql_table_scans_pct"":0.075393027029894,""mysql_deadlocks"":""0"",""mysql_wait_locks"":""0"",""mysql_current_locks"":""1"",""mysql_total_locks"":""7"",""mysql_lock_time_avg"":""15"",""mysql_lock_time_max"":""31"",""mysql_select_scans"":""9863"",""mysql_sort_scans"":""17739"",""mysql_join_scans"":""2642"",""sys_load_avg"":6.15,""sys_memory_used"":2049.51171875,""sys_memory_used_buffers"":114.40625,""sys_memory_used_cache"":832.015625,""sys_memory_swap_used"":0,""sys_memory_swap_used_cache"":0,""fpm_listen_queue"":""0"",""fpm_listen_queue_length"":""128"",""fpm_total_processes"":""10"",""fpm_active_processes"":""5""}"
1471775474,"{""mysql_table_scans_pct"":0.075617132662995,""mysql_deadlocks"":""0"",""mysql_wait_locks"":""0"",""mysql_current_locks"":""0"",""mysql_total_locks"":""7"",""mysql_lock_time_avg"":""15"",""mysql_lock_time_max"":""31"",""mysql_select_scans"":""9939"",""mysql_sort_scans"":""17856"",""mysql_join_scans"":""2665"",""sys_load_avg"":5.66,""sys_memory_used"":2036.26953125,""sys_memory_used_buffers"":114.55859375,""sys_memory_used_cache"":835.3828125,""sys_memory_swap_used"":0,""sys_memory_swap_used_cache"":0,""fpm_listen_queue"":""0"",""fpm_listen_queue_length"":""128"",""fpm_total_processes"":""9"",""fpm_active_processes"":""5""}"
1471775479,"{""mysql_table_scans_pct"":0.075848123022963,""mysql_deadlocks"":""0"",""mysql_wait_locks"":""0"",""mysql_current_locks"":""0"",""mysql_total_locks"":""7"",""mysql_lock_time_avg"":""15"",""mysql_lock_time_max"":""31"",""mysql_select_scans"":""10002"",""mysql_sort_scans"":""17960"",""mysql_join_scans"":""2689"",""sys_load_avg"":5.53,""sys_memory_used"":2043.25390625,""sys_memory_used_buffers"":114.8515625,""sys_memory_used_cache"":837.640625,""sys_memory_swap_used"":0,""sys_memory_swap_used_cache"":0,""fpm_listen_queue"":""1"",""fpm_listen_queue_length"":""128"",""fpm_total_processes"":""7"",""fpm_active_processes"":""7""}"
1471775484,"{""mysql_table_scans_pct"":0.076003022334041,""mysql_deadlocks"":""0"",""mysql_wait_locks"":""0"",""mysql_current_locks"":""0"",""mysql_total_locks"":""7"",""mysql_lock_time_avg"":""15"",""mysql_lock_time_max"":""31"",""mysql_select_scans"":""10056"",""mysql_sort_scans"":""18037"",""mysql_join_scans"":""2703"",""sys_load_avg"":5.4,""sys_memory_used"":2043.1484375,""sys_memory_used_buffers"":114.98828125,""sys_memory_used_cache"":839.9765625,""sys_memory_swap_used"":0,""sys_memory_swap_used_cache"":0,""fpm_listen_queue"":""0"",""fpm_listen_queue_length"":""128"",""fpm_total_processes"":""8"",""fpm_active_processes"":""4""}"
1471775489,"{""mysql_table_scans_pct"":0.076165890129026,""mysql_deadlocks"":""0"",""mysql_wait_locks"":""0"",""mysql_current_locks"":""1"",""mysql_total_locks"":""7"",""mysql_lock_time_avg"":""15"",""mysql_lock_time_max"":""31"",""mysql_select_scans"":""10097"",""mysql_sort_scans"":""18099"",""mysql_join_scans"":""2713"",""sys_load_avg"":5.05,""sys_memory_used"":2001.74609375,""sys_memory_used_buffers"":115.12109375,""sys_memory_used_cache"":841.51171875,""sys_memory_swap_used"":0,""sys_memory_swap_used_cache"":0,""fpm_listen_queue"":""0"",""fpm_listen_queue_length"":""128"",""fpm_total_processes"":""5"",""fpm_active_processes"":""4""}"
1471775494,"{""mysql_table_scans_pct"":0.07625791911608,""mysql_deadlocks"":""0"",""mysql_wait_locks"":""0"",""mysql_current_locks"":""0"",""mysql_total_locks"":""7"",""mysql_lock_time_avg"":""15"",""mysql_lock_time_max"":""31"",""mysql_select_scans"":""10124"",""mysql_sort_scans"":""18127"",""mysql_join_scans"":""2724"",""sys_load_avg"":4.72,""sys_memory_used"":1980.0546875,""sys_memory_used_buffers"":115.23828125,""sys_memory_used_cache"":842.36328125,""sys_memory_swap_used"":0,""sys_memory_swap_used_cache"":0,""fpm_listen_queue"":""0"",""fpm_listen_queue_length"":""128"",""fpm_total_processes"":""3"",""fpm_active_processes"":""1""}"
1471775499,"{""mysql_table_scans_pct"":0.076321406118792,""mysql_deadlocks"":""0"",""mysql_wait_locks"":""0"",""mysql_current_locks"":""0"",""mysql_total_locks"":""7"",""mysql_lock_time_avg"":""15"",""mysql_lock_time_max"":""31"",""mysql_select_scans"":""10137"",""mysql_sort_scans"":""18135"",""mysql_join_scans"":""2727"",""sys_load_avg"":4.34,""sys_memory_used"":1980.71484375,""sys_memory_used_buffers"":115.375,""sys_memory_used_cache"":842.75390625,""sys_memory_swap_used"":0,""sys_memory_swap_used_cache"":0,""fpm_listen_queue"":""0"",""fpm_listen_queue_length"":""128"",""fpm_total_processes"":""3"",""fpm_active_processes"":""1""}"
1471775504,"{""mysql_table_scans_pct"":0.076381165464877,""mysql_deadlocks"":""0"",""mysql_wait_locks"":""0"",""mysql_current_locks"":""8"",""mysql_total_locks"":""7"",""mysql_lock_time_avg"":""15"",""mysql_lock_time_max"":""31"",""mysql_select_scans"":""10144"",""mysql_sort_scans"":""18135"",""mysql_join_scans"":""2727"",""sys_load_avg"":4.08,""sys_memory_used"":1970.1328125,""sys_memory_used_buffers"":134.77734375,""sys_memory_used_cache"":810.46484375,""sys_memory_swap_used"":0,""sys_memory_swap_used_cache"":0,""fpm_listen_queue"":""0"",""fpm_listen_queue_length"":""128"",""fpm_total_processes"":""3"",""fpm_active_processes"":""1""}"
