1471473426,"{""mysql_table_scans_pct"":0.23928329796686,""mysql_deadlocks"":""0"",""mysql_wait_locks"":""1"",""mysql_current_locks"":""2493"",""mysql_total_locks"":""4"",""mysql_lock_time_avg"":""190"",""mysql_lock_time_max"":""438"",""mysql_select_scans"":""2354"",""mysql_sort_scans"":""4127"",""mysql_join_scans"":""9"",""sys_load_avg"":3.41,""sys_memory_used"":1808.6015625,""sys_memory_used_buffers"":110.35546875,""sys_memory_used_cache"":470.07421875,""sys_memory_swap_used"":0,""sys_memory_swap_used_cache"":0,""fpm_listen_queue"":""0"",""fpm_listen_queue_length"":""128"",""fpm_total_processes"":""11"",""fpm_active_processes"":""8""}"
1471473431,"{""mysql_table_scans_pct"":0.20043213919311,""mysql_deadlocks"":""0"",""mysql_wait_locks"":""2"",""mysql_current_locks"":""3574"",""mysql_total_locks"":""5"",""mysql_lock_time_avg"":""152"",""mysql_lock_time_max"":""438"",""mysql_select_scans"":""2973"",""mysql_sort_scans"":""4734"",""mysql_join_scans"":""9"",""sys_load_avg"":3.38,""sys_memory_used"":1799.42578125,""sys_memory_used_buffers"":112.109375,""sys_memory_used_cache"":484.23046875,""sys_memory_swap_used"":0,""sys_memory_swap_used_cache"":0,""fpm_listen_queue"":""0"",""fpm_listen_queue_length"":""128"",""fpm_total_processes"":""10"",""fpm_active_processes"":""10""}"
1471473436,"{""mysql_table_scans_pct"":0.19728485117444,""mysql_deadlocks"":""0"",""mysql_wait_locks"":""2"",""mysql_current_locks"":""4789"",""mysql_total_locks"":""5"",""mysql_lock_time_avg"":""152"",""mysql_lock_time_max"":""438"",""mysql_select_scans"":""3696"",""mysql_sort_scans"":""5512"",""mysql_join_scans"":""10"",""sys_load_avg"":3.35,""sys_memory_used"":1790.6015625,""sys_memory_used_buffers"":114.02734375,""sys_memory_used_cache"":511.640625,""sys_memory_swap_used"":0,""sys_memory_swap_used_cache"":0,""fpm_listen_queue"":""0"",""fpm_listen_queue_length"":""128"",""fpm_total_processes"":""10"",""fpm_active_processes"":""8""}"
1471473442,"{""mysql_table_scans_pct"":0.20085210174016,""mysql_deadlocks"":""0"",""mysql_wait_locks"":""1"",""mysql_current_locks"":""1143"",""mysql_total_locks"":""6"",""mysql_lock_time_avg"":""3497"",""mysql_lock_time_max"":""12686"",""mysql_select_scans"":""4362"",""mysql_sort_scans"":""6172"",""mysql_join_scans"":""11"",""sys_load_avg"":3.48,""sys_memory_used"":1831.2421875,""sys_memory_used_buffers"":115.5546875,""sys_memory_used_cache"":550.49609375,""sys_memory_swap_used"":0,""sys_memory_swap_used_cache"":0,""fpm_listen_queue"":""0"",""fpm_listen_queue_length"":""128"",""fpm_total_processes"":""9"",""fpm_active_processes"":""7""}"
1471473447,"{""mysql_table_scans_pct"":0.22982749491617,""mysql_deadlocks"":""0"",""mysql_wait_locks"":""0"",""mysql_current_locks"":""4234"",""mysql_total_locks"":""6"",""mysql_lock_time_avg"":""3794"",""mysql_lock_time_max"":""12686"",""mysql_select_scans"":""4992"",""mysql_sort_scans"":""6792"",""mysql_join_scans"":""12"",""sys_load_avg"":3.84,""sys_memory_used"":1916.375,""sys_memory_used_buffers"":117.94921875,""sys_memory_used_cache"":574.3671875,""sys_memory_swap_used"":0,""sys_memory_swap_used_cache"":0,""fpm_listen_queue"":""0"",""fpm_listen_queue_length"":""128"",""fpm_total_processes"":""9"",""fpm_active_processes"":""7""}"
1471473452,"{""mysql_table_scans_pct"":0.27780265419489,""mysql_deadlocks"":""0"",""mysql_wait_locks"":""0"",""mysql_current_locks"":""13471"",""mysql_total_locks"":""6"",""mysql_lock_time_avg"":""3794"",""mysql_lock_time_max"":""12686"",""mysql_select_scans"":""5465"",""mysql_sort_scans"":""7139"",""mysql_join_scans"":""12"",""sys_load_avg"":3.85,""sys_memory_used"":1855.5390625,""sys_memory_used_buffers"":119.67578125,""sys_memory_used_cache"":590.72265625,""sys_memory_swap_used"":0,""sys_memory_swap_used_cache"":0,""fpm_listen_queue"":""0"",""fpm_listen_queue_length"":""128"",""fpm_total_processes"":""8"",""fpm_active_processes"":""5""}"
1471473457,"{""mysql_table_scans_pct"":0.32470601551932,""mysql_deadlocks"":""0"",""mysql_wait_locks"":""0"",""mysql_current_locks"":""78"",""mysql_total_locks"":""9"",""mysql_lock_time_avg"":""3353"",""mysql_lock_time_max"":""12686"",""mysql_select_scans"":""5931"",""mysql_sort_scans"":""7604"",""mysql_join_scans"":""12"",""sys_load_avg"":3.94,""sys_memory_used"":1962,""sys_memory_used_buffers"":121.015625,""sys_memory_used_cache"":593.9296875,""sys_memory_swap_used"":0,""sys_memory_swap_used_cache"":0,""fpm_listen_queue"":""0"",""fpm_listen_queue_length"":""128"",""fpm_total_processes"":""9"",""fpm_active_processes"":""3""}"
1471473462,"{""mysql_table_scans_pct"":0.32884402826881,""mysql_deadlocks"":""0"",""mysql_wait_locks"":""0"",""mysql_current_locks"":""20"",""mysql_total_locks"":""10"",""mysql_lock_time_avg"":""3293"",""mysql_lock_time_max"":""12686"",""mysql_select_scans"":""6301"",""mysql_sort_scans"":""8021"",""mysql_join_scans"":""13"",""sys_load_avg"":4.43,""sys_memory_used"":1900.78515625,""sys_memory_used_buffers"":122.62109375,""sys_memory_used_cache"":599.57421875,""sys_memory_swap_used"":0,""sys_memory_swap_used_cache"":0,""fpm_listen_queue"":""0"",""fpm_listen_queue_length"":""128"",""fpm_total_processes"":""8"",""fpm_active_processes"":""5""}"
1471473467,"{""mysql_table_scans_pct"":0.33058757005264,""mysql_deadlocks"":""0"",""mysql_wait_locks"":""0"",""mysql_current_locks"":""176"",""mysql_total_locks"":""10"",""mysql_lock_time_avg"":""3293"",""mysql_lock_time_max"":""12686"",""mysql_select_scans"":""6443"",""mysql_sort_scans"":""8307"",""mysql_join_scans"":""13"",""sys_load_avg"":4.72,""sys_memory_used"":1881.19140625,""sys_memory_used_buffers"":123.6875,""sys_memory_used_cache"":603.41796875,""sys_memory_swap_used"":0,""sys_memory_swap_used_cache"":0,""fpm_listen_queue"":""0"",""fpm_listen_queue_length"":""128"",""fpm_total_processes"":""8"",""fpm_active_processes"":""7""}"
1471473472,"{""mysql_table_scans_pct"":0.33146219686858,""mysql_deadlocks"":""0"",""mysql_wait_locks"":""0"",""mysql_current_locks"":""321"",""mysql_total_locks"":""10"",""mysql_lock_time_avg"":""3293"",""mysql_lock_time_max"":""12686"",""mysql_select_scans"":""6672"",""mysql_sort_scans"":""8818"",""mysql_join_scans"":""13"",""sys_load_avg"":4.74,""sys_memory_used"":1941.47265625,""sys_memory_used_buffers"":125.22265625,""sys_memory_used_cache"":612.203125,""sys_memory_swap_used"":0,""sys_memory_swap_used_cache"":0,""fpm_listen_queue"":""0"",""fpm_listen_queue_length"":""128"",""fpm_total_processes"":""8"",""fpm_active_processes"":""8""}"
1471473477,"{""mysql_table_scans_pct"":0.33152146123028,""mysql_deadlocks"":""0"",""mysql_wait_locks"":""0"",""mysql_current_locks"":""461"",""mysql_total_locks"":""10"",""mysql_lock_time_avg"":""3293"",""mysql_lock_time_max"":""12686"",""mysql_select_scans"":""6910"",""mysql_sort_scans"":""9325"",""mysql_join_scans"":""13"",""sys_load_avg"":5.08,""sys_memory_used"":1898.875,""sys_memory_used_buffers"":126.3125,""sys_memory_used_cache"":617.3828125,""sys_memory_swap_used"":0,""sys_memory_swap_used_cache"":0,""fpm_listen_queue"":""0"",""fpm_listen_queue_length"":""128"",""fpm_total_processes"":""9"",""fpm_active_processes"":""3""}"
1471473482,"{""mysql_table_scans_pct"":0.33062210348664,""mysql_deadlocks"":""0"",""mysql_wait_locks"":""0"",""mysql_current_locks"":""586"",""mysql_total_locks"":""10"",""mysql_lock_time_avg"":""3293"",""mysql_lock_time_max"":""12686"",""mysql_select_scans"":""7089"",""mysql_sort_scans"":""9673"",""mysql_join_scans"":""13"",""sys_load_avg"":5.23,""sys_memory_used"":1966.80078125,""sys_memory_used_buffers"":127.98046875,""sys_memory_used_cache"":621.87890625,""sys_memory_swap_used"":0,""sys_memory_swap_used_cache"":0,""fpm_listen_queue"":""0"",""fpm_listen_queue_length"":""128"",""fpm_total_processes"":""9"",""fpm_active_processes"":""9""}"
1471473487,"{""mysql_table_scans_pct"":0.33194514427486,""mysql_deadlocks"":""0"",""mysql_wait_locks"":""0"",""mysql_current_locks"":""701"",""mysql_total_locks"":""10"",""mysql_lock_time_avg"":""3293"",""mysql_lock_time_max"":""12686"",""mysql_select_scans"":""7196"",""mysql_sort_scans"":""9930"",""mysql_join_scans"":""13"",""sys_load_avg"":5.05,""sys_memory_used"":1976.5625,""sys_memory_used_buffers"":128.9453125,""sys_memory_used_cache"":627.0390625,""sys_memory_swap_used"":0,""sys_memory_swap_used_cache"":0,""fpm_listen_queue"":""0"",""fpm_listen_queue_length"":""128"",""fpm_total_processes"":""10"",""fpm_active_processes"":""6""}"
1471473492,"{""mysql_table_scans_pct"":0.33330832809022,""mysql_deadlocks"":""0"",""mysql_wait_locks"":""0"",""mysql_current_locks"":""822"",""mysql_total_locks"":""10"",""mysql_lock_time_avg"":""3293"",""mysql_lock_time_max"":""12686"",""mysql_select_scans"":""7291"",""mysql_sort_scans"":""10117"",""mysql_join_scans"":""13"",""sys_load_avg"":5.05,""sys_memory_used"":1997.72265625,""sys_memory_used_buffers"":130.03515625,""sys_memory_used_cache"":632.88671875,""sys_memory_swap_used"":0,""sys_memory_swap_used_cache"":0,""fpm_listen_queue"":""0"",""fpm_listen_queue_length"":""128"",""fpm_total_processes"":""10"",""fpm_active_processes"":""6""}"
1471473497,"{""mysql_table_scans_pct"":0.33494033964127,""mysql_deadlocks"":""0"",""mysql_wait_locks"":""0"",""mysql_current_locks"":""965"",""mysql_total_locks"":""10"",""mysql_lock_time_avg"":""3293"",""mysql_lock_time_max"":""12686"",""mysql_select_scans"":""7404"",""mysql_sort_scans"":""10354"",""mysql_join_scans"":""13"",""sys_load_avg"":5.21,""sys_memory_used"":1966.625,""sys_memory_used_buffers"":130.8515625,""sys_memory_used_cache"":637.5234375,""sys_memory_swap_used"":0,""sys_memory_swap_used_cache"":0,""fpm_listen_queue"":""2"",""fpm_listen_queue_length"":""128"",""fpm_total_processes"":""7"",""fpm_active_processes"":""4""}"
1471473503,"{""mysql_table_scans_pct"":0.33646918648601,""mysql_deadlocks"":""0"",""mysql_wait_locks"":""0"",""mysql_current_locks"":""1112"",""mysql_total_locks"":""10"",""mysql_lock_time_avg"":""3293"",""mysql_lock_time_max"":""12686"",""mysql_select_scans"":""7526"",""mysql_sort_scans"":""10631"",""mysql_join_scans"":""13"",""sys_load_avg"":5.27,""sys_memory_used"":1990.10546875,""sys_memory_used_buffers"":131.70703125,""sys_memory_used_cache"":643.73046875,""sys_memory_swap_used"":0,""sys_memory_swap_used_cache"":0,""fpm_listen_queue"":""0"",""fpm_listen_queue_length"":""128"",""fpm_total_processes"":""8"",""fpm_active_processes"":""8""}"
1471473508,"{""mysql_table_scans_pct"":0.33824130687096,""mysql_deadlocks"":""0"",""mysql_wait_locks"":""0"",""mysql_current_locks"":""1259"",""mysql_total_locks"":""10"",""mysql_lock_time_avg"":""3293"",""mysql_lock_time_max"":""12686"",""mysql_select_scans"":""7635"",""mysql_sort_scans"":""10852"",""mysql_join_scans"":""13"",""sys_load_avg"":6.06,""sys_memory_used"":1999.9453125,""sys_memory_used_buffers"":132.578125,""sys_memory_used_cache"":649.63671875,""sys_memory_swap_used"":0,""sys_memory_swap_used_cache"":0,""fpm_listen_queue"":""0"",""fpm_listen_queue_length"":""128"",""fpm_total_processes"":""8"",""fpm_active_processes"":""7""}"
1471473513,"{""mysql_table_scans_pct"":0.33946611952815,""mysql_deadlocks"":""0"",""mysql_wait_locks"":""0"",""mysql_current_locks"":""1416"",""mysql_total_locks"":""10"",""mysql_lock_time_avg"":""3293"",""mysql_lock_time_max"":""12686"",""mysql_select_scans"":""7792"",""mysql_sort_scans"":""11182"",""mysql_join_scans"":""13"",""sys_load_avg"":6.13,""sys_memory_used"":2041.73828125,""sys_memory_used_buffers"":133.19921875,""sys_memory_used_cache"":654.30078125,""sys_memory_swap_used"":0,""sys_memory_swap_used_cache"":0,""fpm_listen_queue"":""0"",""fpm_listen_queue_length"":""128"",""fpm_total_processes"":""10"",""fpm_active_processes"":""7""}"
1471473518,"{""mysql_table_scans_pct"":0.3391393327624,""mysql_deadlocks"":""0"",""mysql_wait_locks"":""0"",""mysql_current_locks"":""3311"",""mysql_total_locks"":""10"",""mysql_lock_time_avg"":""3293"",""mysql_lock_time_max"":""12686"",""mysql_select_scans"":""8215"",""mysql_sort_scans"":""11439"",""mysql_join_scans"":""13"",""sys_load_avg"":6.2,""sys_memory_used"":2076.3828125,""sys_memory_used_buffers"":134.08984375,""sys_memory_used_cache"":661.57421875,""sys_memory_swap_used"":0,""sys_memory_swap_used_cache"":0,""fpm_listen_queue"":""0"",""fpm_listen_queue_length"":""128"",""fpm_total_processes"":""9"",""fpm_active_processes"":""8""}"
1471473523,"{""mysql_table_scans_pct"":0.34430688064168,""mysql_deadlocks"":""0"",""mysql_wait_locks"":""1"",""mysql_current_locks"":""5087"",""mysql_total_locks"":""11"",""mysql_lock_time_avg"":""2993"",""mysql_lock_time_max"":""12686"",""mysql_select_scans"":""8696"",""mysql_sort_scans"":""11741"",""mysql_join_scans"":""13"",""sys_load_avg"":5.95,""sys_memory_used"":2068.1484375,""sys_memory_used_buffers"":135.05078125,""sys_memory_used_cache"":668.2578125,""sys_memory_swap_used"":0,""sys_memory_swap_used_cache"":0,""fpm_listen_queue"":""0"",""fpm_listen_queue_length"":""128"",""fpm_total_processes"":""8"",""fpm_active_processes"":""7""}"
1471473528,"{""mysql_table_scans_pct"":0.32390438202244,""mysql_deadlocks"":""0"",""mysql_wait_locks"":""1"",""mysql_current_locks"":""5943"",""mysql_total_locks"":""11"",""mysql_lock_time_avg"":""2993"",""mysql_lock_time_max"":""12686"",""mysql_select_scans"":""9089"",""mysql_sort_scans"":""11928"",""mysql_join_scans"":""13"",""sys_load_avg"":5.79,""sys_memory_used"":2055.56640625,""sys_memory_used_buffers"":135.91796875,""sys_memory_used_cache"":672.79296875,""sys_memory_swap_used"":0,""sys_memory_swap_used_cache"":0,""fpm_listen_queue"":""1"",""fpm_listen_queue_length"":""128"",""fpm_total_processes"":""7"",""fpm_active_processes"":""7""}"
1471473533,"{""mysql_table_scans_pct"":0.33622118446914,""mysql_deadlocks"":""0"",""mysql_wait_locks"":""2"",""mysql_current_locks"":""7558"",""mysql_total_locks"":""12"",""mysql_lock_time_avg"":""2744"",""mysql_lock_time_max"":""12686"",""mysql_select_scans"":""9391"",""mysql_sort_scans"":""12106"",""mysql_join_scans"":""13"",""sys_load_avg"":5.97,""sys_memory_used"":2107.83984375,""sys_memory_used_buffers"":136.7109375,""sys_memory_used_cache"":680.9921875,""sys_memory_swap_used"":0,""sys_memory_swap_used_cache"":0,""fpm_listen_queue"":""0"",""fpm_listen_queue_length"":""128"",""fpm_total_processes"":""9"",""fpm_active_processes"":""7""}"
1471473538,"{""mysql_table_scans_pct"":0.34340769438854,""mysql_deadlocks"":""0"",""mysql_wait_locks"":""2"",""mysql_current_locks"":""7558"",""mysql_total_locks"":""12"",""mysql_lock_time_avg"":""2744"",""mysql_lock_time_max"":""12686"",""mysql_select_scans"":""9671"",""mysql_sort_scans"":""12302"",""mysql_join_scans"":""13"",""sys_load_avg"":5.89,""sys_memory_used"":2081.76171875,""sys_memory_used_buffers"":137.3359375,""sys_memory_used_cache"":686.02734375,""sys_memory_swap_used"":0,""sys_memory_swap_used_cache"":0,""fpm_listen_queue"":""0"",""fpm_listen_queue_length"":""128"",""fpm_total_processes"":""8"",""fpm_active_processes"":""7""}"
1471473544,"{""mysql_table_scans_pct"":0.34645912886449,""mysql_deadlocks"":""0"",""mysql_wait_locks"":""2"",""mysql_current_locks"":""8351"",""mysql_total_locks"":""12"",""mysql_lock_time_avg"":""2744"",""mysql_lock_time_max"":""12686"",""mysql_select_scans"":""9952"",""mysql_sort_scans"":""12445"",""mysql_join_scans"":""13"",""sys_load_avg"":5.58,""sys_memory_used"":2119.265625,""sys_memory_used_buffers"":141.02734375,""sys_memory_used_cache"":689.06640625,""sys_memory_swap_used"":0,""sys_memory_swap_used_cache"":0,""fpm_listen_queue"":""0"",""fpm_listen_queue_length"":""128"",""fpm_total_processes"":""9"",""fpm_active_processes"":""6""}"
1471473549,"{""mysql_table_scans_pct"":0.32860525739059,""mysql_deadlocks"":""0"",""mysql_wait_locks"":""4"",""mysql_current_locks"":""8509"",""mysql_total_locks"":""14"",""mysql_lock_time_avg"":""2352"",""mysql_lock_time_max"":""12686"",""mysql_select_scans"":""10132"",""mysql_sort_scans"":""12531"",""mysql_join_scans"":""13"",""sys_load_avg"":5.37,""sys_memory_used"":2128.9453125,""sys_memory_used_buffers"":141.59765625,""sys_memory_used_cache"":694.33984375,""sys_memory_swap_used"":0,""sys_memory_swap_used_cache"":0,""fpm_listen_queue"":""0"",""fpm_listen_queue_length"":""128"",""fpm_total_processes"":""9"",""fpm_active_processes"":""7""}"
1471473554,"{""mysql_table_scans_pct"":0.33177199322495,""mysql_deadlocks"":""0"",""mysql_wait_locks"":""5"",""mysql_current_locks"":""8707"",""mysql_total_locks"":""15"",""mysql_lock_time_avg"":""2195"",""mysql_lock_time_max"":""12686"",""mysql_select_scans"":""10360"",""mysql_sort_scans"":""12629"",""mysql_join_scans"":""13"",""sys_load_avg"":5.18,""sys_memory_used"":2162.6875,""sys_memory_used_buffers"":142.1484375,""sys_memory_used_cache"":693.1328125,""sys_memory_swap_used"":0,""sys_memory_swap_used_cache"":0,""fpm_listen_queue"":""0"",""fpm_listen_queue_length"":""128"",""fpm_total_processes"":""10"",""fpm_active_processes"":""8""}"
1471473559,"{""mysql_table_scans_pct"":0.33380419147987,""mysql_deadlocks"":""0"",""mysql_wait_locks"":""5"",""mysql_current_locks"":""8924"",""mysql_total_locks"":""15"",""mysql_lock_time_avg"":""2195"",""mysql_lock_time_max"":""12686"",""mysql_select_scans"":""10579"",""mysql_sort_scans"":""12726"",""mysql_join_scans"":""13"",""sys_load_avg"":4.93,""sys_memory_used"":2143.1796875,""sys_memory_used_buffers"":143.09765625,""sys_memory_used_cache"":696.12109375,""sys_memory_swap_used"":0,""sys_memory_swap_used_cache"":0,""fpm_listen_queue"":""0"",""fpm_listen_queue_length"":""128"",""fpm_total_processes"":""9"",""fpm_active_processes"":""8""}"
1471473564,"{""mysql_table_scans_pct"":0.33557596770813,""mysql_deadlocks"":""0"",""mysql_wait_locks"":""5"",""mysql_current_locks"":""9124"",""mysql_total_locks"":""15"",""mysql_lock_time_avg"":""2195"",""mysql_lock_time_max"":""12686"",""mysql_select_scans"":""10779"",""mysql_sort_scans"":""12854"",""mysql_join_scans"":""13"",""sys_load_avg"":4.61,""sys_memory_used"":2154.64453125,""sys_memory_used_buffers"":143.61328125,""sys_memory_used_cache"":699.375,""sys_memory_swap_used"":0,""sys_memory_swap_used_cache"":0,""fpm_listen_queue"":""0"",""fpm_listen_queue_length"":""128"",""fpm_total_processes"":""9"",""fpm_active_processes"":""8""}"
1471473569,"{""mysql_table_scans_pct"":0.33697196456253,""mysql_deadlocks"":""0"",""mysql_wait_locks"":""6"",""mysql_current_locks"":""9275"",""mysql_total_locks"":""16"",""mysql_lock_time_avg"":""2058"",""mysql_lock_time_max"":""12686"",""mysql_select_scans"":""10949"",""mysql_sort_scans"":""12929"",""mysql_join_scans"":""13"",""sys_load_avg"":4.56,""sys_memory_used"":2183.46875,""sys_memory_used_buffers"":144.26953125,""sys_memory_used_cache"":702.609375,""sys_memory_swap_used"":0,""sys_memory_swap_used_cache"":0,""fpm_listen_queue"":""0"",""fpm_listen_queue_length"":""128"",""fpm_total_processes"":""10"",""fpm_active_processes"":""8""}"
1471473574,"{""mysql_table_scans_pct"":0.33840958656378,""mysql_deadlocks"":""0"",""mysql_wait_locks"":""6"",""mysql_current_locks"":""9437"",""mysql_total_locks"":""17"",""mysql_lock_time_avg"":""4931"",""mysql_lock_time_max"":""50904"",""mysql_select_scans"":""11138"",""mysql_sort_scans"":""13012"",""mysql_join_scans"":""13"",""sys_load_avg"":4.44,""sys_memory_used"":2194.98828125,""sys_memory_used_buffers"":144.79296875,""sys_memory_used_cache"":704.19921875,""sys_memory_swap_used"":0,""sys_memory_swap_used_cache"":0,""fpm_listen_queue"":""0"",""fpm_listen_queue_length"":""128"",""fpm_total_processes"":""10"",""fpm_active_processes"":""10""}"
1471473579,"{""mysql_table_scans_pct"":0.33990149439141,""mysql_deadlocks"":""0"",""mysql_wait_locks"":""6"",""mysql_current_locks"":""9600"",""mysql_total_locks"":""17"",""mysql_lock_time_avg"":""4931"",""mysql_lock_time_max"":""50904"",""mysql_select_scans"":""11337"",""mysql_sort_scans"":""13106"",""mysql_join_scans"":""13"",""sys_load_avg"":4.16,""sys_memory_used"":2167.04296875,""sys_memory_used_buffers"":145.40625,""sys_memory_used_cache"":706.97265625,""sys_memory_swap_used"":0,""sys_memory_swap_used_cache"":0,""fpm_listen_queue"":""1"",""fpm_listen_queue_length"":""128"",""fpm_total_processes"":""9"",""fpm_active_processes"":""9""}"
1471473584,"{""mysql_table_scans_pct"":0.34142307627457,""mysql_deadlocks"":""0"",""mysql_wait_locks"":""7"",""mysql_current_locks"":""9768"",""mysql_total_locks"":""18"",""mysql_lock_time_avg"":""4657"",""mysql_lock_time_max"":""50904"",""mysql_select_scans"":""11493"",""mysql_sort_scans"":""13202"",""mysql_join_scans"":""13"",""sys_load_avg"":3.91,""sys_memory_used"":2210.10546875,""sys_memory_used_buffers"":146,""sys_memory_used_cache"":710.05859375,""sys_memory_swap_used"":0,""sys_memory_swap_used_cache"":0,""fpm_listen_queue"":""0"",""fpm_listen_queue_length"":""128"",""fpm_total_processes"":""10"",""fpm_active_processes"":""10""}"
1471473589,"{""mysql_table_scans_pct"":0.34292316403526,""mysql_deadlocks"":""0"",""mysql_wait_locks"":""7"",""mysql_current_locks"":""9990"",""mysql_total_locks"":""19"",""mysql_lock_time_avg"":""7103"",""mysql_lock_time_max"":""51130"",""mysql_select_scans"":""11590"",""mysql_sort_scans"":""13256"",""mysql_join_scans"":""13"",""sys_load_avg"":3.76,""sys_memory_used"":2211.18359375,""sys_memory_used_buffers"":146.48046875,""sys_memory_used_cache"":712.12109375,""sys_memory_swap_used"":0,""sys_memory_swap_used_cache"":0,""fpm_listen_queue"":""0"",""fpm_listen_queue_length"":""128"",""fpm_total_processes"":""10"",""fpm_active_processes"":""9""}"
1471473594,"{""mysql_table_scans_pct"":0.34231286844235,""mysql_deadlocks"":""0"",""mysql_wait_locks"":""8"",""mysql_current_locks"":""10105"",""mysql_total_locks"":""20"",""mysql_lock_time_avg"":""6748"",""mysql_lock_time_max"":""51130"",""mysql_select_scans"":""11696"",""mysql_sort_scans"":""13310"",""mysql_join_scans"":""13"",""sys_load_avg"":3.62,""sys_memory_used"":2245.46484375,""sys_memory_used_buffers"":147.15625,""sys_memory_used_cache"":713.8046875,""sys_memory_swap_used"":0,""sys_memory_swap_used_cache"":0,""fpm_listen_queue"":""0"",""fpm_listen_queue_length"":""128"",""fpm_total_processes"":""11"",""fpm_active_processes"":""9""}"
1471473599,"{""mysql_table_scans_pct"":0.34069602885258,""mysql_deadlocks"":""0"",""mysql_wait_locks"":""6"",""mysql_current_locks"":""10397"",""mysql_total_locks"":""20"",""mysql_lock_time_avg"":""11882"",""mysql_lock_time_max"":""51599"",""mysql_select_scans"":""11827"",""mysql_sort_scans"":""13381"",""mysql_join_scans"":""13"",""sys_load_avg"":3.33,""sys_memory_used"":2225.89453125,""sys_memory_used_buffers"":147.62890625,""sys_memory_used_cache"":716.09765625,""sys_memory_swap_used"":0,""sys_memory_swap_used_cache"":0,""fpm_listen_queue"":""0"",""fpm_listen_queue_length"":""128"",""fpm_total_processes"":""11"",""fpm_active_processes"":""9""}"
1471473605,"{""mysql_table_scans_pct"":0.33947372988544,""mysql_deadlocks"":""0"",""mysql_wait_locks"":""5"",""mysql_current_locks"":""10626"",""mysql_total_locks"":""20"",""mysql_lock_time_avg"":""14453"",""mysql_lock_time_max"":""51599"",""mysql_select_scans"":""11983"",""mysql_sort_scans"":""13444"",""mysql_join_scans"":""13"",""sys_load_avg"":3.38,""sys_memory_used"":2223.48828125,""sys_memory_used_buffers"":148.2734375,""sys_memory_used_cache"":719.12890625,""sys_memory_swap_used"":0,""sys_memory_swap_used_cache"":0,""fpm_listen_queue"":""0"",""fpm_listen_queue_length"":""128"",""fpm_total_processes"":""10"",""fpm_active_processes"":""9""}"
1471473610,"{""mysql_table_scans_pct"":0.33771451781601,""mysql_deadlocks"":""0"",""mysql_wait_locks"":""7"",""mysql_current_locks"":""10934"",""mysql_total_locks"":""22"",""mysql_lock_time_avg"":""13139"",""mysql_lock_time_max"":""51599"",""mysql_select_scans"":""12096"",""mysql_sort_scans"":""13513"",""mysql_join_scans"":""13"",""sys_load_avg"":3.19,""sys_memory_used"":2235.4765625,""sys_memory_used_buffers"":148.91015625,""sys_memory_used_cache"":722.05078125,""sys_memory_swap_used"":0,""sys_memory_swap_used_cache"":0,""fpm_listen_queue"":""0"",""fpm_listen_queue_length"":""128"",""fpm_total_processes"":""10"",""fpm_active_processes"":""9""}"
1471473615,"{""mysql_table_scans_pct"":0.33610712450206,""mysql_deadlocks"":""0"",""mysql_wait_locks"":""0"",""mysql_current_locks"":""0"",""mysql_total_locks"":""22"",""mysql_lock_time_avg"":""21468"",""mysql_lock_time_max"":""51599"",""mysql_select_scans"":""12175"",""mysql_sort_scans"":""13573"",""mysql_join_scans"":""13"",""sys_load_avg"":3.01,""sys_memory_used"":2205.84375,""sys_memory_used_buffers"":149.453125,""sys_memory_used_cache"":724.58203125,""sys_memory_swap_used"":0,""sys_memory_swap_used_cache"":0,""fpm_listen_queue"":""0"",""fpm_listen_queue_length"":""128"",""fpm_total_processes"":""10"",""fpm_active_processes"":""10""}"
1471473620,"{""mysql_table_scans_pct"":0.33358623656616,""mysql_deadlocks"":""0"",""mysql_wait_locks"":""0"",""mysql_current_locks"":""1016"",""mysql_total_locks"":""22"",""mysql_lock_time_avg"":""21468"",""mysql_lock_time_max"":""51599"",""mysql_select_scans"":""12446"",""mysql_sort_scans"":""13787"",""mysql_join_scans"":""13"",""sys_load_avg"":3.17,""sys_memory_used"":2193.65625,""sys_memory_used_buffers"":151.7109375,""sys_memory_used_cache"":730.8203125,""sys_memory_swap_used"":0,""sys_memory_swap_used_cache"":0,""fpm_listen_queue"":""0"",""fpm_listen_queue_length"":""128"",""fpm_total_processes"":""8"",""fpm_active_processes"":""5""}"
1471473625,"{""mysql_table_scans_pct"":0.32694029232027,""mysql_deadlocks"":""0"",""mysql_wait_locks"":""0"",""mysql_current_locks"":""384"",""mysql_total_locks"":""22"",""mysql_lock_time_avg"":""21468"",""mysql_lock_time_max"":""51599"",""mysql_select_scans"":""12807"",""mysql_sort_scans"":""13942"",""mysql_join_scans"":""13"",""sys_load_avg"":3.32,""sys_memory_used"":2194.828125,""sys_memory_used_buffers"":152.859375,""sys_memory_used_cache"":733.4609375,""sys_memory_swap_used"":0,""sys_memory_swap_used_cache"":0,""fpm_listen_queue"":""0"",""fpm_listen_queue_length"":""128"",""fpm_total_processes"":""9"",""fpm_active_processes"":""7""}"
1471473630,"{""mysql_table_scans_pct"":0.31892665689042,""mysql_deadlocks"":""0"",""mysql_wait_locks"":""0"",""mysql_current_locks"":""1328"",""mysql_total_locks"":""22"",""mysql_lock_time_avg"":""21468"",""mysql_lock_time_max"":""51599"",""mysql_select_scans"":""13215"",""mysql_sort_scans"":""14159"",""mysql_join_scans"":""13"",""sys_load_avg"":3.61,""sys_memory_used"":2228.1328125,""sys_memory_used_buffers"":154.359375,""sys_memory_used_cache"":742.4375,""sys_memory_swap_used"":0,""sys_memory_swap_used_cache"":0,""fpm_listen_queue"":""0"",""fpm_listen_queue_length"":""128"",""fpm_total_processes"":""8"",""fpm_active_processes"":""6""}"
1471473635,"{""mysql_table_scans_pct"":0.31314987546167,""mysql_deadlocks"":""0"",""mysql_wait_locks"":""0"",""mysql_current_locks"":""5"",""mysql_total_locks"":""22"",""mysql_lock_time_avg"":""21468"",""mysql_lock_time_max"":""51599"",""mysql_select_scans"":""13520"",""mysql_sort_scans"":""14355"",""mysql_join_scans"":""13"",""sys_load_avg"":4.05,""sys_memory_used"":2125.65625,""sys_memory_used_buffers"":155.05859375,""sys_memory_used_cache"":753.1328125,""sys_memory_swap_used"":0,""sys_memory_swap_used_cache"":0,""fpm_listen_queue"":""2"",""fpm_listen_queue_length"":""128"",""fpm_total_processes"":""7"",""fpm_active_processes"":""7""}"
1471473640,"{""mysql_table_scans_pct"":0.29708688629695,""mysql_deadlocks"":""0"",""mysql_wait_locks"":""0"",""mysql_current_locks"":""0"",""mysql_total_locks"":""22"",""mysql_lock_time_avg"":""21468"",""mysql_lock_time_max"":""51599"",""mysql_select_scans"":""13605"",""mysql_sort_scans"":""14440"",""mysql_join_scans"":""13"",""sys_load_avg"":4.36,""sys_memory_used"":2145.71484375,""sys_memory_used_buffers"":155.58984375,""sys_memory_used_cache"":755.31640625,""sys_memory_swap_used"":0,""sys_memory_swap_used_cache"":0,""fpm_listen_queue"":""0"",""fpm_listen_queue_length"":""128"",""fpm_total_processes"":""7"",""fpm_active_processes"":""4""}"
1471473645,"{""mysql_table_scans_pct"":0.2779218120623,""mysql_deadlocks"":""0"",""mysql_wait_locks"":""0"",""mysql_current_locks"":""0"",""mysql_total_locks"":""22"",""mysql_lock_time_avg"":""21468"",""mysql_lock_time_max"":""51599"",""mysql_select_scans"":""13705"",""mysql_sort_scans"":""14615"",""mysql_join_scans"":""13"",""sys_load_avg"":4.81,""sys_memory_used"":2163.75390625,""sys_memory_used_buffers"":156.08984375,""sys_memory_used_cache"":760.0859375,""sys_memory_swap_used"":0,""sys_memory_swap_used_cache"":0,""fpm_listen_queue"":""0"",""fpm_listen_queue_length"":""128"",""fpm_total_processes"":""8"",""fpm_active_processes"":""7""}"
1471473651,"{""mysql_table_scans_pct"":0.2600420121493,""mysql_deadlocks"":""0"",""mysql_wait_locks"":""0"",""mysql_current_locks"":""0"",""mysql_total_locks"":""22"",""mysql_lock_time_avg"":""21468"",""mysql_lock_time_max"":""51599"",""mysql_select_scans"":""13817"",""mysql_sort_scans"":""14795"",""mysql_join_scans"":""13"",""sys_load_avg"":4.67,""sys_memory_used"":2176.24609375,""sys_memory_used_buffers"":156.7890625,""sys_memory_used_cache"":764.7109375,""sys_memory_swap_used"":0,""sys_memory_swap_used_cache"":0,""fpm_listen_queue"":""0"",""fpm_listen_queue_length"":""128"",""fpm_total_processes"":""8"",""fpm_active_processes"":""6""}"
1471473656,"{""mysql_table_scans_pct"":0.24843528398229,""mysql_deadlocks"":""0"",""mysql_wait_locks"":""0"",""mysql_current_locks"":""0"",""mysql_total_locks"":""22"",""mysql_lock_time_avg"":""21468"",""mysql_lock_time_max"":""51599"",""mysql_select_scans"":""13919"",""mysql_sort_scans"":""14962"",""mysql_join_scans"":""13"",""sys_load_avg"":4.29,""sys_memory_used"":2147.8984375,""sys_memory_used_buffers"":157.4375,""sys_memory_used_cache"":769.7578125,""sys_memory_swap_used"":0,""sys_memory_swap_used_cache"":0,""fpm_listen_queue"":""0"",""fpm_listen_queue_length"":""128"",""fpm_total_processes"":""7"",""fpm_active_processes"":""7""}"
1471473661,"{""mysql_table_scans_pct"":0.24844845697957,""mysql_deadlocks"":""0"",""mysql_wait_locks"":""0"",""mysql_current_locks"":""0"",""mysql_total_locks"":""22"",""mysql_lock_time_avg"":""21468"",""mysql_lock_time_max"":""51599"",""mysql_select_scans"":""13991"",""mysql_sort_scans"":""15140"",""mysql_join_scans"":""13"",""sys_load_avg"":4.11,""sys_memory_used"":2187.19921875,""sys_memory_used_buffers"":157.78515625,""sys_memory_used_cache"":774.7265625,""sys_memory_swap_used"":0,""sys_memory_swap_used_cache"":0,""fpm_listen_queue"":""0"",""fpm_listen_queue_length"":""128"",""fpm_total_processes"":""7"",""fpm_active_processes"":""6""}"
1471473666,"{""mysql_table_scans_pct"":0.24846200882048,""mysql_deadlocks"":""0"",""mysql_wait_locks"":""0"",""mysql_current_locks"":""0"",""mysql_total_locks"":""22"",""mysql_lock_time_avg"":""21468"",""mysql_lock_time_max"":""51599"",""mysql_select_scans"":""14037"",""mysql_sort_scans"":""15229"",""mysql_join_scans"":""13"",""sys_load_avg"":4.18,""sys_memory_used"":2148.0703125,""sys_memory_used_buffers"":158.11328125,""sys_memory_used_cache"":777.2265625,""sys_memory_swap_used"":0,""sys_memory_swap_used_cache"":0,""fpm_listen_queue"":""0"",""fpm_listen_queue_length"":""128"",""fpm_total_processes"":""8"",""fpm_active_processes"":""6""}"
1471473671,"{""mysql_table_scans_pct"":0.24847377296425,""mysql_deadlocks"":""0"",""mysql_wait_locks"":""0"",""mysql_current_locks"":""5"",""mysql_total_locks"":""22"",""mysql_lock_time_avg"":""21468"",""mysql_lock_time_max"":""51599"",""mysql_select_scans"":""14095"",""mysql_sort_scans"":""15371"",""mysql_join_scans"":""13"",""sys_load_avg"":4.01,""sys_memory_used"":2123.4765625,""sys_memory_used_buffers"":158.62109375,""sys_memory_used_cache"":779.84375,""sys_memory_swap_used"":0,""sys_memory_swap_used_cache"":0,""fpm_listen_queue"":""0"",""fpm_listen_queue_length"":""128"",""fpm_total_processes"":""7"",""fpm_active_processes"":""6""}"
1471473676,"{""mysql_table_scans_pct"":0.24848188598217,""mysql_deadlocks"":""0"",""mysql_wait_locks"":""0"",""mysql_current_locks"":""0"",""mysql_total_locks"":""22"",""mysql_lock_time_avg"":""21468"",""mysql_lock_time_max"":""51599"",""mysql_select_scans"":""14159"",""mysql_sort_scans"":""15521"",""mysql_join_scans"":""13"",""sys_load_avg"":4.09,""sys_memory_used"":2171.5078125,""sys_memory_used_buffers"":159.1015625,""sys_memory_used_cache"":783.46875,""sys_memory_swap_used"":0,""sys_memory_swap_used_cache"":0,""fpm_listen_queue"":""0"",""fpm_listen_queue_length"":""128"",""fpm_total_processes"":""7"",""fpm_active_processes"":""7""}"
1471473681,"{""mysql_table_scans_pct"":0.24849537459241,""mysql_deadlocks"":""0"",""mysql_wait_locks"":""0"",""mysql_current_locks"":""0"",""mysql_total_locks"":""22"",""mysql_lock_time_avg"":""21468"",""mysql_lock_time_max"":""51599"",""mysql_select_scans"":""14232"",""mysql_sort_scans"":""15638"",""mysql_join_scans"":""13"",""sys_load_avg"":3.92,""sys_memory_used"":2146.26953125,""sys_memory_used_buffers"":159.19921875,""sys_memory_used_cache"":786.3046875,""sys_memory_swap_used"":0,""sys_memory_swap_used_cache"":0,""fpm_listen_queue"":""0"",""fpm_listen_queue_length"":""128"",""fpm_total_processes"":""6"",""fpm_active_processes"":""6""}"
1471473686,"{""mysql_table_scans_pct"":0.24850828210597,""mysql_deadlocks"":""0"",""mysql_wait_locks"":""0"",""mysql_current_locks"":""0"",""mysql_total_locks"":""22"",""mysql_lock_time_avg"":""21468"",""mysql_lock_time_max"":""51599"",""mysql_select_scans"":""14294"",""mysql_sort_scans"":""15761"",""mysql_join_scans"":""13"",""sys_load_avg"":3.69,""sys_memory_used"":2185.99609375,""sys_memory_used_buffers"":159.46484375,""sys_memory_used_cache"":788.7109375,""sys_memory_swap_used"":0,""sys_memory_swap_used_cache"":0,""fpm_listen_queue"":""0"",""fpm_listen_queue_length"":""128"",""fpm_total_processes"":""7"",""fpm_active_processes"":""6""}"
1471473691,"{""mysql_table_scans_pct"":0.24851402635656,""mysql_deadlocks"":""0"",""mysql_wait_locks"":""0"",""mysql_current_locks"":""0"",""mysql_total_locks"":""22"",""mysql_lock_time_avg"":""21468"",""mysql_lock_time_max"":""51599"",""mysql_select_scans"":""14355"",""mysql_sort_scans"":""15876"",""mysql_join_scans"":""13"",""sys_load_avg"":3.55,""sys_memory_used"":2162.66796875,""sys_memory_used_buffers"":159.5703125,""sys_memory_used_cache"":792.3203125,""sys_memory_swap_used"":0,""sys_memory_swap_used_cache"":0,""fpm_listen_queue"":""0"",""fpm_listen_queue_length"":""128"",""fpm_total_processes"":""6"",""fpm_active_processes"":""4""}"
1471473697,"{""mysql_table_scans_pct"":0.24646685700715,""mysql_deadlocks"":""0"",""mysql_wait_locks"":""0"",""mysql_current_locks"":""943"",""mysql_total_locks"":""22"",""mysql_lock_time_avg"":""21468"",""mysql_lock_time_max"":""51599"",""mysql_select_scans"":""14460"",""mysql_sort_scans"":""15994"",""mysql_join_scans"":""14"",""sys_load_avg"":3.59,""sys_memory_used"":2187.78125,""sys_memory_used_buffers"":159.7578125,""sys_memory_used_cache"":795.234375,""sys_memory_swap_used"":0,""sys_memory_swap_used_cache"":0,""fpm_listen_queue"":""0"",""fpm_listen_queue_length"":""128"",""fpm_total_processes"":""6"",""fpm_active_processes"":""5""}"
1471473702,"{""mysql_table_scans_pct"":0.24776110527071,""mysql_deadlocks"":""0"",""mysql_wait_locks"":""0"",""mysql_current_locks"":""9"",""mysql_total_locks"":""22"",""mysql_lock_time_avg"":""21468"",""mysql_lock_time_max"":""51599"",""mysql_select_scans"":""14568"",""mysql_sort_scans"":""16101"",""mysql_join_scans"":""15"",""sys_load_avg"":3.62,""sys_memory_used"":2182.7109375,""sys_memory_used_buffers"":159.8984375,""sys_memory_used_cache"":799.2734375,""sys_memory_swap_used"":0,""sys_memory_swap_used_cache"":0,""fpm_listen_queue"":""0"",""fpm_listen_queue_length"":""128"",""fpm_total_processes"":""5"",""fpm_active_processes"":""3""}"
1471473707,"{""mysql_table_scans_pct"":0.24516706041174,""mysql_deadlocks"":""0"",""mysql_wait_locks"":""0"",""mysql_current_locks"":""71"",""mysql_total_locks"":""23"",""mysql_lock_time_avg"":""20539"",""mysql_lock_time_max"":""51599"",""mysql_select_scans"":""14643"",""mysql_sort_scans"":""16192"",""mysql_join_scans"":""19"",""sys_load_avg"":3.49,""sys_memory_used"":2156.1171875,""sys_memory_used_buffers"":159.984375,""sys_memory_used_cache"":801.953125,""sys_memory_swap_used"":0,""sys_memory_swap_used_cache"":0,""fpm_listen_queue"":""0"",""fpm_listen_queue_length"":""128"",""fpm_total_processes"":""4"",""fpm_active_processes"":""1""}"
1471473712,"{""mysql_table_scans_pct"":0.24666204890103,""mysql_deadlocks"":""0"",""mysql_wait_locks"":""0"",""mysql_current_locks"":""86"",""mysql_total_locks"":""23"",""mysql_lock_time_avg"":""20539"",""mysql_lock_time_max"":""51599"",""mysql_select_scans"":""14672"",""mysql_sort_scans"":""16253"",""mysql_join_scans"":""19"",""sys_load_avg"":3.29,""sys_memory_used"":2164.20703125,""sys_memory_used_buffers"":160.140625,""sys_memory_used_cache"":803.34375,""sys_memory_swap_used"":0,""sys_memory_swap_used_cache"":0,""fpm_listen_queue"":""0"",""fpm_listen_queue_length"":""128"",""fpm_total_processes"":""4"",""fpm_active_processes"":""3""}"
1471473717,"{""mysql_table_scans_pct"":0.24779525490597,""mysql_deadlocks"":""0"",""mysql_wait_locks"":""0"",""mysql_current_locks"":""241"",""mysql_total_locks"":""23"",""mysql_lock_time_avg"":""20539"",""mysql_lock_time_max"":""51599"",""mysql_select_scans"":""14679"",""mysql_sort_scans"":""16254"",""mysql_join_scans"":""19"",""sys_load_avg"":3.11,""sys_memory_used"":2125.12109375,""sys_memory_used_buffers"":160.2421875,""sys_memory_used_cache"":803.76171875,""sys_memory_swap_used"":0,""sys_memory_swap_used_cache"":0,""fpm_listen_queue"":""0"",""fpm_listen_queue_length"":""128"",""fpm_total_processes"":""3"",""fpm_active_processes"":""1""}"
1471473722,"{""mysql_table_scans_pct"":0.24809452789837,""mysql_deadlocks"":""0"",""mysql_wait_locks"":""0"",""mysql_current_locks"":""0"",""mysql_total_locks"":""23"",""mysql_lock_time_avg"":""20539"",""mysql_lock_time_max"":""51599"",""mysql_select_scans"":""14681"",""mysql_sort_scans"":""16254"",""mysql_join_scans"":""19"",""sys_load_avg"":2.94,""sys_memory_used"":2037.578125,""sys_memory_used_buffers"":217.015625,""sys_memory_used_cache"":742.51171875,""sys_memory_swap_used"":0,""sys_memory_swap_used_cache"":0,""fpm_listen_queue"":""0"",""fpm_listen_queue_length"":""128"",""fpm_total_processes"":""3"",""fpm_active_processes"":""1""}"
