1475430366,"{""mysql_table_scans_pct"":0.2343114454103,""mysql_deadlocks"":""0"",""mysql_wait_locks"":""0"",""mysql_current_locks"":""371"",""mysql_total_locks"":""1"",""mysql_lock_time_avg"":""875"",""mysql_lock_time_max"":""875"",""mysql_select_scans"":""1733"",""mysql_sort_scans"":""4046"",""mysql_join_scans"":""6"",""sys_load_avg"":3.73,""sys_memory_used"":1951.80078125,""sys_memory_used_buffers"":108.96484375,""sys_memory_used_cache"":411.04296875,""sys_memory_swap_used"":0,""sys_memory_swap_used_cache"":0,""fpm_listen_queue"":""0"",""fpm_listen_queue_length"":""128"",""fpm_total_processes"":""15"",""fpm_active_processes"":""14""}"
1475430371,"{""mysql_table_scans_pct"":0.23958113824098,""mysql_deadlocks"":""0"",""mysql_wait_locks"":""0"",""mysql_current_locks"":""505"",""mysql_total_locks"":""1"",""mysql_lock_time_avg"":""875"",""mysql_lock_time_max"":""875"",""mysql_select_scans"":""2203"",""mysql_sort_scans"":""5051"",""mysql_join_scans"":""6"",""sys_load_avg"":4.95,""sys_memory_used"":2066.94921875,""sys_memory_used_buffers"":112.11328125,""sys_memory_used_cache"":429.0078125,""sys_memory_swap_used"":0,""sys_memory_swap_used_cache"":0,""fpm_listen_queue"":""0"",""fpm_listen_queue_length"":""128"",""fpm_total_processes"":""18"",""fpm_active_processes"":""13""}"
1475430377,"{""mysql_table_scans_pct"":0.24420228409063,""mysql_deadlocks"":""0"",""mysql_wait_locks"":""0"",""mysql_current_locks"":""15"",""mysql_total_locks"":""1"",""mysql_lock_time_avg"":""875"",""mysql_lock_time_max"":""875"",""mysql_select_scans"":""2537"",""mysql_sort_scans"":""5916"",""mysql_join_scans"":""6"",""sys_load_avg"":5.35,""sys_memory_used"":2120.33203125,""sys_memory_used_buffers"":114.04296875,""sys_memory_used_cache"":446.30859375,""sys_memory_swap_used"":0,""sys_memory_swap_used_cache"":0,""fpm_listen_queue"":""0"",""fpm_listen_queue_length"":""128"",""fpm_total_processes"":""17"",""fpm_active_processes"":""16""}"
1475430382,"{""mysql_table_scans_pct"":0.25799399432064,""mysql_deadlocks"":""0"",""mysql_wait_locks"":""0"",""mysql_current_locks"":""546"",""mysql_total_locks"":""1"",""mysql_lock_time_avg"":""875"",""mysql_lock_time_max"":""875"",""mysql_select_scans"":""3023"",""mysql_sort_scans"":""6789"",""mysql_join_scans"":""8"",""sys_load_avg"":6.61,""sys_memory_used"":2238.296875,""sys_memory_used_buffers"":116.96484375,""sys_memory_used_cache"":470.671875,""sys_memory_swap_used"":0,""sys_memory_swap_used_cache"":0,""fpm_listen_queue"":""0"",""fpm_listen_queue_length"":""128"",""fpm_total_processes"":""18"",""fpm_active_processes"":""17""}"
1475430387,"{""mysql_table_scans_pct"":0.23835171879904,""mysql_deadlocks"":""0"",""mysql_wait_locks"":""0"",""mysql_current_locks"":""2383"",""mysql_total_locks"":""1"",""mysql_lock_time_avg"":""875"",""mysql_lock_time_max"":""875"",""mysql_select_scans"":""3706"",""mysql_sort_scans"":""7365"",""mysql_join_scans"":""8"",""sys_load_avg"":7.36,""sys_memory_used"":2254.4453125,""sys_memory_used_buffers"":118.921875,""sys_memory_used_cache"":490.85546875,""sys_memory_swap_used"":0,""sys_memory_swap_used_cache"":0,""fpm_listen_queue"":""0"",""fpm_listen_queue_length"":""128"",""fpm_total_processes"":""17"",""fpm_active_processes"":""17""}"
1475430392,"{""mysql_table_scans_pct"":0.21330012653057,""mysql_deadlocks"":""0"",""mysql_wait_locks"":""0"",""mysql_current_locks"":""3138"",""mysql_total_locks"":""1"",""mysql_lock_time_avg"":""875"",""mysql_lock_time_max"":""875"",""mysql_select_scans"":""4503"",""mysql_sort_scans"":""8175"",""mysql_join_scans"":""8"",""sys_load_avg"":8.13,""sys_memory_used"":2250.10546875,""sys_memory_used_buffers"":121.2890625,""sys_memory_used_cache"":506.41796875,""sys_memory_swap_used"":0,""sys_memory_swap_used_cache"":0,""fpm_listen_queue"":""0"",""fpm_listen_queue_length"":""128"",""fpm_total_processes"":""17"",""fpm_active_processes"":""16""}"
1475430397,"{""mysql_table_scans_pct"":0.19048520983772,""mysql_deadlocks"":""0"",""mysql_wait_locks"":""1"",""mysql_current_locks"":""3904"",""mysql_total_locks"":""2"",""mysql_lock_time_avg"":""437"",""mysql_lock_time_max"":""875"",""mysql_select_scans"":""5233"",""mysql_sort_scans"":""8726"",""mysql_join_scans"":""9"",""sys_load_avg"":8.76,""sys_memory_used"":2326.3125,""sys_memory_used_buffers"":122.9921875,""sys_memory_used_cache"":521.8515625,""sys_memory_swap_used"":0,""sys_memory_swap_used_cache"":0,""fpm_listen_queue"":""0"",""fpm_listen_queue_length"":""128"",""fpm_total_processes"":""17"",""fpm_active_processes"":""16""}"
1475430402,"{""mysql_table_scans_pct"":0.20643668898677,""mysql_deadlocks"":""0"",""mysql_wait_locks"":""3"",""mysql_current_locks"":""5145"",""mysql_total_locks"":""4"",""mysql_lock_time_avg"":""218"",""mysql_lock_time_max"":""875"",""mysql_select_scans"":""5874"",""mysql_sort_scans"":""9162"",""mysql_join_scans"":""9"",""sys_load_avg"":9.34,""sys_memory_used"":2351.6171875,""sys_memory_used_buffers"":124.19921875,""sys_memory_used_cache"":553.83984375,""sys_memory_swap_used"":0,""sys_memory_swap_used_cache"":0,""fpm_listen_queue"":""3"",""fpm_listen_queue_length"":""128"",""fpm_total_processes"":""17"",""fpm_active_processes"":""17""}"
1475430407,"{""mysql_table_scans_pct"":0.20704539589196,""mysql_deadlocks"":""0"",""mysql_wait_locks"":""2"",""mysql_current_locks"":""812"",""mysql_total_locks"":""6"",""mysql_lock_time_avg"":""1970"",""mysql_lock_time_max"":""6834"",""mysql_select_scans"":""6347"",""mysql_sort_scans"":""9511"",""mysql_join_scans"":""10"",""sys_load_avg"":9.55,""sys_memory_used"":2388.51953125,""sys_memory_used_buffers"":125.765625,""sys_memory_used_cache"":585.58203125,""sys_memory_swap_used"":0,""sys_memory_swap_used_cache"":0,""fpm_listen_queue"":""0"",""fpm_listen_queue_length"":""128"",""fpm_total_processes"":""16"",""fpm_active_processes"":""12""}"
1475430412,"{""mysql_table_scans_pct"":0.21811674404068,""mysql_deadlocks"":""0"",""mysql_wait_locks"":""2"",""mysql_current_locks"":""2181"",""mysql_total_locks"":""6"",""mysql_lock_time_avg"":""1970"",""mysql_lock_time_max"":""6834"",""mysql_select_scans"":""6945"",""mysql_sort_scans"":""9839"",""mysql_join_scans"":""10"",""sys_load_avg"":9.83,""sys_memory_used"":2487.3125,""sys_memory_used_buffers"":127.59375,""sys_memory_used_cache"":600.87890625,""sys_memory_swap_used"":0,""sys_memory_swap_used_cache"":0,""fpm_listen_queue"":""0"",""fpm_listen_queue_length"":""128"",""fpm_total_processes"":""17"",""fpm_active_processes"":""17""}"
1475430417,"{""mysql_table_scans_pct"":0.24485188838645,""mysql_deadlocks"":""0"",""mysql_wait_locks"":""2"",""mysql_current_locks"":""9135"",""mysql_total_locks"":""6"",""mysql_lock_time_avg"":""1970"",""mysql_lock_time_max"":""6834"",""mysql_select_scans"":""7537"",""mysql_sort_scans"":""10249"",""mysql_join_scans"":""10"",""sys_load_avg"":9.84,""sys_memory_used"":2519.24609375,""sys_memory_used_buffers"":128.96484375,""sys_memory_used_cache"":633.90234375,""sys_memory_swap_used"":0,""sys_memory_swap_used_cache"":0,""fpm_listen_queue"":""0"",""fpm_listen_queue_length"":""128"",""fpm_total_processes"":""16"",""fpm_active_processes"":""15""}"
1475430423,"{""mysql_table_scans_pct"":0.29255331077405,""mysql_deadlocks"":""0"",""mysql_wait_locks"":""3"",""mysql_current_locks"":""14277"",""mysql_total_locks"":""7"",""mysql_lock_time_avg"":""1688"",""mysql_lock_time_max"":""6834"",""mysql_select_scans"":""8116"",""mysql_sort_scans"":""10681"",""mysql_join_scans"":""10"",""sys_load_avg"":10.02,""sys_memory_used"":2514.3828125,""sys_memory_used_buffers"":130.06640625,""sys_memory_used_cache"":637.49609375,""sys_memory_swap_used"":0,""sys_memory_swap_used_cache"":0,""fpm_listen_queue"":""0"",""fpm_listen_queue_length"":""128"",""fpm_total_processes"":""15"",""fpm_active_processes"":""15""}"
1475430428,"{""mysql_table_scans_pct"":0.31451182020906,""mysql_deadlocks"":""0"",""mysql_wait_locks"":""0"",""mysql_current_locks"":""797"",""mysql_total_locks"":""8"",""mysql_lock_time_avg"":""6333"",""mysql_lock_time_max"":""18422"",""mysql_select_scans"":""8459"",""mysql_sort_scans"":""10988"",""mysql_join_scans"":""10"",""sys_load_avg"":10.66,""sys_memory_used"":2590.66796875,""sys_memory_used_buffers"":131.37109375,""sys_memory_used_cache"":643.1875,""sys_memory_swap_used"":0,""sys_memory_swap_used_cache"":0,""fpm_listen_queue"":""2"",""fpm_listen_queue_length"":""128"",""fpm_total_processes"":""15"",""fpm_active_processes"":""15""}"
1475430433,"{""mysql_table_scans_pct"":0.31687189640168,""mysql_deadlocks"":""0"",""mysql_wait_locks"":""0"",""mysql_current_locks"":""18"",""mysql_total_locks"":""10"",""mysql_lock_time_avg"":""5152"",""mysql_lock_time_max"":""18422"",""mysql_select_scans"":""8841"",""mysql_sort_scans"":""11315"",""mysql_join_scans"":""10"",""sys_load_avg"":11.24,""sys_memory_used"":2610.01171875,""sys_memory_used_buffers"":132.58984375,""sys_memory_used_cache"":649.3046875,""sys_memory_swap_used"":0,""sys_memory_swap_used_cache"":0,""fpm_listen_queue"":""0"",""fpm_listen_queue_length"":""128"",""fpm_total_processes"":""16"",""fpm_active_processes"":""14""}"
1475430438,"{""mysql_table_scans_pct"":0.31853107177648,""mysql_deadlocks"":""0"",""mysql_wait_locks"":""0"",""mysql_current_locks"":""141"",""mysql_total_locks"":""10"",""mysql_lock_time_avg"":""5152"",""mysql_lock_time_max"":""18422"",""mysql_select_scans"":""8925"",""mysql_sort_scans"":""11538"",""mysql_join_scans"":""10"",""sys_load_avg"":11.3,""sys_memory_used"":2565.75,""sys_memory_used_buffers"":133.515625,""sys_memory_used_cache"":654.98046875,""sys_memory_swap_used"":0,""sys_memory_swap_used_cache"":0,""fpm_listen_queue"":""0"",""fpm_listen_queue_length"":""128"",""fpm_total_processes"":""14"",""fpm_active_processes"":""14""}"
1475430443,"{""mysql_table_scans_pct"":0.32001974373057,""mysql_deadlocks"":""0"",""mysql_wait_locks"":""0"",""mysql_current_locks"":""262"",""mysql_total_locks"":""10"",""mysql_lock_time_avg"":""5152"",""mysql_lock_time_max"":""18422"",""mysql_select_scans"":""9000"",""mysql_sort_scans"":""11812"",""mysql_join_scans"":""10"",""sys_load_avg"":11.6,""sys_memory_used"":2632.28515625,""sys_memory_used_buffers"":134.2265625,""sys_memory_used_cache"":661.9453125,""sys_memory_swap_used"":0,""sys_memory_swap_used_cache"":0,""fpm_listen_queue"":""0"",""fpm_listen_queue_length"":""128"",""fpm_total_processes"":""15"",""fpm_active_processes"":""15""}"
1475430448,"{""mysql_table_scans_pct"":0.32155306099758,""mysql_deadlocks"":""0"",""mysql_wait_locks"":""0"",""mysql_current_locks"":""382"",""mysql_total_locks"":""10"",""mysql_lock_time_avg"":""5152"",""mysql_lock_time_max"":""18422"",""mysql_select_scans"":""9083"",""mysql_sort_scans"":""12037"",""mysql_join_scans"":""10"",""sys_load_avg"":11.63,""sys_memory_used"":2734.1328125,""sys_memory_used_buffers"":135.05859375,""sys_memory_used_cache"":668.203125,""sys_memory_swap_used"":0,""sys_memory_swap_used_cache"":0,""fpm_listen_queue"":""2"",""fpm_listen_queue_length"":""128"",""fpm_total_processes"":""17"",""fpm_active_processes"":""17""}"
1475430453,"{""mysql_table_scans_pct"":0.32287217031775,""mysql_deadlocks"":""0"",""mysql_wait_locks"":""0"",""mysql_current_locks"":""514"",""mysql_total_locks"":""10"",""mysql_lock_time_avg"":""5152"",""mysql_lock_time_max"":""18422"",""mysql_select_scans"":""9192"",""mysql_sort_scans"":""12265"",""mysql_join_scans"":""10"",""sys_load_avg"":11.82,""sys_memory_used"":2700.3671875,""sys_memory_used_buffers"":135.80859375,""sys_memory_used_cache"":674.0703125,""sys_memory_swap_used"":0,""sys_memory_swap_used_cache"":0,""fpm_listen_queue"":""0"",""fpm_listen_queue_length"":""128"",""fpm_total_processes"":""16"",""fpm_active_processes"":""14""}"
1475430458,"{""mysql_table_scans_pct"":0.32425689615134,""mysql_deadlocks"":""0"",""mysql_wait_locks"":""0"",""mysql_current_locks"":""628"",""mysql_total_locks"":""10"",""mysql_lock_time_avg"":""5152"",""mysql_lock_time_max"":""18422"",""mysql_select_scans"":""9297"",""mysql_sort_scans"":""12523"",""mysql_join_scans"":""10"",""sys_load_avg"":12.32,""sys_memory_used"":2732.5859375,""sys_memory_used_buffers"":136.50390625,""sys_memory_used_cache"":680.86328125,""sys_memory_swap_used"":0,""sys_memory_swap_used_cache"":0,""fpm_listen_queue"":""2"",""fpm_listen_queue_length"":""128"",""fpm_total_processes"":""15"",""fpm_active_processes"":""15""}"
1475430464,"{""mysql_table_scans_pct"":0.32566979656424,""mysql_deadlocks"":""0"",""mysql_wait_locks"":""0"",""mysql_current_locks"":""740"",""mysql_total_locks"":""10"",""mysql_lock_time_avg"":""5152"",""mysql_lock_time_max"":""18422"",""mysql_select_scans"":""9381"",""mysql_sort_scans"":""12786"",""mysql_join_scans"":""10"",""sys_load_avg"":12.53,""sys_memory_used"":2708.41015625,""sys_memory_used_buffers"":137.40234375,""sys_memory_used_cache"":688.328125,""sys_memory_swap_used"":0,""sys_memory_swap_used_cache"":0,""fpm_listen_queue"":""0"",""fpm_listen_queue_length"":""128"",""fpm_total_processes"":""15"",""fpm_active_processes"":""15""}"
1475430469,"{""mysql_table_scans_pct"":0.32705752145149,""mysql_deadlocks"":""0"",""mysql_wait_locks"":""0"",""mysql_current_locks"":""857"",""mysql_total_locks"":""10"",""mysql_lock_time_avg"":""5152"",""mysql_lock_time_max"":""18422"",""mysql_select_scans"":""9473"",""mysql_sort_scans"":""13015"",""mysql_join_scans"":""10"",""sys_load_avg"":12.57,""sys_memory_used"":2718.79296875,""sys_memory_used_buffers"":138.05078125,""sys_memory_used_cache"":694.95703125,""sys_memory_swap_used"":0,""sys_memory_swap_used_cache"":0,""fpm_listen_queue"":""0"",""fpm_listen_queue_length"":""128"",""fpm_total_processes"":""16"",""fpm_active_processes"":""12""}"
1475430474,"{""mysql_table_scans_pct"":0.32856514579841,""mysql_deadlocks"":""0"",""mysql_wait_locks"":""0"",""mysql_current_locks"":""979"",""mysql_total_locks"":""10"",""mysql_lock_time_avg"":""5152"",""mysql_lock_time_max"":""18422"",""mysql_select_scans"":""9548"",""mysql_sort_scans"":""13223"",""mysql_join_scans"":""10"",""sys_load_avg"":13,""sys_memory_used"":2753.12890625,""sys_memory_used_buffers"":138.65234375,""sys_memory_used_cache"":701.03125,""sys_memory_swap_used"":0,""sys_memory_swap_used_cache"":0,""fpm_listen_queue"":""0"",""fpm_listen_queue_length"":""128"",""fpm_total_processes"":""16"",""fpm_active_processes"":""15""}"
1475430479,"{""mysql_table_scans_pct"":0.3300803277268,""mysql_deadlocks"":""0"",""mysql_wait_locks"":""0"",""mysql_current_locks"":""1106"",""mysql_total_locks"":""10"",""mysql_lock_time_avg"":""5152"",""mysql_lock_time_max"":""18422"",""mysql_select_scans"":""9635"",""mysql_sort_scans"":""13483"",""mysql_join_scans"":""10"",""sys_load_avg"":13.24,""sys_memory_used"":2746.0703125,""sys_memory_used_buffers"":139.19921875,""sys_memory_used_cache"":708.30859375,""sys_memory_swap_used"":0,""sys_memory_swap_used_cache"":0,""fpm_listen_queue"":""0"",""fpm_listen_queue_length"":""128"",""fpm_total_processes"":""14"",""fpm_active_processes"":""9""}"
1475430484,"{""mysql_table_scans_pct"":0.33148654348366,""mysql_deadlocks"":""0"",""mysql_wait_locks"":""0"",""mysql_current_locks"":""1216"",""mysql_total_locks"":""10"",""mysql_lock_time_avg"":""5152"",""mysql_lock_time_max"":""18422"",""mysql_select_scans"":""9710"",""mysql_sort_scans"":""13715"",""mysql_join_scans"":""10"",""sys_load_avg"":13.46,""sys_memory_used"":2834.7890625,""sys_memory_used_buffers"":139.875,""sys_memory_used_cache"":714.71484375,""sys_memory_swap_used"":0,""sys_memory_swap_used_cache"":0,""fpm_listen_queue"":""0"",""fpm_listen_queue_length"":""128"",""fpm_total_processes"":""17"",""fpm_active_processes"":""13""}"
1475430489,"{""mysql_table_scans_pct"":0.333166075959,""mysql_deadlocks"":""0"",""mysql_wait_locks"":""0"",""mysql_current_locks"":""1351"",""mysql_total_locks"":""10"",""mysql_lock_time_avg"":""5152"",""mysql_lock_time_max"":""18422"",""mysql_select_scans"":""9800"",""mysql_sort_scans"":""13922"",""mysql_join_scans"":""10"",""sys_load_avg"":13.51,""sys_memory_used"":2795.96875,""sys_memory_used_buffers"":140.56640625,""sys_memory_used_cache"":721.16015625,""sys_memory_swap_used"":0,""sys_memory_swap_used_cache"":0,""fpm_listen_queue"":""0"",""fpm_listen_queue_length"":""128"",""fpm_total_processes"":""13"",""fpm_active_processes"":""12""}"
1475430494,"{""mysql_table_scans_pct"":0.32277365353907,""mysql_deadlocks"":""0"",""mysql_wait_locks"":""0"",""mysql_current_locks"":""2538"",""mysql_total_locks"":""10"",""mysql_lock_time_avg"":""5152"",""mysql_lock_time_max"":""18422"",""mysql_select_scans"":""10103"",""mysql_sort_scans"":""14189"",""mysql_join_scans"":""10"",""sys_load_avg"":13.79,""sys_memory_used"":2828.00390625,""sys_memory_used_buffers"":141.1875,""sys_memory_used_cache"":728.23046875,""sys_memory_swap_used"":0,""sys_memory_swap_used_cache"":0,""fpm_listen_queue"":""0"",""fpm_listen_queue_length"":""128"",""fpm_total_processes"":""14"",""fpm_active_processes"":""11""}"
1475430499,"{""mysql_table_scans_pct"":0.33485237267649,""mysql_deadlocks"":""0"",""mysql_wait_locks"":""3"",""mysql_current_locks"":""3515"",""mysql_total_locks"":""13"",""mysql_lock_time_avg"":""3963"",""mysql_lock_time_max"":""18422"",""mysql_select_scans"":""10577"",""mysql_sort_scans"":""14436"",""mysql_join_scans"":""10"",""sys_load_avg"":13.88,""sys_memory_used"":2909.50390625,""sys_memory_used_buffers"":141.94921875,""sys_memory_used_cache"":734.40234375,""sys_memory_swap_used"":0,""sys_memory_swap_used_cache"":0,""fpm_listen_queue"":""0"",""fpm_listen_queue_length"":""128"",""fpm_total_processes"":""15"",""fpm_active_processes"":""15""}"
1475430505,"{""mysql_table_scans_pct"":0.34050128453274,""mysql_deadlocks"":""0"",""mysql_wait_locks"":""7"",""mysql_current_locks"":""5394"",""mysql_total_locks"":""17"",""mysql_lock_time_avg"":""3030"",""mysql_lock_time_max"":""18422"",""mysql_select_scans"":""11035"",""mysql_sort_scans"":""14705"",""mysql_join_scans"":""10"",""sys_load_avg"":13.65,""sys_memory_used"":2975.24609375,""sys_memory_used_buffers"":142.65234375,""sys_memory_used_cache"":742.0703125,""sys_memory_swap_used"":0,""sys_memory_swap_used_cache"":0,""fpm_listen_queue"":""2"",""fpm_listen_queue_length"":""128"",""fpm_total_processes"":""15"",""fpm_active_processes"":""15""}"
1475430510,"{""mysql_table_scans_pct"":0.31589256451656,""mysql_deadlocks"":""0"",""mysql_wait_locks"":""11"",""mysql_current_locks"":""7157"",""mysql_total_locks"":""21"",""mysql_lock_time_avg"":""2453"",""mysql_lock_time_max"":""18422"",""mysql_select_scans"":""11363"",""mysql_sort_scans"":""14850"",""mysql_join_scans"":""10"",""sys_load_avg"":13.76,""sys_memory_used"":2973.03125,""sys_memory_used_buffers"":143.05078125,""sys_memory_used_cache"":745.51171875,""sys_memory_swap_used"":0,""sys_memory_swap_used_cache"":0,""fpm_listen_queue"":""2"",""fpm_listen_queue_length"":""128"",""fpm_total_processes"":""14"",""fpm_active_processes"":""14""}"
1475430515,"{""mysql_table_scans_pct"":0.33669519531619,""mysql_deadlocks"":""0"",""mysql_wait_locks"":""12"",""mysql_current_locks"":""7560"",""mysql_total_locks"":""22"",""mysql_lock_time_avg"":""2341"",""mysql_lock_time_max"":""18422"",""mysql_select_scans"":""11671"",""mysql_sort_scans"":""14997"",""mysql_join_scans"":""10"",""sys_load_avg"":13.3,""sys_memory_used"":3098.78125,""sys_memory_used_buffers"":143.51171875,""sys_memory_used_cache"":753.4609375,""sys_memory_swap_used"":0,""sys_memory_swap_used_cache"":0,""fpm_listen_queue"":""0"",""fpm_listen_queue_length"":""128"",""fpm_total_processes"":""17"",""fpm_active_processes"":""14""}"
1475430520,"{""mysql_table_scans_pct"":0.34395250585474,""mysql_deadlocks"":""0"",""mysql_wait_locks"":""14"",""mysql_current_locks"":""7763"",""mysql_total_locks"":""24"",""mysql_lock_time_avg"":""2146"",""mysql_lock_time_max"":""18422"",""mysql_select_scans"":""11851"",""mysql_sort_scans"":""15095"",""mysql_join_scans"":""10"",""sys_load_avg"":12.64,""sys_memory_used"":3130.63671875,""sys_memory_used_buffers"":144.01953125,""sys_memory_used_cache"":756.5,""sys_memory_swap_used"":0,""sys_memory_swap_used_cache"":0,""fpm_listen_queue"":""0"",""fpm_listen_queue_length"":""128"",""fpm_total_processes"":""18"",""fpm_active_processes"":""18""}"
1475430525,"{""mysql_table_scans_pct"":0.32633569575984,""mysql_deadlocks"":""0"",""mysql_wait_locks"":""15"",""mysql_current_locks"":""8520"",""mysql_total_locks"":""25"",""mysql_lock_time_avg"":""2060"",""mysql_lock_time_max"":""18422"",""mysql_select_scans"":""12039"",""mysql_sort_scans"":""15187"",""mysql_join_scans"":""10"",""sys_load_avg"":12.1,""sys_memory_used"":3178.4296875,""sys_memory_used_buffers"":144.734375,""sys_memory_used_cache"":757.7421875,""sys_memory_swap_used"":0,""sys_memory_swap_used_cache"":0,""fpm_listen_queue"":""0"",""fpm_listen_queue_length"":""128"",""fpm_total_processes"":""18"",""fpm_active_processes"":""17""}"
1475430530,"{""mysql_table_scans_pct"":0.32899743908233,""mysql_deadlocks"":""0"",""mysql_wait_locks"":""15"",""mysql_current_locks"":""8800"",""mysql_total_locks"":""25"",""mysql_lock_time_avg"":""2060"",""mysql_lock_time_max"":""18422"",""mysql_select_scans"":""12270"",""mysql_sort_scans"":""15307"",""mysql_join_scans"":""10"",""sys_load_avg"":11.37,""sys_memory_used"":3196.1640625,""sys_memory_used_buffers"":145.31640625,""sys_memory_used_cache"":761.23828125,""sys_memory_swap_used"":0,""sys_memory_swap_used_cache"":0,""fpm_listen_queue"":""0"",""fpm_listen_queue_length"":""128"",""fpm_total_processes"":""19"",""fpm_active_processes"":""18""}"
1475430535,"{""mysql_table_scans_pct"":0.33106290411682,""mysql_deadlocks"":""0"",""mysql_wait_locks"":""16"",""mysql_current_locks"":""9029"",""mysql_total_locks"":""26"",""mysql_lock_time_avg"":""1981"",""mysql_lock_time_max"":""18422"",""mysql_select_scans"":""12476"",""mysql_sort_scans"":""15445"",""mysql_join_scans"":""10"",""sys_load_avg"":10.54,""sys_memory_used"":3219.66015625,""sys_memory_used_buffers"":145.734375,""sys_memory_used_cache"":764.53125,""sys_memory_swap_used"":0,""sys_memory_swap_used_cache"":0,""fpm_listen_queue"":""0"",""fpm_listen_queue_length"":""128"",""fpm_total_processes"":""19"",""fpm_active_processes"":""18""}"
1475430540,"{""mysql_table_scans_pct"":0.33281059706507,""mysql_deadlocks"":""0"",""mysql_wait_locks"":""16"",""mysql_current_locks"":""9219"",""mysql_total_locks"":""26"",""mysql_lock_time_avg"":""1981"",""mysql_lock_time_max"":""18422"",""mysql_select_scans"":""12642"",""mysql_sort_scans"":""15522"",""mysql_join_scans"":""10"",""sys_load_avg"":9.78,""sys_memory_used"":3264.3671875,""sys_memory_used_buffers"":146.16796875,""sys_memory_used_cache"":766.26171875,""sys_memory_swap_used"":0,""sys_memory_swap_used_cache"":0,""fpm_listen_queue"":""0"",""fpm_listen_queue_length"":""128"",""fpm_total_processes"":""20"",""fpm_active_processes"":""18""}"
1475430546,"{""mysql_table_scans_pct"":0.33410071855898,""mysql_deadlocks"":""0"",""mysql_wait_locks"":""16"",""mysql_current_locks"":""9363"",""mysql_total_locks"":""26"",""mysql_lock_time_avg"":""1981"",""mysql_lock_time_max"":""18422"",""mysql_select_scans"":""12803"",""mysql_sort_scans"":""15617"",""mysql_join_scans"":""10"",""sys_load_avg"":9.08,""sys_memory_used"":3288.97265625,""sys_memory_used_buffers"":146.45703125,""sys_memory_used_cache"":768.79296875,""sys_memory_swap_used"":0,""sys_memory_swap_used_cache"":0,""fpm_listen_queue"":""0"",""fpm_listen_queue_length"":""128"",""fpm_total_processes"":""20"",""fpm_active_processes"":""20""}"
1475430551,"{""mysql_table_scans_pct"":0.33563556387308,""mysql_deadlocks"":""0"",""mysql_wait_locks"":""15"",""mysql_current_locks"":""9524"",""mysql_total_locks"":""28"",""mysql_lock_time_avg"":""7295"",""mysql_lock_time_max"":""51240"",""mysql_select_scans"":""12936"",""mysql_sort_scans"":""15686"",""mysql_join_scans"":""10"",""sys_load_avg"":8.67,""sys_memory_used"":3222.5703125,""sys_memory_used_buffers"":146.76171875,""sys_memory_used_cache"":770.19140625,""sys_memory_swap_used"":0,""sys_memory_swap_used_cache"":0,""fpm_listen_queue"":""0"",""fpm_listen_queue_length"":""128"",""fpm_total_processes"":""19"",""fpm_active_processes"":""17""}"
1475430556,"{""mysql_table_scans_pct"":0.33708161965857,""mysql_deadlocks"":""0"",""mysql_wait_locks"":""10"",""mysql_current_locks"":""9674"",""mysql_total_locks"":""28"",""mysql_lock_time_avg"":""16328"",""mysql_lock_time_max"":""51240"",""mysql_select_scans"":""13234"",""mysql_sort_scans"":""15804"",""mysql_join_scans"":""10"",""sys_load_avg"":7.81,""sys_memory_used"":3201.49609375,""sys_memory_used_buffers"":147.17578125,""sys_memory_used_cache"":772.1796875,""sys_memory_swap_used"":0,""sys_memory_swap_used_cache"":0,""fpm_listen_queue"":""0"",""fpm_listen_queue_length"":""128"",""fpm_total_processes"":""18"",""fpm_active_processes"":""16""}"
1475430561,"{""mysql_table_scans_pct"":0.33834238444299,""mysql_deadlocks"":""0"",""mysql_wait_locks"":""10"",""mysql_current_locks"":""9811"",""mysql_total_locks"":""30"",""mysql_lock_time_avg"":""18635"",""mysql_lock_time_max"":""51240"",""mysql_select_scans"":""13466"",""mysql_sort_scans"":""15936"",""mysql_join_scans"":""10"",""sys_load_avg"":7.66,""sys_memory_used"":3194.41015625,""sys_memory_used_buffers"":147.62109375,""sys_memory_used_cache"":773.9296875,""sys_memory_swap_used"":0,""sys_memory_swap_used_cache"":0,""fpm_listen_queue"":""0"",""fpm_listen_queue_length"":""128"",""fpm_total_processes"":""17"",""fpm_active_processes"":""16""}"
1475430566,"{""mysql_table_scans_pct"":0.33915116813168,""mysql_deadlocks"":""0"",""mysql_wait_locks"":""10"",""mysql_current_locks"":""9983"",""mysql_total_locks"":""32"",""mysql_lock_time_avg"":""20661"",""mysql_lock_time_max"":""51365"",""mysql_select_scans"":""13837"",""mysql_sort_scans"":""16124"",""mysql_join_scans"":""10"",""sys_load_avg"":7.29,""sys_memory_used"":3221.28515625,""sys_memory_used_buffers"":148.015625,""sys_memory_used_cache"":778.1875,""sys_memory_swap_used"":0,""sys_memory_swap_used_cache"":0,""fpm_listen_queue"":""0"",""fpm_listen_queue_length"":""128"",""fpm_total_processes"":""16"",""fpm_active_processes"":""16""}"
1475430571,"{""mysql_table_scans_pct"":0.33755598405773,""mysql_deadlocks"":""0"",""mysql_wait_locks"":""11"",""mysql_current_locks"":""10272"",""mysql_total_locks"":""35"",""mysql_lock_time_avg"":""21796"",""mysql_lock_time_max"":""51365"",""mysql_select_scans"":""14145"",""mysql_sort_scans"":""16300"",""mysql_join_scans"":""10"",""sys_load_avg"":6.78,""sys_memory_used"":3262.18359375,""sys_memory_used_buffers"":148.44921875,""sys_memory_used_cache"":782.765625,""sys_memory_swap_used"":0,""sys_memory_swap_used_cache"":0,""fpm_listen_queue"":""0"",""fpm_listen_queue_length"":""128"",""fpm_total_processes"":""16"",""fpm_active_processes"":""16""}"
1475430576,"{""mysql_table_scans_pct"":0.33538330170084,""mysql_deadlocks"":""0"",""mysql_wait_locks"":""10"",""mysql_current_locks"":""10667"",""mysql_total_locks"":""35"",""mysql_lock_time_avg"":""23269"",""mysql_lock_time_max"":""51574"",""mysql_select_scans"":""14422"",""mysql_sort_scans"":""16427"",""mysql_join_scans"":""10"",""sys_load_avg"":6.48,""sys_memory_used"":3289.046875,""sys_memory_used_buffers"":148.90625,""sys_memory_used_cache"":787.41015625,""sys_memory_swap_used"":0,""sys_memory_swap_used_cache"":0,""fpm_listen_queue"":""0"",""fpm_listen_queue_length"":""128"",""fpm_total_processes"":""16"",""fpm_active_processes"":""15""}"
1475430582,"{""mysql_table_scans_pct"":0.33299646763835,""mysql_deadlocks"":""0"",""mysql_wait_locks"":""11"",""mysql_current_locks"":""11116"",""mysql_total_locks"":""36"",""mysql_lock_time_avg"":""22623"",""mysql_lock_time_max"":""51574"",""mysql_select_scans"":""14703"",""mysql_sort_scans"":""16588"",""mysql_join_scans"":""10"",""sys_load_avg"":6.36,""sys_memory_used"":3343.3046875,""sys_memory_used_buffers"":149.6015625,""sys_memory_used_cache"":791.42578125,""sys_memory_swap_used"":0,""sys_memory_swap_used_cache"":0,""fpm_listen_queue"":""0"",""fpm_listen_queue_length"":""128"",""fpm_total_processes"":""17"",""fpm_active_processes"":""17""}"
1475430587,"{""mysql_table_scans_pct"":0.33191308003324,""mysql_deadlocks"":""0"",""mysql_wait_locks"":""0"",""mysql_current_locks"":""457"",""mysql_total_locks"":""36"",""mysql_lock_time_avg"":""29528"",""mysql_lock_time_max"":""51574"",""mysql_select_scans"":""14981"",""mysql_sort_scans"":""16803"",""mysql_join_scans"":""10"",""sys_load_avg"":7.29,""sys_memory_used"":3300.16015625,""sys_memory_used_buffers"":151.4375,""sys_memory_used_cache"":796.09375,""sys_memory_swap_used"":0,""sys_memory_swap_used_cache"":0,""fpm_listen_queue"":""0"",""fpm_listen_queue_length"":""128"",""fpm_total_processes"":""16"",""fpm_active_processes"":""13""}"
1475430592,"{""mysql_table_scans_pct"":0.3262031934364,""mysql_deadlocks"":""0"",""mysql_wait_locks"":""0"",""mysql_current_locks"":""3094"",""mysql_total_locks"":""36"",""mysql_lock_time_avg"":""29528"",""mysql_lock_time_max"":""51574"",""mysql_select_scans"":""15394"",""mysql_sort_scans"":""17010"",""mysql_join_scans"":""10"",""sys_load_avg"":7.99,""sys_memory_used"":3352.15625,""sys_memory_used_buffers"":152.82421875,""sys_memory_used_cache"":799.25390625,""sys_memory_swap_used"":0,""sys_memory_swap_used_cache"":0,""fpm_listen_queue"":""0"",""fpm_listen_queue_length"":""128"",""fpm_total_processes"":""15"",""fpm_active_processes"":""8""}"
1475430597,"{""mysql_table_scans_pct"":0.31812522573997,""mysql_deadlocks"":""0"",""mysql_wait_locks"":""0"",""mysql_current_locks"":""198"",""mysql_total_locks"":""36"",""mysql_lock_time_avg"":""29528"",""mysql_lock_time_max"":""51574"",""mysql_select_scans"":""15829"",""mysql_sort_scans"":""17282"",""mysql_join_scans"":""10"",""sys_load_avg"":8.31,""sys_memory_used"":3316.5078125,""sys_memory_used_buffers"":153.8359375,""sys_memory_used_cache"":804.17578125,""sys_memory_swap_used"":0,""sys_memory_swap_used_cache"":0,""fpm_listen_queue"":""0"",""fpm_listen_queue_length"":""128"",""fpm_total_processes"":""14"",""fpm_active_processes"":""13""}"
1475430602,"{""mysql_table_scans_pct"":0.31489402767453,""mysql_deadlocks"":""0"",""mysql_wait_locks"":""0"",""mysql_current_locks"":""2187"",""mysql_total_locks"":""36"",""mysql_lock_time_avg"":""29528"",""mysql_lock_time_max"":""51574"",""mysql_select_scans"":""16254"",""mysql_sort_scans"":""17515"",""mysql_join_scans"":""10"",""sys_load_avg"":8.69,""sys_memory_used"":3318.73828125,""sys_memory_used_buffers"":154.71484375,""sys_memory_used_cache"":813.953125,""sys_memory_swap_used"":0,""sys_memory_swap_used_cache"":0,""fpm_listen_queue"":""3"",""fpm_listen_queue_length"":""128"",""fpm_total_processes"":""13"",""fpm_active_processes"":""13""}"
1475430607,"{""mysql_table_scans_pct"":0.29402153913155,""mysql_deadlocks"":""0"",""mysql_wait_locks"":""0"",""mysql_current_locks"":""6"",""mysql_total_locks"":""36"",""mysql_lock_time_avg"":""29528"",""mysql_lock_time_max"":""51574"",""mysql_select_scans"":""16627"",""mysql_sort_scans"":""17690"",""mysql_join_scans"":""10"",""sys_load_avg"":9.35,""sys_memory_used"":3347.20703125,""sys_memory_used_buffers"":155.0703125,""sys_memory_used_cache"":821.6484375,""sys_memory_swap_used"":0,""sys_memory_swap_used_cache"":0,""fpm_listen_queue"":""3"",""fpm_listen_queue_length"":""128"",""fpm_total_processes"":""15"",""fpm_active_processes"":""14""}"
1475430613,"{""mysql_table_scans_pct"":0.28768522353762,""mysql_deadlocks"":""0"",""mysql_wait_locks"":""0"",""mysql_current_locks"":""0"",""mysql_total_locks"":""36"",""mysql_lock_time_avg"":""29528"",""mysql_lock_time_max"":""51574"",""mysql_select_scans"":""16730"",""mysql_sort_scans"":""17961"",""mysql_join_scans"":""10"",""sys_load_avg"":9.73,""sys_memory_used"":3362.76171875,""sys_memory_used_buffers"":155.421875,""sys_memory_used_cache"":827.37109375,""sys_memory_swap_used"":0,""sys_memory_swap_used_cache"":0,""fpm_listen_queue"":""0"",""fpm_listen_queue_length"":""128"",""fpm_total_processes"":""17"",""fpm_active_processes"":""16""}"
1475430618,"{""mysql_table_scans_pct"":0.26661357463781,""mysql_deadlocks"":""0"",""mysql_wait_locks"":""0"",""mysql_current_locks"":""0"",""mysql_total_locks"":""36"",""mysql_lock_time_avg"":""29528"",""mysql_lock_time_max"":""51574"",""mysql_select_scans"":""16859"",""mysql_sort_scans"":""18240"",""mysql_join_scans"":""10"",""sys_load_avg"":10.07,""sys_memory_used"":3302.65625,""sys_memory_used_buffers"":155.8828125,""sys_memory_used_cache"":831.734375,""sys_memory_swap_used"":0,""sys_memory_swap_used_cache"":0,""fpm_listen_queue"":""0"",""fpm_listen_queue_length"":""128"",""fpm_total_processes"":""14"",""fpm_active_processes"":""14""}"
1475430623,"{""mysql_table_scans_pct"":0.24450649340962,""mysql_deadlocks"":""0"",""mysql_wait_locks"":""0"",""mysql_current_locks"":""0"",""mysql_total_locks"":""36"",""mysql_lock_time_avg"":""29528"",""mysql_lock_time_max"":""51574"",""mysql_select_scans"":""16982"",""mysql_sort_scans"":""18466"",""mysql_join_scans"":""10"",""sys_load_avg"":9.82,""sys_memory_used"":3349.21484375,""sys_memory_used_buffers"":156.33203125,""sys_memory_used_cache"":838.5703125,""sys_memory_swap_used"":0,""sys_memory_swap_used_cache"":0,""fpm_listen_queue"":""0"",""fpm_listen_queue_length"":""128"",""fpm_total_processes"":""15"",""fpm_active_processes"":""11""}"
1475430628,"{""mysql_table_scans_pct"":0.22395138861349,""mysql_deadlocks"":""0"",""mysql_wait_locks"":""0"",""mysql_current_locks"":""0"",""mysql_total_locks"":""36"",""mysql_lock_time_avg"":""29528"",""mysql_lock_time_max"":""51574"",""mysql_select_scans"":""17119"",""mysql_sort_scans"":""18723"",""mysql_join_scans"":""10"",""sys_load_avg"":10.08,""sys_memory_used"":3361.05859375,""sys_memory_used_buffers"":156.9375,""sys_memory_used_cache"":843.34375,""sys_memory_swap_used"":0,""sys_memory_swap_used_cache"":0,""fpm_listen_queue"":""0"",""fpm_listen_queue_length"":""128"",""fpm_total_processes"":""15"",""fpm_active_processes"":""7""}"
1475430633,"{""mysql_table_scans_pct"":0.2225247218269,""mysql_deadlocks"":""0"",""mysql_wait_locks"":""0"",""mysql_current_locks"":""4"",""mysql_total_locks"":""36"",""mysql_lock_time_avg"":""29528"",""mysql_lock_time_max"":""51574"",""mysql_select_scans"":""17205"",""mysql_sort_scans"":""18955"",""mysql_join_scans"":""10"",""sys_load_avg"":9.43,""sys_memory_used"":3311.44921875,""sys_memory_used_buffers"":157.6171875,""sys_memory_used_cache"":848.65234375,""sys_memory_swap_used"":0,""sys_memory_swap_used_cache"":0,""fpm_listen_queue"":""0"",""fpm_listen_queue_length"":""128"",""fpm_total_processes"":""15"",""fpm_active_processes"":""6""}"
1475430638,"{""mysql_table_scans_pct"":0.22254277157068,""mysql_deadlocks"":""0"",""mysql_wait_locks"":""0"",""mysql_current_locks"":""0"",""mysql_total_locks"":""36"",""mysql_lock_time_avg"":""29528"",""mysql_lock_time_max"":""51574"",""mysql_select_scans"":""17292"",""mysql_sort_scans"":""19231"",""mysql_join_scans"":""10"",""sys_load_avg"":9.48,""sys_memory_used"":3298.61328125,""sys_memory_used_buffers"":158.171875,""sys_memory_used_cache"":854.125,""sys_memory_swap_used"":0,""sys_memory_swap_used_cache"":0,""fpm_listen_queue"":""0"",""fpm_listen_queue_length"":""128"",""fpm_total_processes"":""12"",""fpm_active_processes"":""12""}"
1475430643,"{""mysql_table_scans_pct"":0.22255315061599,""mysql_deadlocks"":""0"",""mysql_wait_locks"":""0"",""mysql_current_locks"":""0"",""mysql_total_locks"":""36"",""mysql_lock_time_avg"":""29528"",""mysql_lock_time_max"":""51574"",""mysql_select_scans"":""17366"",""mysql_sort_scans"":""19428"",""mysql_join_scans"":""10"",""sys_load_avg"":9.44,""sys_memory_used"":3288.7734375,""sys_memory_used_buffers"":158.671875,""sys_memory_used_cache"":857.390625,""sys_memory_swap_used"":0,""sys_memory_swap_used_cache"":0,""fpm_listen_queue"":""0"",""fpm_listen_queue_length"":""128"",""fpm_total_processes"":""12"",""fpm_active_processes"":""11""}"
1475430648,"{""mysql_table_scans_pct"":0.22256906350102,""mysql_deadlocks"":""0"",""mysql_wait_locks"":""0"",""mysql_current_locks"":""0"",""mysql_total_locks"":""36"",""mysql_lock_time_avg"":""29528"",""mysql_lock_time_max"":""51574"",""mysql_select_scans"":""17452"",""mysql_sort_scans"":""19702"",""mysql_join_scans"":""10"",""sys_load_avg"":9.56,""sys_memory_used"":3295.3125,""sys_memory_used_buffers"":159.1484375,""sys_memory_used_cache"":863.8203125,""sys_memory_swap_used"":0,""sys_memory_swap_used_cache"":0,""fpm_listen_queue"":""0"",""fpm_listen_queue_length"":""128"",""fpm_total_processes"":""12"",""fpm_active_processes"":""9""}"
1475430653,"{""mysql_table_scans_pct"":0.22258280456818,""mysql_deadlocks"":""0"",""mysql_wait_locks"":""0"",""mysql_current_locks"":""0"",""mysql_total_locks"":""36"",""mysql_lock_time_avg"":""29528"",""mysql_lock_time_max"":""51574"",""mysql_select_scans"":""17530"",""mysql_sort_scans"":""19924"",""mysql_join_scans"":""10"",""sys_load_avg"":9.44,""sys_memory_used"":3337.6640625,""sys_memory_used_buffers"":160.515625,""sys_memory_used_cache"":868.171875,""sys_memory_swap_used"":0,""sys_memory_swap_used_cache"":0,""fpm_listen_queue"":""0"",""fpm_listen_queue_length"":""128"",""fpm_total_processes"":""12"",""fpm_active_processes"":""11""}"
1475430658,"{""mysql_table_scans_pct"":0.22259588577115,""mysql_deadlocks"":""0"",""mysql_wait_locks"":""0"",""mysql_current_locks"":""0"",""mysql_total_locks"":""36"",""mysql_lock_time_avg"":""29528"",""mysql_lock_time_max"":""51574"",""mysql_select_scans"":""17606"",""mysql_sort_scans"":""20113"",""mysql_join_scans"":""10"",""sys_load_avg"":9.64,""sys_memory_used"":3325.5078125,""sys_memory_used_buffers"":161.22265625,""sys_memory_used_cache"":871.76953125,""sys_memory_swap_used"":0,""sys_memory_swap_used_cache"":0,""fpm_listen_queue"":""0"",""fpm_listen_queue_length"":""128"",""fpm_total_processes"":""12"",""fpm_active_processes"":""11""}"
1475430664,"{""mysql_table_scans_pct"":0.22261017547182,""mysql_deadlocks"":""0"",""mysql_wait_locks"":""0"",""mysql_current_locks"":""0"",""mysql_total_locks"":""36"",""mysql_lock_time_avg"":""29528"",""mysql_lock_time_max"":""51574"",""mysql_select_scans"":""17683"",""mysql_sort_scans"":""20313"",""mysql_join_scans"":""10"",""sys_load_avg"":9.27,""sys_memory_used"":3308.8828125,""sys_memory_used_buffers"":161.98046875,""sys_memory_used_cache"":874.578125,""sys_memory_swap_used"":0,""sys_memory_swap_used_cache"":0,""fpm_listen_queue"":""0"",""fpm_listen_queue_length"":""128"",""fpm_total_processes"":""13"",""fpm_active_processes"":""12""}"
1475430669,"{""mysql_table_scans_pct"":0.22171887391646,""mysql_deadlocks"":""0"",""mysql_wait_locks"":""0"",""mysql_current_locks"":""1329"",""mysql_total_locks"":""36"",""mysql_lock_time_avg"":""29528"",""mysql_lock_time_max"":""51574"",""mysql_select_scans"":""17787"",""mysql_sort_scans"":""20494"",""mysql_join_scans"":""10"",""sys_load_avg"":8.93,""sys_memory_used"":3414.109375,""sys_memory_used_buffers"":162.33203125,""sys_memory_used_cache"":876.98046875,""sys_memory_swap_used"":0,""sys_memory_swap_used_cache"":0,""fpm_listen_queue"":""2"",""fpm_listen_queue_length"":""128"",""fpm_total_processes"":""12"",""fpm_active_processes"":""11""}"
1475430674,"{""mysql_table_scans_pct"":0.22149752307308,""mysql_deadlocks"":""0"",""mysql_wait_locks"":""0"",""mysql_current_locks"":""1359"",""mysql_total_locks"":""36"",""mysql_lock_time_avg"":""29528"",""mysql_lock_time_max"":""51574"",""mysql_select_scans"":""18097"",""mysql_sort_scans"":""20726"",""mysql_join_scans"":""12"",""sys_load_avg"":9.18,""sys_memory_used"":3424.58984375,""sys_memory_used_buffers"":162.5234375,""sys_memory_used_cache"":881.1328125,""sys_memory_swap_used"":0,""sys_memory_swap_used_cache"":0,""fpm_listen_queue"":""0"",""fpm_listen_queue_length"":""128"",""fpm_total_processes"":""14"",""fpm_active_processes"":""8""}"
1475430679,"{""mysql_table_scans_pct"":0.22313577092567,""mysql_deadlocks"":""0"",""mysql_wait_locks"":""0"",""mysql_current_locks"":""71"",""mysql_total_locks"":""37"",""mysql_lock_time_avg"":""28736"",""mysql_lock_time_max"":""51574"",""mysql_select_scans"":""18364"",""mysql_sort_scans"":""20956"",""mysql_join_scans"":""13"",""sys_load_avg"":9.64,""sys_memory_used"":3411.3515625,""sys_memory_used_buffers"":162.64453125,""sys_memory_used_cache"":886.12109375,""sys_memory_swap_used"":0,""sys_memory_swap_used_cache"":0,""fpm_listen_queue"":""0"",""fpm_listen_queue_length"":""128"",""fpm_total_processes"":""13"",""fpm_active_processes"":""12""}"
1475430684,"{""mysql_table_scans_pct"":0.22273029138594,""mysql_deadlocks"":""0"",""mysql_wait_locks"":""0"",""mysql_current_locks"":""126"",""mysql_total_locks"":""38"",""mysql_lock_time_avg"":""27983"",""mysql_lock_time_max"":""51574"",""mysql_select_scans"":""18556"",""mysql_sort_scans"":""21147"",""mysql_join_scans"":""16"",""sys_load_avg"":9.83,""sys_memory_used"":3405.38671875,""sys_memory_used_buffers"":162.79296875,""sys_memory_used_cache"":889.14453125,""sys_memory_swap_used"":0,""sys_memory_swap_used_cache"":0,""fpm_listen_queue"":""0"",""fpm_listen_queue_length"":""128"",""fpm_total_processes"":""13"",""fpm_active_processes"":""8""}"
1475430689,"{""mysql_table_scans_pct"":0.22841028862893,""mysql_deadlocks"":""0"",""mysql_wait_locks"":""0"",""mysql_current_locks"":""556"",""mysql_total_locks"":""38"",""mysql_lock_time_avg"":""27983"",""mysql_lock_time_max"":""51574"",""mysql_select_scans"":""18731"",""mysql_sort_scans"":""21384"",""mysql_join_scans"":""18"",""sys_load_avg"":9.76,""sys_memory_used"":3458.0859375,""sys_memory_used_buffers"":163,""sys_memory_used_cache"":892.91796875,""sys_memory_swap_used"":0,""sys_memory_swap_used_cache"":0,""fpm_listen_queue"":""0"",""fpm_listen_queue_length"":""128"",""fpm_total_processes"":""11"",""fpm_active_processes"":""11""}"
1475430694,"{""mysql_table_scans_pct"":0.22550676405659,""mysql_deadlocks"":""0"",""mysql_wait_locks"":""4"",""mysql_current_locks"":""2504"",""mysql_total_locks"":""42"",""mysql_lock_time_avg"":""25317"",""mysql_lock_time_max"":""51574"",""mysql_select_scans"":""19123"",""mysql_sort_scans"":""21615"",""mysql_join_scans"":""18"",""sys_load_avg"":9.94,""sys_memory_used"":3543.87890625,""sys_memory_used_buffers"":163.19140625,""sys_memory_used_cache"":895.50390625,""sys_memory_swap_used"":0,""sys_memory_swap_used_cache"":0,""fpm_listen_queue"":""0"",""fpm_listen_queue_length"":""128"",""fpm_total_processes"":""14"",""fpm_active_processes"":""14""}"
1475430699,"{""mysql_table_scans_pct"":0.22099235650501,""mysql_deadlocks"":""0"",""mysql_wait_locks"":""8"",""mysql_current_locks"":""3359"",""mysql_total_locks"":""46"",""mysql_lock_time_avg"":""23116"",""mysql_lock_time_max"":""51574"",""mysql_select_scans"":""19425"",""mysql_sort_scans"":""21760"",""mysql_join_scans"":""18"",""sys_load_avg"":10.03,""sys_memory_used"":3547.33984375,""sys_memory_used_buffers"":163.453125,""sys_memory_used_cache"":897.28125,""sys_memory_swap_used"":0,""sys_memory_swap_used_cache"":0,""fpm_listen_queue"":""0"",""fpm_listen_queue_length"":""128"",""fpm_total_processes"":""14"",""fpm_active_processes"":""14""}"
1475430705,"{""mysql_table_scans_pct"":0.21794583799946,""mysql_deadlocks"":""0"",""mysql_wait_locks"":""12"",""mysql_current_locks"":""4457"",""mysql_total_locks"":""50"",""mysql_lock_time_avg"":""21267"",""mysql_lock_time_max"":""51574"",""mysql_select_scans"":""19634"",""mysql_sort_scans"":""21906"",""mysql_join_scans"":""18"",""sys_load_avg"":9.62,""sys_memory_used"":3598.04296875,""sys_memory_used_buffers"":163.76953125,""sys_memory_used_cache"":899.27734375,""sys_memory_swap_used"":0,""sys_memory_swap_used_cache"":0,""fpm_listen_queue"":""0"",""fpm_listen_queue_length"":""128"",""fpm_total_processes"":""16"",""fpm_active_processes"":""16""}"
1475430710,"{""mysql_table_scans_pct"":0.2219509713327,""mysql_deadlocks"":""0"",""mysql_wait_locks"":""0"",""mysql_current_locks"":""626"",""mysql_total_locks"":""50"",""mysql_lock_time_avg"":""23786"",""mysql_lock_time_max"":""51574"",""mysql_select_scans"":""19898"",""mysql_sort_scans"":""22098"",""mysql_join_scans"":""19"",""sys_load_avg"":9.25,""sys_memory_used"":3625.32421875,""sys_memory_used_buffers"":164.15625,""sys_memory_used_cache"":902.05078125,""sys_memory_swap_used"":0,""sys_memory_swap_used_cache"":0,""fpm_listen_queue"":""0"",""fpm_listen_queue_length"":""128"",""fpm_total_processes"":""18"",""fpm_active_processes"":""10""}"
1475430715,"{""mysql_table_scans_pct"":0.21317823986865,""mysql_deadlocks"":""0"",""mysql_wait_locks"":""1"",""mysql_current_locks"":""1397"",""mysql_total_locks"":""51"",""mysql_lock_time_avg"":""23320"",""mysql_lock_time_max"":""51574"",""mysql_select_scans"":""20331"",""mysql_sort_scans"":""22362"",""mysql_join_scans"":""19"",""sys_load_avg"":9.47,""sys_memory_used"":3536.5703125,""sys_memory_used_buffers"":164.51171875,""sys_memory_used_cache"":905.8125,""sys_memory_swap_used"":0,""sys_memory_swap_used_cache"":0,""fpm_listen_queue"":""0"",""fpm_listen_queue_length"":""128"",""fpm_total_processes"":""13"",""fpm_active_processes"":""13""}"
1475430720,"{""mysql_table_scans_pct"":0.23016676248292,""mysql_deadlocks"":""0"",""mysql_wait_locks"":""6"",""mysql_current_locks"":""9712"",""mysql_total_locks"":""56"",""mysql_lock_time_avg"":""21237"",""mysql_lock_time_max"":""51574"",""mysql_select_scans"":""20679"",""mysql_sort_scans"":""22559"",""mysql_join_scans"":""19"",""sys_load_avg"":9.52,""sys_memory_used"":3536.203125,""sys_memory_used_buffers"":164.81640625,""sys_memory_used_cache"":918.4140625,""sys_memory_swap_used"":0,""sys_memory_swap_used_cache"":0,""fpm_listen_queue"":""0"",""fpm_listen_queue_length"":""128"",""fpm_total_processes"":""12"",""fpm_active_processes"":""12""}"
1475430725,"{""mysql_table_scans_pct"":0.24731358742178,""mysql_deadlocks"":""0"",""mysql_wait_locks"":""8"",""mysql_current_locks"":""14562"",""mysql_total_locks"":""58"",""mysql_lock_time_avg"":""20505"",""mysql_lock_time_max"":""51574"",""mysql_select_scans"":""20960"",""mysql_sort_scans"":""22719"",""mysql_join_scans"":""19"",""sys_load_avg"":9.47,""sys_memory_used"":3592.39453125,""sys_memory_used_buffers"":165.1171875,""sys_memory_used_cache"":918.046875,""sys_memory_swap_used"":0,""sys_memory_swap_used_cache"":0,""fpm_listen_queue"":""0"",""fpm_listen_queue_length"":""128"",""fpm_total_processes"":""15"",""fpm_active_processes"":""15""}"
1475430730,"{""mysql_table_scans_pct"":0.25437168693703,""mysql_deadlocks"":""0"",""mysql_wait_locks"":""0"",""mysql_current_locks"":""1270"",""mysql_total_locks"":""61"",""mysql_lock_time_avg"":""20562"",""mysql_lock_time_max"":""51574"",""mysql_select_scans"":""21220"",""mysql_sort_scans"":""22852"",""mysql_join_scans"":""19"",""sys_load_avg"":9.04,""sys_memory_used"":3610.83984375,""sys_memory_used_buffers"":165.46875,""sys_memory_used_cache"":920.41015625,""sys_memory_swap_used"":0,""sys_memory_swap_used_cache"":0,""fpm_listen_queue"":""0"",""fpm_listen_queue_length"":""128"",""fpm_total_processes"":""15"",""fpm_active_processes"":""14""}"
1475430735,"{""mysql_table_scans_pct"":0.25764363521719,""mysql_deadlocks"":""0"",""mysql_wait_locks"":""0"",""mysql_current_locks"":""610"",""mysql_total_locks"":""61"",""mysql_lock_time_avg"":""20562"",""mysql_lock_time_max"":""51574"",""mysql_select_scans"":""21323"",""mysql_sort_scans"":""23014"",""mysql_join_scans"":""19"",""sys_load_avg"":10.07,""sys_memory_used"":3596.72265625,""sys_memory_used_buffers"":165.8125,""sys_memory_used_cache"":921.9609375,""sys_memory_swap_used"":0,""sys_memory_swap_used_cache"":0,""fpm_listen_queue"":""0"",""fpm_listen_queue_length"":""128"",""fpm_total_processes"":""15"",""fpm_active_processes"":""11""}"
1475430741,"{""mysql_table_scans_pct"":0.25950059044482,""mysql_deadlocks"":""0"",""mysql_wait_locks"":""2"",""mysql_current_locks"":""2170"",""mysql_total_locks"":""63"",""mysql_lock_time_avg"":""19909"",""mysql_lock_time_max"":""51574"",""mysql_select_scans"":""21457"",""mysql_sort_scans"":""23254"",""mysql_join_scans"":""19"",""sys_load_avg"":10.23,""sys_memory_used"":3542.71484375,""sys_memory_used_buffers"":166.171875,""sys_memory_used_cache"":925.03125,""sys_memory_swap_used"":0,""sys_memory_swap_used_cache"":0,""fpm_listen_queue"":""1"",""fpm_listen_queue_length"":""128"",""fpm_total_processes"":""12"",""fpm_active_processes"":""12""}"
1475430746,"{""mysql_table_scans_pct"":0.26458602978125,""mysql_deadlocks"":""0"",""mysql_wait_locks"":""4"",""mysql_current_locks"":""3618"",""mysql_total_locks"":""65"",""mysql_lock_time_avg"":""19297"",""mysql_lock_time_max"":""51574"",""mysql_select_scans"":""21874"",""mysql_sort_scans"":""23597"",""mysql_join_scans"":""19"",""sys_load_avg"":10.29,""sys_memory_used"":3598.2109375,""sys_memory_used_buffers"":166.43359375,""sys_memory_used_cache"":929.125,""sys_memory_swap_used"":0,""sys_memory_swap_used_cache"":0,""fpm_listen_queue"":""0"",""fpm_listen_queue_length"":""128"",""fpm_total_processes"":""14"",""fpm_active_processes"":""10""}"
1475430751,"{""mysql_table_scans_pct"":0.26686160655228,""mysql_deadlocks"":""0"",""mysql_wait_locks"":""7"",""mysql_current_locks"":""5446"",""mysql_total_locks"":""68"",""mysql_lock_time_avg"":""18445"",""mysql_lock_time_max"":""51574"",""mysql_select_scans"":""22298"",""mysql_sort_scans"":""23850"",""mysql_join_scans"":""19"",""sys_load_avg"":10.27,""sys_memory_used"":3634.6796875,""sys_memory_used_buffers"":166.8359375,""sys_memory_used_cache"":933.20703125,""sys_memory_swap_used"":0,""sys_memory_swap_used_cache"":0,""fpm_listen_queue"":""2"",""fpm_listen_queue_length"":""128"",""fpm_total_processes"":""14"",""fpm_active_processes"":""14""}"
1475430756,"{""mysql_table_scans_pct"":0.26586953563796,""mysql_deadlocks"":""0"",""mysql_wait_locks"":""9"",""mysql_current_locks"":""7598"",""mysql_total_locks"":""70"",""mysql_lock_time_avg"":""17918"",""mysql_lock_time_max"":""51574"",""mysql_select_scans"":""22510"",""mysql_sort_scans"":""24015"",""mysql_join_scans"":""19"",""sys_load_avg"":9.76,""sys_memory_used"":3646.7890625,""sys_memory_used_buffers"":167.28125,""sys_memory_used_cache"":938.39453125,""sys_memory_swap_used"":0,""sys_memory_swap_used_cache"":0,""fpm_listen_queue"":""1"",""fpm_listen_queue_length"":""128"",""fpm_total_processes"":""14"",""fpm_active_processes"":""14""}"
1475430761,"{""mysql_table_scans_pct"":0.26952355986451,""mysql_deadlocks"":""0"",""mysql_wait_locks"":""9"",""mysql_current_locks"":""7598"",""mysql_total_locks"":""70"",""mysql_lock_time_avg"":""17918"",""mysql_lock_time_max"":""51574"",""mysql_select_scans"":""22799"",""mysql_sort_scans"":""24215"",""mysql_join_scans"":""19"",""sys_load_avg"":9.3,""sys_memory_used"":3646.66796875,""sys_memory_used_buffers"":167.73828125,""sys_memory_used_cache"":942.5390625,""sys_memory_swap_used"":0,""sys_memory_swap_used_cache"":0,""fpm_listen_queue"":""3"",""fpm_listen_queue_length"":""128"",""fpm_total_processes"":""14"",""fpm_active_processes"":""14""}"
1475430766,"{""mysql_table_scans_pct"":0.26743121569025,""mysql_deadlocks"":""0"",""mysql_wait_locks"":""11"",""mysql_current_locks"":""8585"",""mysql_total_locks"":""72"",""mysql_lock_time_avg"":""17421"",""mysql_lock_time_max"":""51574"",""mysql_select_scans"":""22968"",""mysql_sort_scans"":""24340"",""mysql_join_scans"":""19"",""sys_load_avg"":8.95,""sys_memory_used"":3687.00390625,""sys_memory_used_buffers"":168.1796875,""sys_memory_used_cache"":943.75390625,""sys_memory_swap_used"":0,""sys_memory_swap_used_cache"":0,""fpm_listen_queue"":""2"",""fpm_listen_queue_length"":""128"",""fpm_total_processes"":""15"",""fpm_active_processes"":""15""}"
1475430771,"{""mysql_table_scans_pct"":0.26891607659233,""mysql_deadlocks"":""0"",""mysql_wait_locks"":""12"",""mysql_current_locks"":""9196"",""mysql_total_locks"":""73"",""mysql_lock_time_avg"":""17182"",""mysql_lock_time_max"":""51574"",""mysql_select_scans"":""23212"",""mysql_sort_scans"":""24439"",""mysql_join_scans"":""19"",""sys_load_avg"":8.4,""sys_memory_used"":3693.453125,""sys_memory_used_buffers"":168.6796875,""sys_memory_used_cache"":943.859375,""sys_memory_swap_used"":0,""sys_memory_swap_used_cache"":0,""fpm_listen_queue"":""0"",""fpm_listen_queue_length"":""128"",""fpm_total_processes"":""17"",""fpm_active_processes"":""15""}"
1475430776,"{""mysql_table_scans_pct"":0.27201075226304,""mysql_deadlocks"":""0"",""mysql_wait_locks"":""14"",""mysql_current_locks"":""10334"",""mysql_total_locks"":""75"",""mysql_lock_time_avg"":""16724"",""mysql_lock_time_max"":""51574"",""mysql_select_scans"":""23348"",""mysql_sort_scans"":""24565"",""mysql_join_scans"":""19"",""sys_load_avg"":7.96,""sys_memory_used"":3720.1015625,""sys_memory_used_buffers"":169.03125,""sys_memory_used_cache"":945.42578125,""sys_memory_swap_used"":0,""sys_memory_swap_used_cache"":0,""fpm_listen_queue"":""0"",""fpm_listen_queue_length"":""128"",""fpm_total_processes"":""17"",""fpm_active_processes"":""16""}"
1475430782,"{""mysql_table_scans_pct"":0.27103188420906,""mysql_deadlocks"":""0"",""mysql_wait_locks"":""14"",""mysql_current_locks"":""10886"",""mysql_total_locks"":""75"",""mysql_lock_time_avg"":""16724"",""mysql_lock_time_max"":""51574"",""mysql_select_scans"":""23416"",""mysql_sort_scans"":""24614"",""mysql_join_scans"":""19"",""sys_load_avg"":8.13,""sys_memory_used"":3780.19921875,""sys_memory_used_buffers"":169.703125,""sys_memory_used_cache"":947.66796875,""sys_memory_swap_used"":0,""sys_memory_swap_used_cache"":0,""fpm_listen_queue"":""2"",""fpm_listen_queue_length"":""128"",""fpm_total_processes"":""18"",""fpm_active_processes"":""15""}"
1475430787,"{""mysql_table_scans_pct"":0.27021485950145,""mysql_deadlocks"":""0"",""mysql_wait_locks"":""16"",""mysql_current_locks"":""11354"",""mysql_total_locks"":""77"",""mysql_lock_time_avg"":""16289"",""mysql_lock_time_max"":""51574"",""mysql_select_scans"":""23550"",""mysql_sort_scans"":""24691"",""mysql_join_scans"":""19"",""sys_load_avg"":7.48,""sys_memory_used"":3772.38671875,""sys_memory_used_buffers"":170.5546875,""sys_memory_used_cache"":950.81640625,""sys_memory_swap_used"":0,""sys_memory_swap_used_cache"":0,""fpm_listen_queue"":""0"",""fpm_listen_queue_length"":""128"",""fpm_total_processes"":""18"",""fpm_active_processes"":""18""}"
1475430792,"{""mysql_table_scans_pct"":0.26955166252672,""mysql_deadlocks"":""0"",""mysql_wait_locks"":""0"",""mysql_current_locks"":""1020"",""mysql_total_locks"":""77"",""mysql_lock_time_avg"":""22204"",""mysql_lock_time_max"":""51574"",""mysql_select_scans"":""23834"",""mysql_sort_scans"":""24865"",""mysql_join_scans"":""19"",""sys_load_avg"":7.84,""sys_memory_used"":3699.90625,""sys_memory_used_buffers"":172.18359375,""sys_memory_used_cache"":952.81640625,""sys_memory_swap_used"":0,""sys_memory_swap_used_cache"":0,""fpm_listen_queue"":""0"",""fpm_listen_queue_length"":""128"",""fpm_total_processes"":""16"",""fpm_active_processes"":""15""}"
1475430797,"{""mysql_table_scans_pct"":0.26658009378335,""mysql_deadlocks"":""0"",""mysql_wait_locks"":""0"",""mysql_current_locks"":""1438"",""mysql_total_locks"":""77"",""mysql_lock_time_avg"":""22204"",""mysql_lock_time_max"":""51574"",""mysql_select_scans"":""24254"",""mysql_sort_scans"":""25084"",""mysql_join_scans"":""19"",""sys_load_avg"":8.01,""sys_memory_used"":3698.11328125,""sys_memory_used_buffers"":173.05078125,""sys_memory_used_cache"":955.91796875,""sys_memory_swap_used"":0,""sys_memory_swap_used_cache"":0,""fpm_listen_queue"":""0"",""fpm_listen_queue_length"":""128"",""fpm_total_processes"":""15"",""fpm_active_processes"":""13""}"
1475430802,"{""mysql_table_scans_pct"":0.26444853750677,""mysql_deadlocks"":""0"",""mysql_wait_locks"":""0"",""mysql_current_locks"":""1430"",""mysql_total_locks"":""77"",""mysql_lock_time_avg"":""22204"",""mysql_lock_time_max"":""51574"",""mysql_select_scans"":""24666"",""mysql_sort_scans"":""25380"",""mysql_join_scans"":""19"",""sys_load_avg"":8.41,""sys_memory_used"":3637.07421875,""sys_memory_used_buffers"":174.015625,""sys_memory_used_cache"":962.55859375,""sys_memory_swap_used"":0,""sys_memory_swap_used_cache"":0,""fpm_listen_queue"":""0"",""fpm_listen_queue_length"":""128"",""fpm_total_processes"":""12"",""fpm_active_processes"":""12""}"
1475430807,"{""mysql_table_scans_pct"":0.2566547961745,""mysql_deadlocks"":""0"",""mysql_wait_locks"":""0"",""mysql_current_locks"":""7"",""mysql_total_locks"":""78"",""mysql_lock_time_avg"":""21930"",""mysql_lock_time_max"":""51574"",""mysql_select_scans"":""25075"",""mysql_sort_scans"":""25672"",""mysql_join_scans"":""19"",""sys_load_avg"":9.02,""sys_memory_used"":3594,""sys_memory_used_buffers"":174.3671875,""sys_memory_used_cache"":972.26953125,""sys_memory_swap_used"":0,""sys_memory_swap_used_cache"":0,""fpm_listen_queue"":""0"",""fpm_listen_queue_length"":""128"",""fpm_total_processes"":""13"",""fpm_active_processes"":""12""}"
1475430812,"{""mysql_table_scans_pct"":0.25612855766591,""mysql_deadlocks"":""0"",""mysql_wait_locks"":""0"",""mysql_current_locks"":""0"",""mysql_total_locks"":""79"",""mysql_lock_time_avg"":""21652"",""mysql_lock_time_max"":""51574"",""mysql_select_scans"":""25167"",""mysql_sort_scans"":""25838"",""mysql_join_scans"":""19"",""sys_load_avg"":9.18,""sys_memory_used"":3551.00390625,""sys_memory_used_buffers"":174.71484375,""sys_memory_used_cache"":973.86328125,""sys_memory_swap_used"":0,""sys_memory_swap_used_cache"":0,""fpm_listen_queue"":""0"",""fpm_listen_queue_length"":""128"",""fpm_total_processes"":""13"",""fpm_active_processes"":""10""}"
1475430817,"{""mysql_table_scans_pct"":0.25192302646611,""mysql_deadlocks"":""0"",""mysql_wait_locks"":""0"",""mysql_current_locks"":""0"",""mysql_total_locks"":""79"",""mysql_lock_time_avg"":""21652"",""mysql_lock_time_max"":""51574"",""mysql_select_scans"":""25261"",""mysql_sort_scans"":""26021"",""mysql_join_scans"":""19"",""sys_load_avg"":9.48,""sys_memory_used"":3555.44921875,""sys_memory_used_buffers"":175.10546875,""sys_memory_used_cache"":976.4453125,""sys_memory_swap_used"":0,""sys_memory_swap_used_cache"":0,""fpm_listen_queue"":""0"",""fpm_listen_queue_length"":""128"",""fpm_total_processes"":""12"",""fpm_active_processes"":""12""}"
1475430822,"{""mysql_table_scans_pct"":0.24618772235695,""mysql_deadlocks"":""0"",""mysql_wait_locks"":""0"",""mysql_current_locks"":""0"",""mysql_total_locks"":""79"",""mysql_lock_time_avg"":""21652"",""mysql_lock_time_max"":""51574"",""mysql_select_scans"":""25350"",""mysql_sort_scans"":""26133"",""mysql_join_scans"":""19"",""sys_load_avg"":9.2,""sys_memory_used"":3516.4453125,""sys_memory_used_buffers"":175.4765625,""sys_memory_used_cache"":977.6875,""sys_memory_swap_used"":0,""sys_memory_swap_used_cache"":0,""fpm_listen_queue"":""0"",""fpm_listen_queue_length"":""128"",""fpm_total_processes"":""11"",""fpm_active_processes"":""6""}"
1475430828,"{""mysql_table_scans_pct"":0.24115821998027,""mysql_deadlocks"":""0"",""mysql_wait_locks"":""0"",""mysql_current_locks"":""0"",""mysql_total_locks"":""79"",""mysql_lock_time_avg"":""21652"",""mysql_lock_time_max"":""51574"",""mysql_select_scans"":""25442"",""mysql_sort_scans"":""26307"",""mysql_join_scans"":""19"",""sys_load_avg"":8.95,""sys_memory_used"":3601.2421875,""sys_memory_used_buffers"":175.9453125,""sys_memory_used_cache"":979.609375,""sys_memory_swap_used"":0,""sys_memory_swap_used_cache"":0,""fpm_listen_queue"":""4"",""fpm_listen_queue_length"":""128"",""fpm_total_processes"":""12"",""fpm_active_processes"":""12""}"
1475430833,"{""mysql_table_scans_pct"":0.23872147893791,""mysql_deadlocks"":""0"",""mysql_wait_locks"":""0"",""mysql_current_locks"":""0"",""mysql_total_locks"":""79"",""mysql_lock_time_avg"":""21652"",""mysql_lock_time_max"":""51574"",""mysql_select_scans"":""25537"",""mysql_sort_scans"":""26487"",""mysql_join_scans"":""19"",""sys_load_avg"":8.79,""sys_memory_used"":3570.48828125,""sys_memory_used_buffers"":176.328125,""sys_memory_used_cache"":982.39453125,""sys_memory_swap_used"":0,""sys_memory_swap_used_cache"":0,""fpm_listen_queue"":""0"",""fpm_listen_queue_length"":""128"",""fpm_total_processes"":""12"",""fpm_active_processes"":""12""}"
1475430838,"{""mysql_table_scans_pct"":0.23872131373105,""mysql_deadlocks"":""0"",""mysql_wait_locks"":""0"",""mysql_current_locks"":""0"",""mysql_total_locks"":""79"",""mysql_lock_time_avg"":""21652"",""mysql_lock_time_max"":""51574"",""mysql_select_scans"":""25609"",""mysql_sort_scans"":""26694"",""mysql_join_scans"":""19"",""sys_load_avg"":8.89,""sys_memory_used"":3571.07421875,""sys_memory_used_buffers"":177.00390625,""sys_memory_used_cache"":984.98828125,""sys_memory_swap_used"":0,""sys_memory_swap_used_cache"":0,""fpm_listen_queue"":""0"",""fpm_listen_queue_length"":""128"",""fpm_total_processes"":""12"",""fpm_active_processes"":""11""}"
1475430843,"{""mysql_table_scans_pct"":0.23872286297233,""mysql_deadlocks"":""0"",""mysql_wait_locks"":""0"",""mysql_current_locks"":""0"",""mysql_total_locks"":""79"",""mysql_lock_time_avg"":""21652"",""mysql_lock_time_max"":""51574"",""mysql_select_scans"":""25670"",""mysql_sort_scans"":""26870"",""mysql_join_scans"":""19"",""sys_load_avg"":8.66,""sys_memory_used"":3566.34375,""sys_memory_used_buffers"":177.625,""sys_memory_used_cache"":986.8984375,""sys_memory_swap_used"":0,""sys_memory_swap_used_cache"":0,""fpm_listen_queue"":""1"",""fpm_listen_queue_length"":""128"",""fpm_total_processes"":""11"",""fpm_active_processes"":""9""}"
1475430848,"{""mysql_table_scans_pct"":0.23872653773963,""mysql_deadlocks"":""0"",""mysql_wait_locks"":""0"",""mysql_current_locks"":""0"",""mysql_total_locks"":""79"",""mysql_lock_time_avg"":""21652"",""mysql_lock_time_max"":""51574"",""mysql_select_scans"":""25749"",""mysql_sort_scans"":""27104"",""mysql_join_scans"":""19"",""sys_load_avg"":8.28,""sys_memory_used"":3539.17578125,""sys_memory_used_buffers"":178.03125,""sys_memory_used_cache"":988.98828125,""sys_memory_swap_used"":0,""sys_memory_swap_used_cache"":0,""fpm_listen_queue"":""0"",""fpm_listen_queue_length"":""128"",""fpm_total_processes"":""11"",""fpm_active_processes"":""10""}"
1475430853,"{""mysql_table_scans_pct"":0.23872929339655,""mysql_deadlocks"":""0"",""mysql_wait_locks"":""0"",""mysql_current_locks"":""0"",""mysql_total_locks"":""79"",""mysql_lock_time_avg"":""21652"",""mysql_lock_time_max"":""51574"",""mysql_select_scans"":""25816"",""mysql_sort_scans"":""27285"",""mysql_join_scans"":""19"",""sys_load_avg"":8.5,""sys_memory_used"":3561.22265625,""sys_memory_used_buffers"":178.3984375,""sys_memory_used_cache"":990.453125,""sys_memory_swap_used"":0,""sys_memory_swap_used_cache"":0,""fpm_listen_queue"":""0"",""fpm_listen_queue_length"":""128"",""fpm_total_processes"":""11"",""fpm_active_processes"":""10""}"
1475430858,"{""mysql_table_scans_pct"":0.23873198999713,""mysql_deadlocks"":""0"",""mysql_wait_locks"":""0"",""mysql_current_locks"":""0"",""mysql_total_locks"":""79"",""mysql_lock_time_avg"":""21652"",""mysql_lock_time_max"":""51574"",""mysql_select_scans"":""25887"",""mysql_sort_scans"":""27418"",""mysql_join_scans"":""19"",""sys_load_avg"":8.3,""sys_memory_used"":3555.4375,""sys_memory_used_buffers"":178.4609375,""sys_memory_used_cache"":992.8046875,""sys_memory_swap_used"":0,""sys_memory_swap_used_cache"":0,""fpm_listen_queue"":""0"",""fpm_listen_queue_length"":""128"",""fpm_total_processes"":""11"",""fpm_active_processes"":""11""}"
1475430863,"{""mysql_table_scans_pct"":0.23872785663319,""mysql_deadlocks"":""0"",""mysql_wait_locks"":""0"",""mysql_current_locks"":""1"",""mysql_total_locks"":""79"",""mysql_lock_time_avg"":""21652"",""mysql_lock_time_max"":""51574"",""mysql_select_scans"":""25967"",""mysql_sort_scans"":""27602"",""mysql_join_scans"":""19"",""sys_load_avg"":8.2,""sys_memory_used"":3479.625,""sys_memory_used_buffers"":178.5546875,""sys_memory_used_cache"":994.984375,""sys_memory_swap_used"":0,""sys_memory_swap_used_cache"":0,""fpm_listen_queue"":""0"",""fpm_listen_queue_length"":""128"",""fpm_total_processes"":""10"",""fpm_active_processes"":""9""}"
1475430869,"{""mysql_table_scans_pct"":0.23803808963125,""mysql_deadlocks"":""0"",""mysql_wait_locks"":""0"",""mysql_current_locks"":""1477"",""mysql_total_locks"":""79"",""mysql_lock_time_avg"":""21652"",""mysql_lock_time_max"":""51574"",""mysql_select_scans"":""26058"",""mysql_sort_scans"":""27770"",""mysql_join_scans"":""19"",""sys_load_avg"":8.42,""sys_memory_used"":3645.55859375,""sys_memory_used_buffers"":178.6484375,""sys_memory_used_cache"":996.40625,""sys_memory_swap_used"":0,""sys_memory_swap_used_cache"":0,""fpm_listen_queue"":""3"",""fpm_listen_queue_length"":""128"",""fpm_total_processes"":""11"",""fpm_active_processes"":""11""}"
1475430874,"{""mysql_table_scans_pct"":0.23806053753278,""mysql_deadlocks"":""0"",""mysql_wait_locks"":""0"",""mysql_current_locks"":""47"",""mysql_total_locks"":""81"",""mysql_lock_time_avg"":""21119"",""mysql_lock_time_max"":""51574"",""mysql_select_scans"":""26213"",""mysql_sort_scans"":""27919"",""mysql_join_scans"":""21"",""sys_load_avg"":8.55,""sys_memory_used"":3622.5625,""sys_memory_used_buffers"":178.7890625,""sys_memory_used_cache"":999.71484375,""sys_memory_swap_used"":0,""sys_memory_swap_used_cache"":0,""fpm_listen_queue"":""1"",""fpm_listen_queue_length"":""128"",""fpm_total_processes"":""11"",""fpm_active_processes"":""10""}"
1475430879,"{""mysql_table_scans_pct"":0.23731071444646,""mysql_deadlocks"":""0"",""mysql_wait_locks"":""1"",""mysql_current_locks"":""102"",""mysql_total_locks"":""85"",""mysql_lock_time_avg"":""20134"",""mysql_lock_time_max"":""51574"",""mysql_select_scans"":""26417"",""mysql_sort_scans"":""28097"",""mysql_join_scans"":""25"",""sys_load_avg"":8.98,""sys_memory_used"":3628.0546875,""sys_memory_used_buffers"":178.8984375,""sys_memory_used_cache"":1001.76171875,""sys_memory_swap_used"":0,""sys_memory_swap_used_cache"":0,""fpm_listen_queue"":""0"",""fpm_listen_queue_length"":""128"",""fpm_total_processes"":""12"",""fpm_active_processes"":""7""}"
1475430884,"{""mysql_table_scans_pct"":0.2400995739054,""mysql_deadlocks"":""0"",""mysql_wait_locks"":""0"",""mysql_current_locks"":""4"",""mysql_total_locks"":""85"",""mysql_lock_time_avg"":""20135"",""mysql_lock_time_max"":""51574"",""mysql_select_scans"":""26494"",""mysql_sort_scans"":""28311"",""mysql_join_scans"":""25"",""sys_load_avg"":8.99,""sys_memory_used"":3635.15625,""sys_memory_used_buffers"":179.109375,""sys_memory_used_cache"":1004.57421875,""sys_memory_swap_used"":0,""sys_memory_swap_used_cache"":0,""fpm_listen_queue"":""3"",""fpm_listen_queue_length"":""128"",""fpm_total_processes"":""10"",""fpm_active_processes"":""8""}"
1475430889,"{""mysql_table_scans_pct"":0.24017006462953,""mysql_deadlocks"":""0"",""mysql_wait_locks"":""4"",""mysql_current_locks"":""2313"",""mysql_total_locks"":""89"",""mysql_lock_time_avg"":""19230"",""mysql_lock_time_max"":""51574"",""mysql_select_scans"":""26710"",""mysql_sort_scans"":""28496"",""mysql_join_scans"":""27"",""sys_load_avg"":8.99,""sys_memory_used"":3636.94921875,""sys_memory_used_buffers"":179.3046875,""sys_memory_used_cache"":1006.56640625,""sys_memory_swap_used"":0,""sys_memory_swap_used_cache"":0,""fpm_listen_queue"":""0"",""fpm_listen_queue_length"":""128"",""fpm_total_processes"":""11"",""fpm_active_processes"":""10""}"
1475430894,"{""mysql_table_scans_pct"":0.23792658895519,""mysql_deadlocks"":""0"",""mysql_wait_locks"":""6"",""mysql_current_locks"":""3064"",""mysql_total_locks"":""91"",""mysql_lock_time_avg"":""18808"",""mysql_lock_time_max"":""51574"",""mysql_select_scans"":""26970"",""mysql_sort_scans"":""28660"",""mysql_join_scans"":""27"",""sys_load_avg"":8.75,""sys_memory_used"":3671.15625,""sys_memory_used_buffers"":179.75,""sys_memory_used_cache"":1008.33984375,""sys_memory_swap_used"":0,""sys_memory_swap_used_cache"":0,""fpm_listen_queue"":""2"",""fpm_listen_queue_length"":""128"",""fpm_total_processes"":""11"",""fpm_active_processes"":""11""}"
1475430899,"{""mysql_table_scans_pct"":0.23394815188007,""mysql_deadlocks"":""0"",""mysql_wait_locks"":""8"",""mysql_current_locks"":""3946"",""mysql_total_locks"":""93"",""mysql_lock_time_avg"":""18403"",""mysql_lock_time_max"":""51574"",""mysql_select_scans"":""27264"",""mysql_sort_scans"":""28851"",""mysql_join_scans"":""27"",""sys_load_avg"":8.37,""sys_memory_used"":3764.2578125,""sys_memory_used_buffers"":180.0390625,""sys_memory_used_cache"":1010.6796875,""sys_memory_swap_used"":0,""sys_memory_swap_used_cache"":0,""fpm_listen_queue"":""0"",""fpm_listen_queue_length"":""128"",""fpm_total_processes"":""14"",""fpm_active_processes"":""9""}"
1475430904,"{""mysql_table_scans_pct"":0.23665064203862,""mysql_deadlocks"":""0"",""mysql_wait_locks"":""9"",""mysql_current_locks"":""5347"",""mysql_total_locks"":""94"",""mysql_lock_time_avg"":""18208"",""mysql_lock_time_max"":""51574"",""mysql_select_scans"":""27393"",""mysql_sort_scans"":""28976"",""mysql_join_scans"":""27"",""sys_load_avg"":8.1,""sys_memory_used"":3816.98828125,""sys_memory_used_buffers"":180.41015625,""sys_memory_used_cache"":1011.5546875,""sys_memory_swap_used"":0,""sys_memory_swap_used_cache"":0,""fpm_listen_queue"":""0"",""fpm_listen_queue_length"":""128"",""fpm_total_processes"":""16"",""fpm_active_processes"":""13""}"
1475430910,"{""mysql_table_scans_pct"":0.23545685611594,""mysql_deadlocks"":""0"",""mysql_wait_locks"":""3"",""mysql_current_locks"":""859"",""mysql_total_locks"":""97"",""mysql_lock_time_avg"":""18776"",""mysql_lock_time_max"":""51574"",""mysql_select_scans"":""27675"",""mysql_sort_scans"":""29127"",""mysql_join_scans"":""28"",""sys_load_avg"":8.01,""sys_memory_used"":3759.40234375,""sys_memory_used_buffers"":180.64453125,""sys_memory_used_cache"":1012.92578125,""sys_memory_swap_used"":0,""sys_memory_swap_used_cache"":0,""fpm_listen_queue"":""0"",""fpm_listen_queue_length"":""128"",""fpm_total_processes"":""15"",""fpm_active_processes"":""8""}"
1475430915,"{""mysql_table_scans_pct"":0.23809911547911,""mysql_deadlocks"":""0"",""mysql_wait_locks"":""6"",""mysql_current_locks"":""4383"",""mysql_total_locks"":""100"",""mysql_lock_time_avg"":""18213"",""mysql_lock_time_max"":""51574"",""mysql_select_scans"":""27913"",""mysql_sort_scans"":""29365"",""mysql_join_scans"":""28"",""sys_load_avg"":7.69,""sys_memory_used"":3754.62109375,""sys_memory_used_buffers"":180.921875,""sys_memory_used_cache"":1019.5234375,""sys_memory_swap_used"":0,""sys_memory_swap_used_cache"":0,""fpm_listen_queue"":""0"",""fpm_listen_queue_length"":""128"",""fpm_total_processes"":""13"",""fpm_active_processes"":""13""}"
1475430920,"{""mysql_table_scans_pct"":0.24714286295385,""mysql_deadlocks"":""0"",""mysql_wait_locks"":""10"",""mysql_current_locks"":""13696"",""mysql_total_locks"":""104"",""mysql_lock_time_avg"":""17512"",""mysql_lock_time_max"":""51574"",""mysql_select_scans"":""28135"",""mysql_sort_scans"":""29575"",""mysql_join_scans"":""28"",""sys_load_avg"":7.31,""sys_memory_used"":3859.34765625,""sys_memory_used_buffers"":181.17578125,""sys_memory_used_cache"":1023.578125,""sys_memory_swap_used"":0,""sys_memory_swap_used_cache"":0,""fpm_listen_queue"":""0"",""fpm_listen_queue_length"":""128"",""fpm_total_processes"":""16"",""fpm_active_processes"":""16""}"
1475430925,"{""mysql_table_scans_pct"":0.25590957397406,""mysql_deadlocks"":""0"",""mysql_wait_locks"":""0"",""mysql_current_locks"":""706"",""mysql_total_locks"":""105"",""mysql_lock_time_avg"":""18336"",""mysql_lock_time_max"":""51574"",""mysql_select_scans"":""28332"",""mysql_sort_scans"":""29699"",""mysql_join_scans"":""28"",""sys_load_avg"":6.89,""sys_memory_used"":3866.50390625,""sys_memory_used_buffers"":181.4921875,""sys_memory_used_cache"":1025.46484375,""sys_memory_swap_used"":0,""sys_memory_swap_used_cache"":0,""fpm_listen_queue"":""0"",""fpm_listen_queue_length"":""128"",""fpm_total_processes"":""17"",""fpm_active_processes"":""12""}"
1475430930,"{""mysql_table_scans_pct"":0.2585351119318,""mysql_deadlocks"":""0"",""mysql_wait_locks"":""0"",""mysql_current_locks"":""613"",""mysql_total_locks"":""106"",""mysql_lock_time_avg"":""18173"",""mysql_lock_time_max"":""51574"",""mysql_select_scans"":""28467"",""mysql_sort_scans"":""29934"",""mysql_join_scans"":""28"",""sys_load_avg"":6.74,""sys_memory_used"":3682.56640625,""sys_memory_used_buffers"":182.05078125,""sys_memory_used_cache"":1027.35546875,""sys_memory_swap_used"":0,""sys_memory_swap_used_cache"":0,""fpm_listen_queue"":""0"",""fpm_listen_queue_length"":""128"",""fpm_total_processes"":""12"",""fpm_active_processes"":""11""}"
1475430935,"{""mysql_table_scans_pct"":0.25966635211364,""mysql_deadlocks"":""0"",""mysql_wait_locks"":""1"",""mysql_current_locks"":""2199"",""mysql_total_locks"":""108"",""mysql_lock_time_avg"":""17837"",""mysql_lock_time_max"":""51574"",""mysql_select_scans"":""28591"",""mysql_sort_scans"":""30134"",""mysql_join_scans"":""28"",""sys_load_avg"":7.16,""sys_memory_used"":3682.046875,""sys_memory_used_buffers"":182.29296875,""sys_memory_used_cache"":1028.40234375,""sys_memory_swap_used"":0,""sys_memory_swap_used_cache"":0,""fpm_listen_queue"":""1"",""fpm_listen_queue_length"":""128"",""fpm_total_processes"":""10"",""fpm_active_processes"":""10""}"
1475430940,"{""mysql_table_scans_pct"":0.26315377353132,""mysql_deadlocks"":""0"",""mysql_wait_locks"":""6"",""mysql_current_locks"":""3801"",""mysql_total_locks"":""113"",""mysql_lock_time_avg"":""17048"",""mysql_lock_time_max"":""51574"",""mysql_select_scans"":""28868"",""mysql_sort_scans"":""30281"",""mysql_join_scans"":""28"",""sys_load_avg"":7.22,""sys_memory_used"":3776.640625,""sys_memory_used_buffers"":182.6328125,""sys_memory_used_cache"":1030.8671875,""sys_memory_swap_used"":0,""sys_memory_swap_used_cache"":0,""fpm_listen_queue"":""0"",""fpm_listen_queue_length"":""128"",""fpm_total_processes"":""13"",""fpm_active_processes"":""12""}"
1475430945,"{""mysql_table_scans_pct"":0.26203637730872,""mysql_deadlocks"":""0"",""mysql_wait_locks"":""9"",""mysql_current_locks"":""5810"",""mysql_total_locks"":""116"",""mysql_lock_time_avg"":""16607"",""mysql_lock_time_max"":""51574"",""mysql_select_scans"":""28984"",""mysql_sort_scans"":""30341"",""mysql_join_scans"":""28"",""sys_load_avg"":6.73,""sys_memory_used"":3741.265625,""sys_memory_used_buffers"":182.90625,""sys_memory_used_cache"":1031.53515625,""sys_memory_swap_used"":0,""sys_memory_swap_used_cache"":0,""fpm_listen_queue"":""0"",""fpm_listen_queue_length"":""128"",""fpm_total_processes"":""12"",""fpm_active_processes"":""11""}"
1475430950,"{""mysql_table_scans_pct"":0.26527210018947,""mysql_deadlocks"":""0"",""mysql_wait_locks"":""11"",""mysql_current_locks"":""7640"",""mysql_total_locks"":""118"",""mysql_lock_time_avg"":""16325"",""mysql_lock_time_max"":""51574"",""mysql_select_scans"":""29065"",""mysql_sort_scans"":""30395"",""mysql_join_scans"":""28"",""sys_load_avg"":6.43,""sys_memory_used"":3790.33984375,""sys_memory_used_buffers"":183.1875,""sys_memory_used_cache"":1036.6875,""sys_memory_swap_used"":0,""sys_memory_swap_used_cache"":0,""fpm_listen_queue"":""0"",""fpm_listen_queue_length"":""128"",""fpm_total_processes"":""13"",""fpm_active_processes"":""12""}"
1475430955,"{""mysql_table_scans_pct"":0.26702780952468,""mysql_deadlocks"":""0"",""mysql_wait_locks"":""11"",""mysql_current_locks"":""8532"",""mysql_total_locks"":""118"",""mysql_lock_time_avg"":""16325"",""mysql_lock_time_max"":""51574"",""mysql_select_scans"":""29119"",""mysql_sort_scans"":""30431"",""mysql_join_scans"":""28"",""sys_load_avg"":5.99,""sys_memory_used"":3819.27734375,""sys_memory_used_buffers"":184.09765625,""sys_memory_used_cache"":1037.125,""sys_memory_swap_used"":0,""sys_memory_swap_used_cache"":0,""fpm_listen_queue"":""0"",""fpm_listen_queue_length"":""128"",""fpm_total_processes"":""14"",""fpm_active_processes"":""13""}"
1475430960,"{""mysql_table_scans_pct"":0.26587177649072,""mysql_deadlocks"":""0"",""mysql_wait_locks"":""11"",""mysql_current_locks"":""9187"",""mysql_total_locks"":""118"",""mysql_lock_time_avg"":""16325"",""mysql_lock_time_max"":""51574"",""mysql_select_scans"":""29139"",""mysql_sort_scans"":""30443"",""mysql_join_scans"":""28"",""sys_load_avg"":5.59,""sys_memory_used"":3799.53515625,""sys_memory_used_buffers"":184.265625,""sys_memory_used_cache"":1037.05078125,""sys_memory_swap_used"":0,""sys_memory_swap_used_cache"":0,""fpm_listen_queue"":""0"",""fpm_listen_queue_length"":""128"",""fpm_total_processes"":""14"",""fpm_active_processes"":""12""}"
1475430965,"{""mysql_table_scans_pct"":0.26803531089507,""mysql_deadlocks"":""0"",""mysql_wait_locks"":""11"",""mysql_current_locks"":""10409"",""mysql_total_locks"":""118"",""mysql_lock_time_avg"":""16325"",""mysql_lock_time_max"":""51574"",""mysql_select_scans"":""29141"",""mysql_sort_scans"":""30443"",""mysql_join_scans"":""28"",""sys_load_avg"":5.23,""sys_memory_used"":3774.91015625,""sys_memory_used_buffers"":184.41796875,""sys_memory_used_cache"":1037.984375,""sys_memory_swap_used"":0,""sys_memory_swap_used_cache"":0,""fpm_listen_queue"":""0"",""fpm_listen_queue_length"":""128"",""fpm_total_processes"":""14"",""fpm_active_processes"":""12""}"
1475430971,"{""mysql_table_scans_pct"":0.26727960716112,""mysql_deadlocks"":""0"",""mysql_wait_locks"":""11"",""mysql_current_locks"":""11075"",""mysql_total_locks"":""118"",""mysql_lock_time_avg"":""16325"",""mysql_lock_time_max"":""51574"",""mysql_select_scans"":""29142"",""mysql_sort_scans"":""30443"",""mysql_join_scans"":""28"",""sys_load_avg"":4.97,""sys_memory_used"":3766.55078125,""sys_memory_used_buffers"":184.72265625,""sys_memory_used_cache"":1040.36328125,""sys_memory_swap_used"":0,""sys_memory_swap_used_cache"":0,""fpm_listen_queue"":""0"",""fpm_listen_queue_length"":""128"",""fpm_total_processes"":""14"",""fpm_active_processes"":""12""}"
1475430976,"{""mysql_table_scans_pct"":0.26673024095944,""mysql_deadlocks"":""0"",""mysql_wait_locks"":""0"",""mysql_current_locks"":""34"",""mysql_total_locks"":""118"",""mysql_lock_time_avg"":""19394"",""mysql_lock_time_max"":""51574"",""mysql_select_scans"":""29166"",""mysql_sort_scans"":""30453"",""mysql_join_scans"":""28"",""sys_load_avg"":4.65,""sys_memory_used"":3725.4375,""sys_memory_used_buffers"":186.59375,""sys_memory_used_cache"":1041.87109375,""sys_memory_swap_used"":0,""sys_memory_swap_used_cache"":0,""fpm_listen_queue"":""0"",""fpm_listen_queue_length"":""128"",""fpm_total_processes"":""13"",""fpm_active_processes"":""1""}"
1475430981,"{""mysql_table_scans_pct"":0.26621001564209,""mysql_deadlocks"":""0"",""mysql_wait_locks"":""0"",""mysql_current_locks"":""0"",""mysql_total_locks"":""118"",""mysql_lock_time_avg"":""19394"",""mysql_lock_time_max"":""51574"",""mysql_select_scans"":""29171"",""mysql_sort_scans"":""30453"",""mysql_join_scans"":""28"",""sys_load_avg"":4.28,""sys_memory_used"":3445.00390625,""sys_memory_used_buffers"":252.70703125,""sys_memory_used_cache"":977.703125,""sys_memory_swap_used"":0,""sys_memory_swap_used_cache"":0,""fpm_listen_queue"":""0"",""fpm_listen_queue_length"":""128"",""fpm_total_processes"":""8"",""fpm_active_processes"":""1""}"
