1471964706,"{""mysql_table_scans_pct"":0.22924418582966,""mysql_deadlocks"":""0"",""mysql_wait_locks"":""0"",""mysql_current_locks"":""25"",""mysql_total_locks"":""5"",""mysql_lock_time_avg"":""1440"",""mysql_lock_time_max"":""6751"",""mysql_select_scans"":""931"",""mysql_sort_scans"":""1149"",""mysql_join_scans"":""80"",""sys_load_avg"":5.6,""sys_memory_used"":2730.953125,""sys_memory_used_buffers"":92.390625,""sys_memory_used_cache"":367.77734375,""sys_memory_swap_used"":0,""sys_memory_swap_used_cache"":0,""fpm_listen_queue"":""1"",""fpm_listen_queue_length"":""128"",""fpm_total_processes"":""19"",""fpm_active_processes"":""19""}"
1471964711,"{""mysql_table_scans_pct"":0.23838123921052,""mysql_deadlocks"":""0"",""mysql_wait_locks"":""0"",""mysql_current_locks"":""671"",""mysql_total_locks"":""5"",""mysql_lock_time_avg"":""1440"",""mysql_lock_time_max"":""6751"",""mysql_select_scans"":""991"",""mysql_sort_scans"":""1245"",""mysql_join_scans"":""90"",""sys_load_avg"":6.67,""sys_memory_used"":2955.6015625,""sys_memory_used_buffers"":96.203125,""sys_memory_used_cache"":371.4609375,""sys_memory_swap_used"":0,""sys_memory_swap_used_cache"":0,""fpm_listen_queue"":""0"",""fpm_listen_queue_length"":""128"",""fpm_total_processes"":""20"",""fpm_active_processes"":""19""}"
1471964717,"{""mysql_table_scans_pct"":0.24072957541653,""mysql_deadlocks"":""0"",""mysql_wait_locks"":""1"",""mysql_current_locks"":""1471"",""mysql_total_locks"":""6"",""mysql_lock_time_avg"":""1200"",""mysql_lock_time_max"":""6751"",""mysql_select_scans"":""1111"",""mysql_sort_scans"":""1458"",""mysql_join_scans"":""109"",""sys_load_avg"":7.66,""sys_memory_used"":2694.24609375,""sys_memory_used_buffers"":99.58203125,""sys_memory_used_cache"":379.0703125,""sys_memory_swap_used"":0,""sys_memory_swap_used_cache"":0,""fpm_listen_queue"":""0"",""fpm_listen_queue_length"":""128"",""fpm_total_processes"":""20"",""fpm_active_processes"":""18""}"
1471964722,"{""mysql_table_scans_pct"":0.23779284615483,""mysql_deadlocks"":""0"",""mysql_wait_locks"":""1"",""mysql_current_locks"":""429"",""mysql_total_locks"":""7"",""mysql_lock_time_avg"":""1507"",""mysql_lock_time_max"":""6751"",""mysql_select_scans"":""1243"",""mysql_sort_scans"":""1666"",""mysql_join_scans"":""129"",""sys_load_avg"":8.17,""sys_memory_used"":2770.7421875,""sys_memory_used_buffers"":102.1484375,""sys_memory_used_cache"":392.796875,""sys_memory_swap_used"":0,""sys_memory_swap_used_cache"":0,""fpm_listen_queue"":""0"",""fpm_listen_queue_length"":""128"",""fpm_total_processes"":""21"",""fpm_active_processes"":""19""}"
1471964727,"{""mysql_table_scans_pct"":0.24341224704519,""mysql_deadlocks"":""0"",""mysql_wait_locks"":""0"",""mysql_current_locks"":""16"",""mysql_total_locks"":""8"",""mysql_lock_time_avg"":""2302"",""mysql_lock_time_max"":""6751"",""mysql_select_scans"":""1391"",""mysql_sort_scans"":""1873"",""mysql_join_scans"":""146"",""sys_load_avg"":9.19,""sys_memory_used"":3038.17578125,""sys_memory_used_buffers"":103.9609375,""sys_memory_used_cache"":380.08984375,""sys_memory_swap_used"":0,""sys_memory_swap_used_cache"":0,""fpm_listen_queue"":""0"",""fpm_listen_queue_length"":""128"",""fpm_total_processes"":""21"",""fpm_active_processes"":""18""}"
1471964732,"{""mysql_table_scans_pct"":0.23870486540445,""mysql_deadlocks"":""0"",""mysql_wait_locks"":""0"",""mysql_current_locks"":""31"",""mysql_total_locks"":""9"",""mysql_lock_time_avg"":""2097"",""mysql_lock_time_max"":""6751"",""mysql_select_scans"":""1508"",""mysql_sort_scans"":""2076"",""mysql_join_scans"":""166"",""sys_load_avg"":9.82,""sys_memory_used"":2698.046875,""sys_memory_used_buffers"":105.3359375,""sys_memory_used_cache"":403.71875,""sys_memory_swap_used"":0,""sys_memory_swap_used_cache"":0,""fpm_listen_queue"":""0"",""fpm_listen_queue_length"":""128"",""fpm_total_processes"":""20"",""fpm_active_processes"":""16""}"
1471964737,"{""mysql_table_scans_pct"":0.24520252522282,""mysql_deadlocks"":""0"",""mysql_wait_locks"":""0"",""mysql_current_locks"":""89"",""mysql_total_locks"":""9"",""mysql_lock_time_avg"":""2097"",""mysql_lock_time_max"":""6751"",""mysql_select_scans"":""1587"",""mysql_sort_scans"":""2242"",""mysql_join_scans"":""180"",""sys_load_avg"":10.47,""sys_memory_used"":2752.41015625,""sys_memory_used_buffers"":107.30078125,""sys_memory_used_cache"":394.875,""sys_memory_swap_used"":0,""sys_memory_swap_used_cache"":0,""fpm_listen_queue"":""0"",""fpm_listen_queue_length"":""128"",""fpm_total_processes"":""19"",""fpm_active_processes"":""19""}"
1471964742,"{""mysql_table_scans_pct"":0.24289321725413,""mysql_deadlocks"":""0"",""mysql_wait_locks"":""0"",""mysql_current_locks"":""148"",""mysql_total_locks"":""9"",""mysql_lock_time_avg"":""2097"",""mysql_lock_time_max"":""6751"",""mysql_select_scans"":""1711"",""mysql_sort_scans"":""2443"",""mysql_join_scans"":""200"",""sys_load_avg"":11,""sys_memory_used"":2508.140625,""sys_memory_used_buffers"":108.921875,""sys_memory_used_cache"":410.85546875,""sys_memory_swap_used"":0,""sys_memory_swap_used_cache"":0,""fpm_listen_queue"":""0"",""fpm_listen_queue_length"":""128"",""fpm_total_processes"":""19"",""fpm_active_processes"":""17""}"
1471964747,"{""mysql_table_scans_pct"":0.24298024664283,""mysql_deadlocks"":""0"",""mysql_wait_locks"":""0"",""mysql_current_locks"":""198"",""mysql_total_locks"":""9"",""mysql_lock_time_avg"":""2097"",""mysql_lock_time_max"":""6751"",""mysql_select_scans"":""1817"",""mysql_sort_scans"":""2616"",""mysql_join_scans"":""216"",""sys_load_avg"":11.88,""sys_memory_used"":2755.55078125,""sys_memory_used_buffers"":110.42578125,""sys_memory_used_cache"":424.8125,""sys_memory_swap_used"":0,""sys_memory_swap_used_cache"":0,""fpm_listen_queue"":""0"",""fpm_listen_queue_length"":""128"",""fpm_total_processes"":""20"",""fpm_active_processes"":""19""}"
1471964752,"{""mysql_table_scans_pct"":0.24434315579051,""mysql_deadlocks"":""0"",""mysql_wait_locks"":""0"",""mysql_current_locks"":""248"",""mysql_total_locks"":""9"",""mysql_lock_time_avg"":""2097"",""mysql_lock_time_max"":""6751"",""mysql_select_scans"":""1977"",""mysql_sort_scans"":""2823"",""mysql_join_scans"":""232"",""sys_load_avg"":12.69,""sys_memory_used"":2953.1875,""sys_memory_used_buffers"":111.390625,""sys_memory_used_cache"":426.25,""sys_memory_swap_used"":0,""sys_memory_swap_used_cache"":0,""fpm_listen_queue"":""0"",""fpm_listen_queue_length"":""128"",""fpm_total_processes"":""20"",""fpm_active_processes"":""19""}"
1471964757,"{""mysql_table_scans_pct"":0.24778773645506,""mysql_deadlocks"":""0"",""mysql_wait_locks"":""0"",""mysql_current_locks"":""320"",""mysql_total_locks"":""9"",""mysql_lock_time_avg"":""2097"",""mysql_lock_time_max"":""6751"",""mysql_select_scans"":""2045"",""mysql_sort_scans"":""2946"",""mysql_join_scans"":""248"",""sys_load_avg"":13.11,""sys_memory_used"":3080.0078125,""sys_memory_used_buffers"":111.9921875,""sys_memory_used_cache"":426.63671875,""sys_memory_swap_used"":0,""sys_memory_swap_used_cache"":0,""fpm_listen_queue"":""0"",""fpm_listen_queue_length"":""128"",""fpm_total_processes"":""20"",""fpm_active_processes"":""20""}"
1471964762,"{""mysql_table_scans_pct"":0.24369884621431,""mysql_deadlocks"":""0"",""mysql_wait_locks"":""0"",""mysql_current_locks"":""404"",""mysql_total_locks"":""9"",""mysql_lock_time_avg"":""2097"",""mysql_lock_time_max"":""6751"",""mysql_select_scans"":""2131"",""mysql_sort_scans"":""3122"",""mysql_join_scans"":""267"",""sys_load_avg"":13.83,""sys_memory_used"":2632.578125,""sys_memory_used_buffers"":112.89453125,""sys_memory_used_cache"":448.15234375,""sys_memory_swap_used"":0,""sys_memory_swap_used_cache"":0,""fpm_listen_queue"":""0"",""fpm_listen_queue_length"":""128"",""fpm_total_processes"":""20"",""fpm_active_processes"":""17""}"
1471964767,"{""mysql_table_scans_pct"":0.24850672720882,""mysql_deadlocks"":""0"",""mysql_wait_locks"":""0"",""mysql_current_locks"":""526"",""mysql_total_locks"":""9"",""mysql_lock_time_avg"":""2097"",""mysql_lock_time_max"":""6751"",""mysql_select_scans"":""2205"",""mysql_sort_scans"":""3268"",""mysql_join_scans"":""279"",""sys_load_avg"":14.4,""sys_memory_used"":2574.453125,""sys_memory_used_buffers"":113.8046875,""sys_memory_used_cache"":441.27734375,""sys_memory_swap_used"":0,""sys_memory_swap_used_cache"":0,""fpm_listen_queue"":""0"",""fpm_listen_queue_length"":""128"",""fpm_total_processes"":""20"",""fpm_active_processes"":""17""}"
1471964773,"{""mysql_table_scans_pct"":0.24780113213826,""mysql_deadlocks"":""0"",""mysql_wait_locks"":""0"",""mysql_current_locks"":""18"",""mysql_total_locks"":""9"",""mysql_lock_time_avg"":""2097"",""mysql_lock_time_max"":""6751"",""mysql_select_scans"":""2321"",""mysql_sort_scans"":""3499"",""mysql_join_scans"":""300"",""sys_load_avg"":14.85,""sys_memory_used"":2467.640625,""sys_memory_used_buffers"":114.55859375,""sys_memory_used_cache"":457.85546875,""sys_memory_swap_used"":0,""sys_memory_swap_used_cache"":0,""fpm_listen_queue"":""1"",""fpm_listen_queue_length"":""128"",""fpm_total_processes"":""19"",""fpm_active_processes"":""19""}"
1471964778,"{""mysql_table_scans_pct"":0.24947990361833,""mysql_deadlocks"":""0"",""mysql_wait_locks"":""0"",""mysql_current_locks"":""201"",""mysql_total_locks"":""9"",""mysql_lock_time_avg"":""2097"",""mysql_lock_time_max"":""6751"",""mysql_select_scans"":""2433"",""mysql_sort_scans"":""3720"",""mysql_join_scans"":""322"",""sys_load_avg"":15.26,""sys_memory_used"":2640.98828125,""sys_memory_used_buffers"":115.41015625,""sys_memory_used_cache"":468.375,""sys_memory_swap_used"":0,""sys_memory_swap_used_cache"":0,""fpm_listen_queue"":""0"",""fpm_listen_queue_length"":""128"",""fpm_total_processes"":""20"",""fpm_active_processes"":""18""}"
1471964783,"{""mysql_table_scans_pct"":0.25117743579575,""mysql_deadlocks"":""0"",""mysql_wait_locks"":""0"",""mysql_current_locks"":""1584"",""mysql_total_locks"":""9"",""mysql_lock_time_avg"":""2097"",""mysql_lock_time_max"":""6751"",""mysql_select_scans"":""2514"",""mysql_sort_scans"":""3867"",""mysql_join_scans"":""333"",""sys_load_avg"":15.16,""sys_memory_used"":2703.71484375,""sys_memory_used_buffers"":116.60546875,""sys_memory_used_cache"":469.89453125,""sys_memory_swap_used"":0,""sys_memory_swap_used_cache"":0,""fpm_listen_queue"":""0"",""fpm_listen_queue_length"":""128"",""fpm_total_processes"":""19"",""fpm_active_processes"":""16""}"
1471964788,"{""mysql_table_scans_pct"":0.24679212084588,""mysql_deadlocks"":""0"",""mysql_wait_locks"":""1"",""mysql_current_locks"":""2273"",""mysql_total_locks"":""10"",""mysql_lock_time_avg"":""1887"",""mysql_lock_time_max"":""6751"",""mysql_select_scans"":""2650"",""mysql_sort_scans"":""4088"",""mysql_join_scans"":""355"",""sys_load_avg"":15.31,""sys_memory_used"":2798.1953125,""sys_memory_used_buffers"":117.45703125,""sys_memory_used_cache"":500.28125,""sys_memory_swap_used"":0,""sys_memory_swap_used_cache"":0,""fpm_listen_queue"":""0"",""fpm_listen_queue_length"":""128"",""fpm_total_processes"":""19"",""fpm_active_processes"":""19""}"
1471964793,"{""mysql_table_scans_pct"":0.24831857139629,""mysql_deadlocks"":""0"",""mysql_wait_locks"":""1"",""mysql_current_locks"":""2496"",""mysql_total_locks"":""10"",""mysql_lock_time_avg"":""1887"",""mysql_lock_time_max"":""6751"",""mysql_select_scans"":""2697"",""mysql_sort_scans"":""4216"",""mysql_join_scans"":""368"",""sys_load_avg"":16,""sys_memory_used"":3090.36328125,""sys_memory_used_buffers"":118.32421875,""sys_memory_used_cache"":497.6875,""sys_memory_swap_used"":0,""sys_memory_swap_used_cache"":0,""fpm_listen_queue"":""0"",""fpm_listen_queue_length"":""128"",""fpm_total_processes"":""19"",""fpm_active_processes"":""17""}"
1471964798,"{""mysql_table_scans_pct"":0.24446535224622,""mysql_deadlocks"":""0"",""mysql_wait_locks"":""1"",""mysql_current_locks"":""2808"",""mysql_total_locks"":""10"",""mysql_lock_time_avg"":""1887"",""mysql_lock_time_max"":""6751"",""mysql_select_scans"":""2858"",""mysql_sort_scans"":""4436"",""mysql_join_scans"":""388"",""sys_load_avg"":16,""sys_memory_used"":2921.796875,""sys_memory_used_buffers"":119.0625,""sys_memory_used_cache"":524.79296875,""sys_memory_swap_used"":0,""sys_memory_swap_used_cache"":0,""fpm_listen_queue"":""0"",""fpm_listen_queue_length"":""128"",""fpm_total_processes"":""21"",""fpm_active_processes"":""20""}"
1471964803,"{""mysql_table_scans_pct"":0.24812617999181,""mysql_deadlocks"":""0"",""mysql_wait_locks"":""2"",""mysql_current_locks"":""3007"",""mysql_total_locks"":""11"",""mysql_lock_time_avg"":""1716"",""mysql_lock_time_max"":""6751"",""mysql_select_scans"":""2897"",""mysql_sort_scans"":""4538"",""mysql_join_scans"":""402"",""sys_load_avg"":16.24,""sys_memory_used"":3307.42578125,""sys_memory_used_buffers"":119.7734375,""sys_memory_used_cache"":516.5625,""sys_memory_swap_used"":0,""sys_memory_swap_used_cache"":0,""fpm_listen_queue"":""0"",""fpm_listen_queue_length"":""128"",""fpm_total_processes"":""21"",""fpm_active_processes"":""18""}"
1471964809,"{""mysql_table_scans_pct"":0.24868673881961,""mysql_deadlocks"":""0"",""mysql_wait_locks"":""2"",""mysql_current_locks"":""3279"",""mysql_total_locks"":""11"",""mysql_lock_time_avg"":""1716"",""mysql_lock_time_max"":""6751"",""mysql_select_scans"":""2964"",""mysql_sort_scans"":""4666"",""mysql_join_scans"":""417"",""sys_load_avg"":16.46,""sys_memory_used"":2702.25390625,""sys_memory_used_buffers"":120.3125,""sys_memory_used_cache"":517.16015625,""sys_memory_swap_used"":0,""sys_memory_swap_used_cache"":0,""fpm_listen_queue"":""0"",""fpm_listen_queue_length"":""128"",""fpm_total_processes"":""18"",""fpm_active_processes"":""18""}"
1471964814,"{""mysql_table_scans_pct"":0.24728683715748,""mysql_deadlocks"":""0"",""mysql_wait_locks"":""2"",""mysql_current_locks"":""3842"",""mysql_total_locks"":""11"",""mysql_lock_time_avg"":""1716"",""mysql_lock_time_max"":""6751"",""mysql_select_scans"":""3100"",""mysql_sort_scans"":""4906"",""mysql_join_scans"":""436"",""sys_load_avg"":16.27,""sys_memory_used"":2772.33203125,""sys_memory_used_buffers"":121.05078125,""sys_memory_used_cache"":526.13671875,""sys_memory_swap_used"":0,""sys_memory_swap_used_cache"":0,""fpm_listen_queue"":""0"",""fpm_listen_queue_length"":""128"",""fpm_total_processes"":""20"",""fpm_active_processes"":""17""}"
1471964819,"{""mysql_table_scans_pct"":0.2466667724871,""mysql_deadlocks"":""0"",""mysql_wait_locks"":""3"",""mysql_current_locks"":""4177"",""mysql_total_locks"":""12"",""mysql_lock_time_avg"":""1573"",""mysql_lock_time_max"":""6751"",""mysql_select_scans"":""3197"",""mysql_sort_scans"":""5084"",""mysql_join_scans"":""454"",""sys_load_avg"":16.33,""sys_memory_used"":2532.59765625,""sys_memory_used_buffers"":121.5625,""sys_memory_used_cache"":538.42578125,""sys_memory_swap_used"":0,""sys_memory_swap_used_cache"":0,""fpm_listen_queue"":""0"",""fpm_listen_queue_length"":""128"",""fpm_total_processes"":""19"",""fpm_active_processes"":""19""}"
1471964824,"{""mysql_table_scans_pct"":0.24900286522283,""mysql_deadlocks"":""0"",""mysql_wait_locks"":""4"",""mysql_current_locks"":""4793"",""mysql_total_locks"":""13"",""mysql_lock_time_avg"":""1452"",""mysql_lock_time_max"":""6751"",""mysql_select_scans"":""3336"",""mysql_sort_scans"":""5295"",""mysql_join_scans"":""469"",""sys_load_avg"":16.3,""sys_memory_used"":2912.79296875,""sys_memory_used_buffers"":122.375,""sys_memory_used_cache"":542.4140625,""sys_memory_swap_used"":0,""sys_memory_swap_used_cache"":0,""fpm_listen_queue"":""0"",""fpm_listen_queue_length"":""128"",""fpm_total_processes"":""20"",""fpm_active_processes"":""18""}"
1471964829,"{""mysql_table_scans_pct"":0.24873917085527,""mysql_deadlocks"":""0"",""mysql_wait_locks"":""0"",""mysql_current_locks"":""641"",""mysql_total_locks"":""14"",""mysql_lock_time_avg"":""7981"",""mysql_lock_time_max"":""43070"",""mysql_select_scans"":""3438"",""mysql_sort_scans"":""5425"",""mysql_join_scans"":""489"",""sys_load_avg"":15.87,""sys_memory_used"":3225.6328125,""sys_memory_used_buffers"":123.0859375,""sys_memory_used_cache"":574.98046875,""sys_memory_swap_used"":0,""sys_memory_swap_used_cache"":0,""fpm_listen_queue"":""0"",""fpm_listen_queue_length"":""128"",""fpm_total_processes"":""20"",""fpm_active_processes"":""18""}"
1471964834,"{""mysql_table_scans_pct"":0.24750198638071,""mysql_deadlocks"":""0"",""mysql_wait_locks"":""1"",""mysql_current_locks"":""942"",""mysql_total_locks"":""15"",""mysql_lock_time_avg"":""7449"",""mysql_lock_time_max"":""43070"",""mysql_select_scans"":""3526"",""mysql_sort_scans"":""5614"",""mysql_join_scans"":""515"",""sys_load_avg"":16.05,""sys_memory_used"":2640.09765625,""sys_memory_used_buffers"":123.7109375,""sys_memory_used_cache"":591.6484375,""sys_memory_swap_used"":0,""sys_memory_swap_used_cache"":0,""fpm_listen_queue"":""1"",""fpm_listen_queue_length"":""128"",""fpm_total_processes"":""18"",""fpm_active_processes"":""18""}"
1471964839,"{""mysql_table_scans_pct"":0.24813232908619,""mysql_deadlocks"":""0"",""mysql_wait_locks"":""1"",""mysql_current_locks"":""855"",""mysql_total_locks"":""15"",""mysql_lock_time_avg"":""7449"",""mysql_lock_time_max"":""43070"",""mysql_select_scans"":""3569"",""mysql_sort_scans"":""5725"",""mysql_join_scans"":""528"",""sys_load_avg"":16.12,""sys_memory_used"":3099.94140625,""sys_memory_used_buffers"":124.48046875,""sys_memory_used_cache"":596.91015625,""sys_memory_swap_used"":0,""sys_memory_swap_used_cache"":0,""fpm_listen_queue"":""0"",""fpm_listen_queue_length"":""128"",""fpm_total_processes"":""20"",""fpm_active_processes"":""15""}"
1471964844,"{""mysql_table_scans_pct"":0.2485746484902,""mysql_deadlocks"":""0"",""mysql_wait_locks"":""2"",""mysql_current_locks"":""1620"",""mysql_total_locks"":""16"",""mysql_lock_time_avg"":""6983"",""mysql_lock_time_max"":""43070"",""mysql_select_scans"":""3659"",""mysql_sort_scans"":""5896"",""mysql_join_scans"":""548"",""sys_load_avg"":16.27,""sys_memory_used"":2614.125,""sys_memory_used_buffers"":125.2265625,""sys_memory_used_cache"":602.07421875,""sys_memory_swap_used"":0,""sys_memory_swap_used_cache"":0,""fpm_listen_queue"":""0"",""fpm_listen_queue_length"":""128"",""fpm_total_processes"":""18"",""fpm_active_processes"":""18""}"
1471964849,"{""mysql_table_scans_pct"":0.24914043803927,""mysql_deadlocks"":""0"",""mysql_wait_locks"":""3"",""mysql_current_locks"":""5557"",""mysql_total_locks"":""17"",""mysql_lock_time_avg"":""6572"",""mysql_lock_time_max"":""43070"",""mysql_select_scans"":""3727"",""mysql_sort_scans"":""6047"",""mysql_join_scans"":""568"",""sys_load_avg"":16.33,""sys_memory_used"":2810.8046875,""sys_memory_used_buffers"":125.94140625,""sys_memory_used_cache"":628.78125,""sys_memory_swap_used"":0,""sys_memory_swap_used_cache"":0,""fpm_listen_queue"":""0"",""fpm_listen_queue_length"":""128"",""fpm_total_processes"":""19"",""fpm_active_processes"":""19""}"
1471964854,"{""mysql_table_scans_pct"":0.25151486825699,""mysql_deadlocks"":""0"",""mysql_wait_locks"":""4"",""mysql_current_locks"":""10464"",""mysql_total_locks"":""18"",""mysql_lock_time_avg"":""6207"",""mysql_lock_time_max"":""43070"",""mysql_select_scans"":""3829"",""mysql_sort_scans"":""6244"",""mysql_join_scans"":""582"",""sys_load_avg"":16.46,""sys_memory_used"":2713.78125,""sys_memory_used_buffers"":126.84765625,""sys_memory_used_cache"":633.06640625,""sys_memory_swap_used"":0,""sys_memory_swap_used_cache"":0,""fpm_listen_queue"":""0"",""fpm_listen_queue_length"":""128"",""fpm_total_processes"":""19"",""fpm_active_processes"":""15""}"
1471964860,"{""mysql_table_scans_pct"":0.2526360522889,""mysql_deadlocks"":""0"",""mysql_wait_locks"":""5"",""mysql_current_locks"":""13661"",""mysql_total_locks"":""19"",""mysql_lock_time_avg"":""5880"",""mysql_lock_time_max"":""43070"",""mysql_select_scans"":""3904"",""mysql_sort_scans"":""6395"",""mysql_join_scans"":""601"",""sys_load_avg"":16.19,""sys_memory_used"":3142.0546875,""sys_memory_used_buffers"":127.7578125,""sys_memory_used_cache"":644.33984375,""sys_memory_swap_used"":0,""sys_memory_swap_used_cache"":0,""fpm_listen_queue"":""0"",""fpm_listen_queue_length"":""128"",""fpm_total_processes"":""20"",""fpm_active_processes"":""16""}"
1471964865,"{""mysql_table_scans_pct"":0.25292761660245,""mysql_deadlocks"":""0"",""mysql_wait_locks"":""6"",""mysql_current_locks"":""14627"",""mysql_total_locks"":""20"",""mysql_lock_time_avg"":""5586"",""mysql_lock_time_max"":""43070"",""mysql_select_scans"":""3980"",""mysql_sort_scans"":""6571"",""mysql_join_scans"":""620"",""sys_load_avg"":16.01,""sys_memory_used"":2685.86328125,""sys_memory_used_buffers"":128.4375,""sys_memory_used_cache"":658.40625,""sys_memory_swap_used"":0,""sys_memory_swap_used_cache"":0,""fpm_listen_queue"":""0"",""fpm_listen_queue_length"":""128"",""fpm_total_processes"":""19"",""fpm_active_processes"":""18""}"
1471964870,"{""mysql_table_scans_pct"":0.25563006725758,""mysql_deadlocks"":""0"",""mysql_wait_locks"":""1"",""mysql_current_locks"":""801"",""mysql_total_locks"":""21"",""mysql_lock_time_avg"":""10393"",""mysql_lock_time_max"":""43070"",""mysql_select_scans"":""4079"",""mysql_sort_scans"":""6740"",""mysql_join_scans"":""646"",""sys_load_avg"":16.09,""sys_memory_used"":3213.8515625,""sys_memory_used_buffers"":129.05078125,""sys_memory_used_cache"":649.09765625,""sys_memory_swap_used"":0,""sys_memory_swap_used_cache"":0,""fpm_listen_queue"":""1"",""fpm_listen_queue_length"":""128"",""fpm_total_processes"":""19"",""fpm_active_processes"":""19""}"
1471964875,"{""mysql_table_scans_pct"":0.25458946196046,""mysql_deadlocks"":""0"",""mysql_wait_locks"":""1"",""mysql_current_locks"":""1947"",""mysql_total_locks"":""21"",""mysql_lock_time_avg"":""10393"",""mysql_lock_time_max"":""43070"",""mysql_select_scans"":""4125"",""mysql_sort_scans"":""6860"",""mysql_join_scans"":""667"",""sys_load_avg"":16.4,""sys_memory_used"":3077.484375,""sys_memory_used_buffers"":129.7421875,""sys_memory_used_cache"":662.2734375,""sys_memory_swap_used"":0,""sys_memory_swap_used_cache"":0,""fpm_listen_queue"":""0"",""fpm_listen_queue_length"":""128"",""fpm_total_processes"":""18"",""fpm_active_processes"":""18""}"
1471964880,"{""mysql_table_scans_pct"":0.25558704836424,""mysql_deadlocks"":""0"",""mysql_wait_locks"":""0"",""mysql_current_locks"":""45"",""mysql_total_locks"":""21"",""mysql_lock_time_avg"":""10669"",""mysql_lock_time_max"":""43070"",""mysql_select_scans"":""4161"",""mysql_sort_scans"":""6972"",""mysql_join_scans"":""684"",""sys_load_avg"":16.77,""sys_memory_used"":2961.31640625,""sys_memory_used_buffers"":130.26953125,""sys_memory_used_cache"":659.3125,""sys_memory_swap_used"":0,""sys_memory_swap_used_cache"":0,""fpm_listen_queue"":""0"",""fpm_listen_queue_length"":""128"",""fpm_total_processes"":""20"",""fpm_active_processes"":""18""}"
1471964885,"{""mysql_table_scans_pct"":0.25427003557755,""mysql_deadlocks"":""0"",""mysql_wait_locks"":""0"",""mysql_current_locks"":""78"",""mysql_total_locks"":""21"",""mysql_lock_time_avg"":""10669"",""mysql_lock_time_max"":""43070"",""mysql_select_scans"":""4201"",""mysql_sort_scans"":""7075"",""mysql_join_scans"":""706"",""sys_load_avg"":16.71,""sys_memory_used"":2867.88671875,""sys_memory_used_buffers"":130.7578125,""sys_memory_used_cache"":674.12109375,""sys_memory_swap_used"":0,""sys_memory_swap_used_cache"":0,""fpm_listen_queue"":""0"",""fpm_listen_queue_length"":""128"",""fpm_total_processes"":""19"",""fpm_active_processes"":""18""}"
1471964890,"{""mysql_table_scans_pct"":0.25316116008895,""mysql_deadlocks"":""0"",""mysql_wait_locks"":""0"",""mysql_current_locks"":""113"",""mysql_total_locks"":""21"",""mysql_lock_time_avg"":""10669"",""mysql_lock_time_max"":""43070"",""mysql_select_scans"":""4233"",""mysql_sort_scans"":""7164"",""mysql_join_scans"":""722"",""sys_load_avg"":17.05,""sys_memory_used"":2924.49609375,""sys_memory_used_buffers"":131.25,""sys_memory_used_cache"":687.49609375,""sys_memory_swap_used"":0,""sys_memory_swap_used_cache"":0,""fpm_listen_queue"":""0"",""fpm_listen_queue_length"":""128"",""fpm_total_processes"":""21"",""fpm_active_processes"":""18""}"
1471964895,"{""mysql_table_scans_pct"":0.25564527315773,""mysql_deadlocks"":""0"",""mysql_wait_locks"":""0"",""mysql_current_locks"":""164"",""mysql_total_locks"":""21"",""mysql_lock_time_avg"":""10669"",""mysql_lock_time_max"":""43070"",""mysql_select_scans"":""4262"",""mysql_sort_scans"":""7250"",""mysql_join_scans"":""737"",""sys_load_avg"":16.57,""sys_memory_used"":3098.609375,""sys_memory_used_buffers"":131.69921875,""sys_memory_used_cache"":669.6484375,""sys_memory_swap_used"":0,""sys_memory_swap_used_cache"":0,""fpm_listen_queue"":""0"",""fpm_listen_queue_length"":""128"",""fpm_total_processes"":""20"",""fpm_active_processes"":""18""}"
1471964900,"{""mysql_table_scans_pct"":0.2555243275273,""mysql_deadlocks"":""0"",""mysql_wait_locks"":""0"",""mysql_current_locks"":""222"",""mysql_total_locks"":""21"",""mysql_lock_time_avg"":""10669"",""mysql_lock_time_max"":""43070"",""mysql_select_scans"":""4301"",""mysql_sort_scans"":""7390"",""mysql_join_scans"":""761"",""sys_load_avg"":16.94,""sys_memory_used"":2977.37109375,""sys_memory_used_buffers"":132.2578125,""sys_memory_used_cache"":673.89453125,""sys_memory_swap_used"":0,""sys_memory_swap_used_cache"":0,""fpm_listen_queue"":""0"",""fpm_listen_queue_length"":""128"",""fpm_total_processes"":""18"",""fpm_active_processes"":""16""}"
1471964905,"{""mysql_table_scans_pct"":0.25469624977433,""mysql_deadlocks"":""0"",""mysql_wait_locks"":""0"",""mysql_current_locks"":""297"",""mysql_total_locks"":""21"",""mysql_lock_time_avg"":""10669"",""mysql_lock_time_max"":""43070"",""mysql_select_scans"":""4346"",""mysql_sort_scans"":""7511"",""mysql_join_scans"":""788"",""sys_load_avg"":16.87,""sys_memory_used"":2845.1328125,""sys_memory_used_buffers"":132.86328125,""sys_memory_used_cache"":684.96484375,""sys_memory_swap_used"":0,""sys_memory_swap_used_cache"":0,""fpm_listen_queue"":""0"",""fpm_listen_queue_length"":""128"",""fpm_total_processes"":""19"",""fpm_active_processes"":""17""}"
1471964911,"{""mysql_table_scans_pct"":0.25515513120729,""mysql_deadlocks"":""0"",""mysql_wait_locks"":""0"",""mysql_current_locks"":""365"",""mysql_total_locks"":""21"",""mysql_lock_time_avg"":""10669"",""mysql_lock_time_max"":""43070"",""mysql_select_scans"":""4378"",""mysql_sort_scans"":""7607"",""mysql_join_scans"":""804"",""sys_load_avg"":16.96,""sys_memory_used"":3237.83984375,""sys_memory_used_buffers"":133.3359375,""sys_memory_used_cache"":683.76171875,""sys_memory_swap_used"":0,""sys_memory_swap_used_cache"":0,""fpm_listen_queue"":""0"",""fpm_listen_queue_length"":""128"",""fpm_total_processes"":""20"",""fpm_active_processes"":""18""}"
1471964916,"{""mysql_table_scans_pct"":0.25550093054558,""mysql_deadlocks"":""0"",""mysql_wait_locks"":""0"",""mysql_current_locks"":""452"",""mysql_total_locks"":""21"",""mysql_lock_time_avg"":""10669"",""mysql_lock_time_max"":""43070"",""mysql_select_scans"":""4419"",""mysql_sort_scans"":""7723"",""mysql_join_scans"":""824"",""sys_load_avg"":17.84,""sys_memory_used"":3177.9609375,""sys_memory_used_buffers"":133.82421875,""sys_memory_used_cache"":691.3359375,""sys_memory_swap_used"":0,""sys_memory_swap_used_cache"":0,""fpm_listen_queue"":""0"",""fpm_listen_queue_length"":""128"",""fpm_total_processes"":""19"",""fpm_active_processes"":""19""}"
1471964921,"{""mysql_table_scans_pct"":0.25470764749911,""mysql_deadlocks"":""0"",""mysql_wait_locks"":""0"",""mysql_current_locks"":""553"",""mysql_total_locks"":""21"",""mysql_lock_time_avg"":""10669"",""mysql_lock_time_max"":""43070"",""mysql_select_scans"":""4455"",""mysql_sort_scans"":""7844"",""mysql_join_scans"":""842"",""sys_load_avg"":17.61,""sys_memory_used"":2711.375,""sys_memory_used_buffers"":134.28125,""sys_memory_used_cache"":695.94140625,""sys_memory_swap_used"":0,""sys_memory_swap_used_cache"":0,""fpm_listen_queue"":""0"",""fpm_listen_queue_length"":""128"",""fpm_total_processes"":""20"",""fpm_active_processes"":""18""}"
1471964926,"{""mysql_table_scans_pct"":0.25531327590801,""mysql_deadlocks"":""0"",""mysql_wait_locks"":""0"",""mysql_current_locks"":""644"",""mysql_total_locks"":""21"",""mysql_lock_time_avg"":""10669"",""mysql_lock_time_max"":""43070"",""mysql_select_scans"":""4489"",""mysql_sort_scans"":""7937"",""mysql_join_scans"":""861"",""sys_load_avg"":17.73,""sys_memory_used"":2883.79296875,""sys_memory_used_buffers"":134.90625,""sys_memory_used_cache"":697.4765625,""sys_memory_swap_used"":0,""sys_memory_swap_used_cache"":0,""fpm_listen_queue"":""0"",""fpm_listen_queue_length"":""128"",""fpm_total_processes"":""18"",""fpm_active_processes"":""17""}"
1471964931,"{""mysql_table_scans_pct"":0.25504591188282,""mysql_deadlocks"":""0"",""mysql_wait_locks"":""0"",""mysql_current_locks"":""782"",""mysql_total_locks"":""21"",""mysql_lock_time_avg"":""10669"",""mysql_lock_time_max"":""43070"",""mysql_select_scans"":""4536"",""mysql_sort_scans"":""8074"",""mysql_join_scans"":""883"",""sys_load_avg"":17.67,""sys_memory_used"":2717.04296875,""sys_memory_used_buffers"":135.453125,""sys_memory_used_cache"":701.2265625,""sys_memory_swap_used"":0,""sys_memory_swap_used_cache"":0,""fpm_listen_queue"":""0"",""fpm_listen_queue_length"":""128"",""fpm_total_processes"":""19"",""fpm_active_processes"":""13""}"
1471964936,"{""mysql_table_scans_pct"":0.25557297718112,""mysql_deadlocks"":""0"",""mysql_wait_locks"":""0"",""mysql_current_locks"":""877"",""mysql_total_locks"":""21"",""mysql_lock_time_avg"":""10669"",""mysql_lock_time_max"":""43070"",""mysql_select_scans"":""4586"",""mysql_sort_scans"":""8212"",""mysql_join_scans"":""908"",""sys_load_avg"":17.61,""sys_memory_used"":2785.37109375,""sys_memory_used_buffers"":136.015625,""sys_memory_used_cache"":698.96484375,""sys_memory_swap_used"":0,""sys_memory_swap_used_cache"":0,""fpm_listen_queue"":""4"",""fpm_listen_queue_length"":""128"",""fpm_total_processes"":""16"",""fpm_active_processes"":""16""}"
1471964942,"{""mysql_table_scans_pct"":0.25477407515545,""mysql_deadlocks"":""0"",""mysql_wait_locks"":""0"",""mysql_current_locks"":""1005"",""mysql_total_locks"":""21"",""mysql_lock_time_avg"":""10669"",""mysql_lock_time_max"":""43070"",""mysql_select_scans"":""4631"",""mysql_sort_scans"":""8340"",""mysql_join_scans"":""934"",""sys_load_avg"":17.64,""sys_memory_used"":2881.15625,""sys_memory_used_buffers"":136.6875,""sys_memory_used_cache"":710.6796875,""sys_memory_swap_used"":0,""sys_memory_swap_used_cache"":0,""fpm_listen_queue"":""0"",""fpm_listen_queue_length"":""128"",""fpm_total_processes"":""18"",""fpm_active_processes"":""18""}"
1471964947,"{""mysql_table_scans_pct"":0.25565925389937,""mysql_deadlocks"":""0"",""mysql_wait_locks"":""0"",""mysql_current_locks"":""1088"",""mysql_total_locks"":""21"",""mysql_lock_time_avg"":""10669"",""mysql_lock_time_max"":""43070"",""mysql_select_scans"":""4655"",""mysql_sort_scans"":""8418"",""mysql_join_scans"":""943"",""sys_load_avg"":17.91,""sys_memory_used"":3149.125,""sys_memory_used_buffers"":142.5,""sys_memory_used_cache"":713.31640625,""sys_memory_swap_used"":0,""sys_memory_swap_used_cache"":0,""fpm_listen_queue"":""0"",""fpm_listen_queue_length"":""128"",""fpm_total_processes"":""19"",""fpm_active_processes"":""18""}"
1471964952,"{""mysql_table_scans_pct"":0.25495320056193,""mysql_deadlocks"":""0"",""mysql_wait_locks"":""0"",""mysql_current_locks"":""1204"",""mysql_total_locks"":""21"",""mysql_lock_time_avg"":""10669"",""mysql_lock_time_max"":""43070"",""mysql_select_scans"":""4699"",""mysql_sort_scans"":""8568"",""mysql_join_scans"":""968"",""sys_load_avg"":17.84,""sys_memory_used"":2796.59375,""sys_memory_used_buffers"":142.91015625,""sys_memory_used_cache"":720.59375,""sys_memory_swap_used"":0,""sys_memory_swap_used_cache"":0,""fpm_listen_queue"":""2"",""fpm_listen_queue_length"":""128"",""fpm_total_processes"":""18"",""fpm_active_processes"":""17""}"
1471964957,"{""mysql_table_scans_pct"":0.25473362014273,""mysql_deadlocks"":""0"",""mysql_wait_locks"":""0"",""mysql_current_locks"":""1300"",""mysql_total_locks"":""21"",""mysql_lock_time_avg"":""10669"",""mysql_lock_time_max"":""43070"",""mysql_select_scans"":""4752"",""mysql_sort_scans"":""8693"",""mysql_join_scans"":""985"",""sys_load_avg"":17.93,""sys_memory_used"":2924.13671875,""sys_memory_used_buffers"":144.85546875,""sys_memory_used_cache"":727,""sys_memory_swap_used"":0,""sys_memory_swap_used_cache"":0,""fpm_listen_queue"":""0"",""fpm_listen_queue_length"":""128"",""fpm_total_processes"":""19"",""fpm_active_processes"":""15""}"
1471964962,"{""mysql_table_scans_pct"":0.25503712607527,""mysql_deadlocks"":""0"",""mysql_wait_locks"":""0"",""mysql_current_locks"":""1382"",""mysql_total_locks"":""21"",""mysql_lock_time_avg"":""10669"",""mysql_lock_time_max"":""43070"",""mysql_select_scans"":""4783"",""mysql_sort_scans"":""8777"",""mysql_join_scans"":""1002"",""sys_load_avg"":17.94,""sys_memory_used"":3099.7265625,""sys_memory_used_buffers"":145.19921875,""sys_memory_used_cache"":733.16015625,""sys_memory_swap_used"":0,""sys_memory_swap_used_cache"":0,""fpm_listen_queue"":""0"",""fpm_listen_queue_length"":""128"",""fpm_total_processes"":""20"",""fpm_active_processes"":""20""}"
1471964967,"{""mysql_table_scans_pct"":0.25519434230342,""mysql_deadlocks"":""0"",""mysql_wait_locks"":""0"",""mysql_current_locks"":""1504"",""mysql_total_locks"":""21"",""mysql_lock_time_avg"":""10669"",""mysql_lock_time_max"":""43070"",""mysql_select_scans"":""4847"",""mysql_sort_scans"":""8914"",""mysql_join_scans"":""1022"",""sys_load_avg"":17.62,""sys_memory_used"":2724.37890625,""sys_memory_used_buffers"":145.75390625,""sys_memory_used_cache"":727.48828125,""sys_memory_swap_used"":0,""sys_memory_swap_used_cache"":0,""fpm_listen_queue"":""0"",""fpm_listen_queue_length"":""128"",""fpm_total_processes"":""18"",""fpm_active_processes"":""16""}"
1471964972,"{""mysql_table_scans_pct"":0.25497612069361,""mysql_deadlocks"":""0"",""mysql_wait_locks"":""0"",""mysql_current_locks"":""1599"",""mysql_total_locks"":""21"",""mysql_lock_time_avg"":""10669"",""mysql_lock_time_max"":""43070"",""mysql_select_scans"":""4882"",""mysql_sort_scans"":""9011"",""mysql_join_scans"":""1040"",""sys_load_avg"":17.73,""sys_memory_used"":3261.52734375,""sys_memory_used_buffers"":146.19921875,""sys_memory_used_cache"":733.87890625,""sys_memory_swap_used"":0,""sys_memory_swap_used_cache"":0,""fpm_listen_queue"":""0"",""fpm_listen_queue_length"":""128"",""fpm_total_processes"":""19"",""fpm_active_processes"":""18""}"
1471964977,"{""mysql_table_scans_pct"":0.25494700630146,""mysql_deadlocks"":""0"",""mysql_wait_locks"":""0"",""mysql_current_locks"":""2701"",""mysql_total_locks"":""21"",""mysql_lock_time_avg"":""10669"",""mysql_lock_time_max"":""43070"",""mysql_select_scans"":""4925"",""mysql_sort_scans"":""9111"",""mysql_join_scans"":""1061"",""sys_load_avg"":17.35,""sys_memory_used"":2952.671875,""sys_memory_used_buffers"":146.5859375,""sys_memory_used_cache"":734.04296875,""sys_memory_swap_used"":0,""sys_memory_swap_used_cache"":0,""fpm_listen_queue"":""0"",""fpm_listen_queue_length"":""128"",""fpm_total_processes"":""18"",""fpm_active_processes"":""18""}"
1471964983,"{""mysql_table_scans_pct"":0.25675698356527,""mysql_deadlocks"":""0"",""mysql_wait_locks"":""0"",""mysql_current_locks"":""2931"",""mysql_total_locks"":""21"",""mysql_lock_time_avg"":""10669"",""mysql_lock_time_max"":""43070"",""mysql_select_scans"":""4972"",""mysql_sort_scans"":""9229"",""mysql_join_scans"":""1075"",""sys_load_avg"":17.49,""sys_memory_used"":3329.875,""sys_memory_used_buffers"":146.88671875,""sys_memory_used_cache"":738.390625,""sys_memory_swap_used"":0,""sys_memory_swap_used_cache"":0,""fpm_listen_queue"":""0"",""fpm_listen_queue_length"":""128"",""fpm_total_processes"":""20"",""fpm_active_processes"":""20""}"
1471964988,"{""mysql_table_scans_pct"":0.25739021331386,""mysql_deadlocks"":""0"",""mysql_wait_locks"":""0"",""mysql_current_locks"":""3515"",""mysql_total_locks"":""21"",""mysql_lock_time_avg"":""10669"",""mysql_lock_time_max"":""43070"",""mysql_select_scans"":""5030"",""mysql_sort_scans"":""9340"",""mysql_join_scans"":""1093"",""sys_load_avg"":17.85,""sys_memory_used"":2928.69140625,""sys_memory_used_buffers"":147.25,""sys_memory_used_cache"":733.01171875,""sys_memory_swap_used"":0,""sys_memory_swap_used_cache"":0,""fpm_listen_queue"":""0"",""fpm_listen_queue_length"":""128"",""fpm_total_processes"":""19"",""fpm_active_processes"":""15""}"
1471964993,"{""mysql_table_scans_pct"":0.25757214648339,""mysql_deadlocks"":""0"",""mysql_wait_locks"":""0"",""mysql_current_locks"":""4201"",""mysql_total_locks"":""21"",""mysql_lock_time_avg"":""10669"",""mysql_lock_time_max"":""43070"",""mysql_select_scans"":""5104"",""mysql_sort_scans"":""9496"",""mysql_join_scans"":""1117"",""sys_load_avg"":17.7,""sys_memory_used"":2915.4765625,""sys_memory_used_buffers"":147.6640625,""sys_memory_used_cache"":734.25390625,""sys_memory_swap_used"":0,""sys_memory_swap_used_cache"":0,""fpm_listen_queue"":""0"",""fpm_listen_queue_length"":""128"",""fpm_total_processes"":""18"",""fpm_active_processes"":""16""}"
1471964998,"{""mysql_table_scans_pct"":0.25606079388413,""mysql_deadlocks"":""0"",""mysql_wait_locks"":""0"",""mysql_current_locks"":""4821"",""mysql_total_locks"":""21"",""mysql_lock_time_avg"":""10669"",""mysql_lock_time_max"":""43070"",""mysql_select_scans"":""5174"",""mysql_sort_scans"":""9604"",""mysql_join_scans"":""1135"",""sys_load_avg"":17.88,""sys_memory_used"":2854.9140625,""sys_memory_used_buffers"":147.99609375,""sys_memory_used_cache"":745.90234375,""sys_memory_swap_used"":0,""sys_memory_swap_used_cache"":0,""fpm_listen_queue"":""0"",""fpm_listen_queue_length"":""128"",""fpm_total_processes"":""19"",""fpm_active_processes"":""15""}"
1471965003,"{""mysql_table_scans_pct"":0.25555307288303,""mysql_deadlocks"":""0"",""mysql_wait_locks"":""0"",""mysql_current_locks"":""5925"",""mysql_total_locks"":""21"",""mysql_lock_time_avg"":""10669"",""mysql_lock_time_max"":""43070"",""mysql_select_scans"":""5238"",""mysql_sort_scans"":""9699"",""mysql_join_scans"":""1152"",""sys_load_avg"":17.81,""sys_memory_used"":3032.48046875,""sys_memory_used_buffers"":148.2265625,""sys_memory_used_cache"":755.9140625,""sys_memory_swap_used"":0,""sys_memory_swap_used_cache"":0,""fpm_listen_queue"":""0"",""fpm_listen_queue_length"":""128"",""fpm_total_processes"":""18"",""fpm_active_processes"":""18""}"
1471965008,"{""mysql_table_scans_pct"":0.25746493960367,""mysql_deadlocks"":""0"",""mysql_wait_locks"":""0"",""mysql_current_locks"":""6279"",""mysql_total_locks"":""21"",""mysql_lock_time_avg"":""10669"",""mysql_lock_time_max"":""43070"",""mysql_select_scans"":""5291"",""mysql_sort_scans"":""9800"",""mysql_join_scans"":""1167"",""sys_load_avg"":17.83,""sys_memory_used"":2927.3828125,""sys_memory_used_buffers"":148.50390625,""sys_memory_used_cache"":750.51953125,""sys_memory_swap_used"":0,""sys_memory_swap_used_cache"":0,""fpm_listen_queue"":""0"",""fpm_listen_queue_length"":""128"",""fpm_total_processes"":""18"",""fpm_active_processes"":""17""}"
1471965014,"{""mysql_table_scans_pct"":0.25770378709934,""mysql_deadlocks"":""0"",""mysql_wait_locks"":""0"",""mysql_current_locks"":""6279"",""mysql_total_locks"":""21"",""mysql_lock_time_avg"":""10669"",""mysql_lock_time_max"":""43070"",""mysql_select_scans"":""5360"",""mysql_sort_scans"":""9957"",""mysql_join_scans"":""1186"",""sys_load_avg"":17.68,""sys_memory_used"":2914.2734375,""sys_memory_used_buffers"":148.921875,""sys_memory_used_cache"":752.84375,""sys_memory_swap_used"":0,""sys_memory_swap_used_cache"":0,""fpm_listen_queue"":""0"",""fpm_listen_queue_length"":""128"",""fpm_total_processes"":""19"",""fpm_active_processes"":""13""}"
1471965019,"{""mysql_table_scans_pct"":0.25816514281191,""mysql_deadlocks"":""0"",""mysql_wait_locks"":""0"",""mysql_current_locks"":""6279"",""mysql_total_locks"":""21"",""mysql_lock_time_avg"":""10669"",""mysql_lock_time_max"":""43070"",""mysql_select_scans"":""5438"",""mysql_sort_scans"":""10081"",""mysql_join_scans"":""1204"",""sys_load_avg"":17.95,""sys_memory_used"":3190.19921875,""sys_memory_used_buffers"":149.40625,""sys_memory_used_cache"":750.94921875,""sys_memory_swap_used"":0,""sys_memory_swap_used_cache"":0,""fpm_listen_queue"":""0"",""fpm_listen_queue_length"":""128"",""fpm_total_processes"":""18"",""fpm_active_processes"":""17""}"
1471965024,"{""mysql_table_scans_pct"":0.25775024902609,""mysql_deadlocks"":""0"",""mysql_wait_locks"":""0"",""mysql_current_locks"":""6279"",""mysql_total_locks"":""21"",""mysql_lock_time_avg"":""10669"",""mysql_lock_time_max"":""43070"",""mysql_select_scans"":""5506"",""mysql_sort_scans"":""10225"",""mysql_join_scans"":""1226"",""sys_load_avg"":17.63,""sys_memory_used"":2889.48046875,""sys_memory_used_buffers"":149.7890625,""sys_memory_used_cache"":768.5,""sys_memory_swap_used"":0,""sys_memory_swap_used_cache"":0,""fpm_listen_queue"":""0"",""fpm_listen_queue_length"":""128"",""fpm_total_processes"":""19"",""fpm_active_processes"":""14""}"
1471965029,"{""mysql_table_scans_pct"":0.25791247216688,""mysql_deadlocks"":""0"",""mysql_wait_locks"":""0"",""mysql_current_locks"":""6279"",""mysql_total_locks"":""21"",""mysql_lock_time_avg"":""10669"",""mysql_lock_time_max"":""43070"",""mysql_select_scans"":""5567"",""mysql_sort_scans"":""10347"",""mysql_join_scans"":""1244"",""sys_load_avg"":17.5,""sys_memory_used"":3059.6796875,""sys_memory_used_buffers"":150.23828125,""sys_memory_used_cache"":769.28515625,""sys_memory_swap_used"":0,""sys_memory_swap_used_cache"":0,""fpm_listen_queue"":""0"",""fpm_listen_queue_length"":""128"",""fpm_total_processes"":""18"",""fpm_active_processes"":""15""}"
1471965034,"{""mysql_table_scans_pct"":0.25760070850655,""mysql_deadlocks"":""0"",""mysql_wait_locks"":""0"",""mysql_current_locks"":""7111"",""mysql_total_locks"":""21"",""mysql_lock_time_avg"":""10669"",""mysql_lock_time_max"":""43070"",""mysql_select_scans"":""5628"",""mysql_sort_scans"":""10484"",""mysql_join_scans"":""1263"",""sys_load_avg"":17.62,""sys_memory_used"":3253.7421875,""sys_memory_used_buffers"":150.80859375,""sys_memory_used_cache"":759.81640625,""sys_memory_swap_used"":0,""sys_memory_swap_used_cache"":0,""fpm_listen_queue"":""1"",""fpm_listen_queue_length"":""128"",""fpm_total_processes"":""18"",""fpm_active_processes"":""17""}"
1471965039,"{""mysql_table_scans_pct"":0.25624663404245,""mysql_deadlocks"":""0"",""mysql_wait_locks"":""0"",""mysql_current_locks"":""7114"",""mysql_total_locks"":""21"",""mysql_lock_time_avg"":""10669"",""mysql_lock_time_max"":""43070"",""mysql_select_scans"":""5689"",""mysql_sort_scans"":""10608"",""mysql_join_scans"":""1283"",""sys_load_avg"":17.89,""sys_memory_used"":3154.88671875,""sys_memory_used_buffers"":151.125,""sys_memory_used_cache"":782.70703125,""sys_memory_swap_used"":0,""sys_memory_swap_used_cache"":0,""fpm_listen_queue"":""0"",""fpm_listen_queue_length"":""128"",""fpm_total_processes"":""20"",""fpm_active_processes"":""13""}"
1471965044,"{""mysql_table_scans_pct"":0.25712451520852,""mysql_deadlocks"":""0"",""mysql_wait_locks"":""0"",""mysql_current_locks"":""7176"",""mysql_total_locks"":""21"",""mysql_lock_time_avg"":""10669"",""mysql_lock_time_max"":""43070"",""mysql_select_scans"":""5754"",""mysql_sort_scans"":""10721"",""mysql_join_scans"":""1301"",""sys_load_avg"":17.66,""sys_memory_used"":3164.84765625,""sys_memory_used_buffers"":151.3984375,""sys_memory_used_cache"":765.18359375,""sys_memory_swap_used"":0,""sys_memory_swap_used_cache"":0,""fpm_listen_queue"":""0"",""fpm_listen_queue_length"":""128"",""fpm_total_processes"":""18"",""fpm_active_processes"":""12""}"
1471965049,"{""mysql_table_scans_pct"":0.25694905744106,""mysql_deadlocks"":""0"",""mysql_wait_locks"":""0"",""mysql_current_locks"":""7256"",""mysql_total_locks"":""21"",""mysql_lock_time_avg"":""10669"",""mysql_lock_time_max"":""43070"",""mysql_select_scans"":""5821"",""mysql_sort_scans"":""10868"",""mysql_join_scans"":""1320"",""sys_load_avg"":17.61,""sys_memory_used"":2940.23828125,""sys_memory_used_buffers"":151.60546875,""sys_memory_used_cache"":771.23828125,""sys_memory_swap_used"":0,""sys_memory_swap_used_cache"":0,""fpm_listen_queue"":""1"",""fpm_listen_queue_length"":""128"",""fpm_total_processes"":""17"",""fpm_active_processes"":""16""}"
1471965054,"{""mysql_table_scans_pct"":0.25718638913188,""mysql_deadlocks"":""0"",""mysql_wait_locks"":""0"",""mysql_current_locks"":""7336"",""mysql_total_locks"":""21"",""mysql_lock_time_avg"":""10669"",""mysql_lock_time_max"":""43070"",""mysql_select_scans"":""5894"",""mysql_sort_scans"":""10997"",""mysql_join_scans"":""1341"",""sys_load_avg"":17.4,""sys_memory_used"":3137.37109375,""sys_memory_used_buffers"":151.828125,""sys_memory_used_cache"":773.546875,""sys_memory_swap_used"":0,""sys_memory_swap_used_cache"":0,""fpm_listen_queue"":""0"",""fpm_listen_queue_length"":""128"",""fpm_total_processes"":""18"",""fpm_active_processes"":""18""}"
1471965060,"{""mysql_table_scans_pct"":0.25711108526566,""mysql_deadlocks"":""0"",""mysql_wait_locks"":""0"",""mysql_current_locks"":""7450"",""mysql_total_locks"":""21"",""mysql_lock_time_avg"":""10669"",""mysql_lock_time_max"":""43070"",""mysql_select_scans"":""5956"",""mysql_sort_scans"":""11124"",""mysql_join_scans"":""1358"",""sys_load_avg"":17.21,""sys_memory_used"":3009.40625,""sys_memory_used_buffers"":152.09375,""sys_memory_used_cache"":779.33984375,""sys_memory_swap_used"":0,""sys_memory_swap_used_cache"":0,""fpm_listen_queue"":""0"",""fpm_listen_queue_length"":""128"",""fpm_total_processes"":""19"",""fpm_active_processes"":""16""}"
1471965065,"{""mysql_table_scans_pct"":0.25728439430269,""mysql_deadlocks"":""0"",""mysql_wait_locks"":""0"",""mysql_current_locks"":""7562"",""mysql_total_locks"":""21"",""mysql_lock_time_avg"":""10669"",""mysql_lock_time_max"":""43070"",""mysql_select_scans"":""6031"",""mysql_sort_scans"":""11235"",""mysql_join_scans"":""1372"",""sys_load_avg"":17.43,""sys_memory_used"":2830.82421875,""sys_memory_used_buffers"":152.3671875,""sys_memory_used_cache"":778.53515625,""sys_memory_swap_used"":0,""sys_memory_swap_used_cache"":0,""fpm_listen_queue"":""0"",""fpm_listen_queue_length"":""128"",""fpm_total_processes"":""18"",""fpm_active_processes"":""18""}"
1471965070,"{""mysql_table_scans_pct"":0.25700620149953,""mysql_deadlocks"":""0"",""mysql_wait_locks"":""0"",""mysql_current_locks"":""7661"",""mysql_total_locks"":""21"",""mysql_lock_time_avg"":""10669"",""mysql_lock_time_max"":""43070"",""mysql_select_scans"":""6106"",""mysql_sort_scans"":""11368"",""mysql_join_scans"":""1392"",""sys_load_avg"":17.48,""sys_memory_used"":2827.14453125,""sys_memory_used_buffers"":152.59765625,""sys_memory_used_cache"":781.109375,""sys_memory_swap_used"":0,""sys_memory_swap_used_cache"":0,""fpm_listen_queue"":""0"",""fpm_listen_queue_length"":""128"",""fpm_total_processes"":""17"",""fpm_active_processes"":""14""}"
1471965075,"{""mysql_table_scans_pct"":0.25708099785841,""mysql_deadlocks"":""0"",""mysql_wait_locks"":""0"",""mysql_current_locks"":""7752"",""mysql_total_locks"":""21"",""mysql_lock_time_avg"":""10669"",""mysql_lock_time_max"":""43070"",""mysql_select_scans"":""6182"",""mysql_sort_scans"":""11489"",""mysql_join_scans"":""1409"",""sys_load_avg"":17.36,""sys_memory_used"":3195.2265625,""sys_memory_used_buffers"":152.87109375,""sys_memory_used_cache"":780.796875,""sys_memory_swap_used"":0,""sys_memory_swap_used_cache"":0,""fpm_listen_queue"":""0"",""fpm_listen_queue_length"":""128"",""fpm_total_processes"":""18"",""fpm_active_processes"":""16""}"
1471965080,"{""mysql_table_scans_pct"":0.25674757262224,""mysql_deadlocks"":""0"",""mysql_wait_locks"":""0"",""mysql_current_locks"":""7864"",""mysql_total_locks"":""21"",""mysql_lock_time_avg"":""10669"",""mysql_lock_time_max"":""43070"",""mysql_select_scans"":""6256"",""mysql_sort_scans"":""11632"",""mysql_join_scans"":""1430"",""sys_load_avg"":17.17,""sys_memory_used"":3132.10546875,""sys_memory_used_buffers"":153.20703125,""sys_memory_used_cache"":788.3046875,""sys_memory_swap_used"":0,""sys_memory_swap_used_cache"":0,""fpm_listen_queue"":""0"",""fpm_listen_queue_length"":""128"",""fpm_total_processes"":""19"",""fpm_active_processes"":""18""}"
1471965085,"{""mysql_table_scans_pct"":0.25686708321753,""mysql_deadlocks"":""0"",""mysql_wait_locks"":""0"",""mysql_current_locks"":""7957"",""mysql_total_locks"":""21"",""mysql_lock_time_avg"":""10669"",""mysql_lock_time_max"":""43070"",""mysql_select_scans"":""6323"",""mysql_sort_scans"":""11767"",""mysql_join_scans"":""1451"",""sys_load_avg"":17.47,""sys_memory_used"":3280.93359375,""sys_memory_used_buffers"":153.53125,""sys_memory_used_cache"":788.78515625,""sys_memory_swap_used"":0,""sys_memory_swap_used_cache"":0,""fpm_listen_queue"":""1"",""fpm_listen_queue_length"":""128"",""fpm_total_processes"":""18"",""fpm_active_processes"":""18""}"
1471965090,"{""mysql_table_scans_pct"":0.2560030850644,""mysql_deadlocks"":""0"",""mysql_wait_locks"":""0"",""mysql_current_locks"":""8028"",""mysql_total_locks"":""21"",""mysql_lock_time_avg"":""10669"",""mysql_lock_time_max"":""43070"",""mysql_select_scans"":""6387"",""mysql_sort_scans"":""11890"",""mysql_join_scans"":""1470"",""sys_load_avg"":17.6,""sys_memory_used"":3437.67578125,""sys_memory_used_buffers"":153.953125,""sys_memory_used_cache"":807.7421875,""sys_memory_swap_used"":0,""sys_memory_swap_used_cache"":0,""fpm_listen_queue"":""0"",""fpm_listen_queue_length"":""128"",""fpm_total_processes"":""20"",""fpm_active_processes"":""18""}"
1471965095,"{""mysql_table_scans_pct"":0.25725501880318,""mysql_deadlocks"":""0"",""mysql_wait_locks"":""0"",""mysql_current_locks"":""8160"",""mysql_total_locks"":""21"",""mysql_lock_time_avg"":""10669"",""mysql_lock_time_max"":""43070"",""mysql_select_scans"":""6449"",""mysql_sort_scans"":""12015"",""mysql_join_scans"":""1481"",""sys_load_avg"":17.79,""sys_memory_used"":2996.984375,""sys_memory_used_buffers"":154.265625,""sys_memory_used_cache"":789.453125,""sys_memory_swap_used"":0,""sys_memory_swap_used_cache"":0,""fpm_listen_queue"":""0"",""fpm_listen_queue_length"":""128"",""fpm_total_processes"":""20"",""fpm_active_processes"":""17""}"
1471965100,"{""mysql_table_scans_pct"":0.25706914934872,""mysql_deadlocks"":""0"",""mysql_wait_locks"":""0"",""mysql_current_locks"":""8281"",""mysql_total_locks"":""21"",""mysql_lock_time_avg"":""10669"",""mysql_lock_time_max"":""43070"",""mysql_select_scans"":""6518"",""mysql_sort_scans"":""12132"",""mysql_join_scans"":""1498"",""sys_load_avg"":17.81,""sys_memory_used"":3002.1875,""sys_memory_used_buffers"":154.55078125,""sys_memory_used_cache"":797.2421875,""sys_memory_swap_used"":0,""sys_memory_swap_used_cache"":0,""fpm_listen_queue"":""0"",""fpm_listen_queue_length"":""128"",""fpm_total_processes"":""18"",""fpm_active_processes"":""12""}"
1471965105,"{""mysql_table_scans_pct"":0.25639231984151,""mysql_deadlocks"":""0"",""mysql_wait_locks"":""0"",""mysql_current_locks"":""8385"",""mysql_total_locks"":""21"",""mysql_lock_time_avg"":""10669"",""mysql_lock_time_max"":""43070"",""mysql_select_scans"":""6609"",""mysql_sort_scans"":""12279"",""mysql_join_scans"":""1525"",""sys_load_avg"":17.42,""sys_memory_used"":3219.63671875,""sys_memory_used_buffers"":154.828125,""sys_memory_used_cache"":808.39453125,""sys_memory_swap_used"":0,""sys_memory_swap_used_cache"":0,""fpm_listen_queue"":""0"",""fpm_listen_queue_length"":""128"",""fpm_total_processes"":""19"",""fpm_active_processes"":""16""}"
1471965111,"{""mysql_table_scans_pct"":0.25705163768695,""mysql_deadlocks"":""0"",""mysql_wait_locks"":""0"",""mysql_current_locks"":""8496"",""mysql_total_locks"":""21"",""mysql_lock_time_avg"":""10669"",""mysql_lock_time_max"":""43070"",""mysql_select_scans"":""6667"",""mysql_sort_scans"":""12411"",""mysql_join_scans"":""1540"",""sys_load_avg"":17.47,""sys_memory_used"":3042.93359375,""sys_memory_used_buffers"":155.2265625,""sys_memory_used_cache"":800,""sys_memory_swap_used"":0,""sys_memory_swap_used_cache"":0,""fpm_listen_queue"":""0"",""fpm_listen_queue_length"":""128"",""fpm_total_processes"":""17"",""fpm_active_processes"":""16""}"
1471965116,"{""mysql_table_scans_pct"":0.25719604278157,""mysql_deadlocks"":""0"",""mysql_wait_locks"":""0"",""mysql_current_locks"":""8625"",""mysql_total_locks"":""21"",""mysql_lock_time_avg"":""10669"",""mysql_lock_time_max"":""43070"",""mysql_select_scans"":""6736"",""mysql_sort_scans"":""12554"",""mysql_join_scans"":""1562"",""sys_load_avg"":17.56,""sys_memory_used"":3203.5234375,""sys_memory_used_buffers"":155.55859375,""sys_memory_used_cache"":801.19140625,""sys_memory_swap_used"":0,""sys_memory_swap_used_cache"":0,""fpm_listen_queue"":""4"",""fpm_listen_queue_length"":""128"",""fpm_total_processes"":""17"",""fpm_active_processes"":""17""}"
1471965121,"{""mysql_table_scans_pct"":0.25728397381445,""mysql_deadlocks"":""0"",""mysql_wait_locks"":""0"",""mysql_current_locks"":""8767"",""mysql_total_locks"":""21"",""mysql_lock_time_avg"":""10669"",""mysql_lock_time_max"":""43070"",""mysql_select_scans"":""6808"",""mysql_sort_scans"":""12677"",""mysql_join_scans"":""1580"",""sys_load_avg"":17.19,""sys_memory_used"":3136.55078125,""sys_memory_used_buffers"":155.8671875,""sys_memory_used_cache"":803.15625,""sys_memory_swap_used"":0,""sys_memory_swap_used_cache"":0,""fpm_listen_queue"":""0"",""fpm_listen_queue_length"":""128"",""fpm_total_processes"":""17"",""fpm_active_processes"":""15""}"
1471965126,"{""mysql_table_scans_pct"":0.25695196550101,""mysql_deadlocks"":""0"",""mysql_wait_locks"":""0"",""mysql_current_locks"":""8883"",""mysql_total_locks"":""21"",""mysql_lock_time_avg"":""10669"",""mysql_lock_time_max"":""43070"",""mysql_select_scans"":""6884"",""mysql_sort_scans"":""12785"",""mysql_join_scans"":""1598"",""sys_load_avg"":17.34,""sys_memory_used"":3054.609375,""sys_memory_used_buffers"":156.13671875,""sys_memory_used_cache"":813.8125,""sys_memory_swap_used"":0,""sys_memory_swap_used_cache"":0,""fpm_listen_queue"":""0"",""fpm_listen_queue_length"":""128"",""fpm_total_processes"":""19"",""fpm_active_processes"":""17""}"
1471965131,"{""mysql_table_scans_pct"":0.25702177822399,""mysql_deadlocks"":""0"",""mysql_wait_locks"":""0"",""mysql_current_locks"":""9022"",""mysql_total_locks"":""21"",""mysql_lock_time_avg"":""10669"",""mysql_lock_time_max"":""43070"",""mysql_select_scans"":""6951"",""mysql_sort_scans"":""12893"",""mysql_join_scans"":""1612"",""sys_load_avg"":17.31,""sys_memory_used"":2984.72265625,""sys_memory_used_buffers"":156.42578125,""sys_memory_used_cache"":813.58984375,""sys_memory_swap_used"":0,""sys_memory_swap_used_cache"":0,""fpm_listen_queue"":""0"",""fpm_listen_queue_length"":""128"",""fpm_total_processes"":""17"",""fpm_active_processes"":""16""}"
1471965136,"{""mysql_table_scans_pct"":0.25652425104248,""mysql_deadlocks"":""0"",""mysql_wait_locks"":""0"",""mysql_current_locks"":""9154"",""mysql_total_locks"":""21"",""mysql_lock_time_avg"":""10669"",""mysql_lock_time_max"":""43070"",""mysql_select_scans"":""7027"",""mysql_sort_scans"":""13020"",""mysql_join_scans"":""1633"",""sys_load_avg"":17.2,""sys_memory_used"":3280.9609375,""sys_memory_used_buffers"":156.7734375,""sys_memory_used_cache"":818.7421875,""sys_memory_swap_used"":0,""sys_memory_swap_used_cache"":0,""fpm_listen_queue"":""0"",""fpm_listen_queue_length"":""128"",""fpm_total_processes"":""18"",""fpm_active_processes"":""18""}"
1471965141,"{""mysql_table_scans_pct"":0.25660038369814,""mysql_deadlocks"":""0"",""mysql_wait_locks"":""0"",""mysql_current_locks"":""9288"",""mysql_total_locks"":""21"",""mysql_lock_time_avg"":""10669"",""mysql_lock_time_max"":""43070"",""mysql_select_scans"":""7097"",""mysql_sort_scans"":""13163"",""mysql_join_scans"":""1651"",""sys_load_avg"":17.35,""sys_memory_used"":3323.1640625,""sys_memory_used_buffers"":157.1484375,""sys_memory_used_cache"":819.3046875,""sys_memory_swap_used"":0,""sys_memory_swap_used_cache"":0,""fpm_listen_queue"":""0"",""fpm_listen_queue_length"":""128"",""fpm_total_processes"":""18"",""fpm_active_processes"":""16""}"
1471965146,"{""mysql_table_scans_pct"":0.25611289182336,""mysql_deadlocks"":""0"",""mysql_wait_locks"":""0"",""mysql_current_locks"":""9388"",""mysql_total_locks"":""21"",""mysql_lock_time_avg"":""10669"",""mysql_lock_time_max"":""43070"",""mysql_select_scans"":""7162"",""mysql_sort_scans"":""13304"",""mysql_join_scans"":""1669"",""sys_load_avg"":17.56,""sys_memory_used"":3313.9375,""sys_memory_used_buffers"":157.61328125,""sys_memory_used_cache"":833.34765625,""sys_memory_swap_used"":0,""sys_memory_swap_used_cache"":0,""fpm_listen_queue"":""0"",""fpm_listen_queue_length"":""128"",""fpm_total_processes"":""19"",""fpm_active_processes"":""17""}"
1471965152,"{""mysql_table_scans_pct"":0.25648430893216,""mysql_deadlocks"":""0"",""mysql_wait_locks"":""0"",""mysql_current_locks"":""9500"",""mysql_total_locks"":""21"",""mysql_lock_time_avg"":""10669"",""mysql_lock_time_max"":""43070"",""mysql_select_scans"":""7228"",""mysql_sort_scans"":""13430"",""mysql_join_scans"":""1688"",""sys_load_avg"":17.76,""sys_memory_used"":3262.84765625,""sys_memory_used_buffers"":157.875,""sys_memory_used_cache"":826.4609375,""sys_memory_swap_used"":0,""sys_memory_swap_used_cache"":0,""fpm_listen_queue"":""0"",""fpm_listen_queue_length"":""128"",""fpm_total_processes"":""18"",""fpm_active_processes"":""17""}"
1471965157,"{""mysql_table_scans_pct"":0.25590373684022,""mysql_deadlocks"":""0"",""mysql_wait_locks"":""0"",""mysql_current_locks"":""9634"",""mysql_total_locks"":""21"",""mysql_lock_time_avg"":""10669"",""mysql_lock_time_max"":""43070"",""mysql_select_scans"":""7293"",""mysql_sort_scans"":""13568"",""mysql_join_scans"":""1712"",""sys_load_avg"":17.7,""sys_memory_used"":3243.5703125,""sys_memory_used_buffers"":158.27734375,""sys_memory_used_cache"":837.3125,""sys_memory_swap_used"":0,""sys_memory_swap_used_cache"":0,""fpm_listen_queue"":""0"",""fpm_listen_queue_length"":""128"",""fpm_total_processes"":""19"",""fpm_active_processes"":""19""}"
1471965162,"{""mysql_table_scans_pct"":0.25622667356586,""mysql_deadlocks"":""0"",""mysql_wait_locks"":""0"",""mysql_current_locks"":""9800"",""mysql_total_locks"":""21"",""mysql_lock_time_avg"":""10669"",""mysql_lock_time_max"":""43070"",""mysql_select_scans"":""7359"",""mysql_sort_scans"":""13699"",""mysql_join_scans"":""1732"",""sys_load_avg"":17.8,""sys_memory_used"":3184.96875,""sys_memory_used_buffers"":158.62109375,""sys_memory_used_cache"":832.62890625,""sys_memory_swap_used"":0,""sys_memory_swap_used_cache"":0,""fpm_listen_queue"":""0"",""fpm_listen_queue_length"":""128"",""fpm_total_processes"":""18"",""fpm_active_processes"":""18""}"
1471965167,"{""mysql_table_scans_pct"":0.25589848161183,""mysql_deadlocks"":""0"",""mysql_wait_locks"":""0"",""mysql_current_locks"":""9956"",""mysql_total_locks"":""21"",""mysql_lock_time_avg"":""10669"",""mysql_lock_time_max"":""43070"",""mysql_select_scans"":""7416"",""mysql_sort_scans"":""13822"",""mysql_join_scans"":""1746"",""sys_load_avg"":17.74,""sys_memory_used"":2997.078125,""sys_memory_used_buffers"":158.9375,""sys_memory_used_cache"":843.51171875,""sys_memory_swap_used"":0,""sys_memory_swap_used_cache"":0,""fpm_listen_queue"":""1"",""fpm_listen_queue_length"":""128"",""fpm_total_processes"":""17"",""fpm_active_processes"":""17""}"
1471965172,"{""mysql_table_scans_pct"":0.25604494121559,""mysql_deadlocks"":""0"",""mysql_wait_locks"":""0"",""mysql_current_locks"":""18"",""mysql_total_locks"":""21"",""mysql_lock_time_avg"":""10669"",""mysql_lock_time_max"":""43070"",""mysql_select_scans"":""7503"",""mysql_sort_scans"":""13966"",""mysql_join_scans"":""1766"",""sys_load_avg"":17.6,""sys_memory_used"":3118.51953125,""sys_memory_used_buffers"":159.99609375,""sys_memory_used_cache"":843.44921875,""sys_memory_swap_used"":0,""sys_memory_swap_used_cache"":0,""fpm_listen_queue"":""1"",""fpm_listen_queue_length"":""128"",""fpm_total_processes"":""17"",""fpm_active_processes"":""17""}"
1471965177,"{""mysql_table_scans_pct"":0.25565683739419,""mysql_deadlocks"":""0"",""mysql_wait_locks"":""0"",""mysql_current_locks"":""674"",""mysql_total_locks"":""21"",""mysql_lock_time_avg"":""10669"",""mysql_lock_time_max"":""43070"",""mysql_select_scans"":""7584"",""mysql_sort_scans"":""14073"",""mysql_join_scans"":""1785"",""sys_load_avg"":17.39,""sys_memory_used"":3212.66015625,""sys_memory_used_buffers"":160.77734375,""sys_memory_used_cache"":846.3671875,""sys_memory_swap_used"":0,""sys_memory_swap_used_cache"":0,""fpm_listen_queue"":""0"",""fpm_listen_queue_length"":""128"",""fpm_total_processes"":""17"",""fpm_active_processes"":""14""}"
1471965182,"{""mysql_table_scans_pct"":0.25562501452513,""mysql_deadlocks"":""0"",""mysql_wait_locks"":""0"",""mysql_current_locks"":""2109"",""mysql_total_locks"":""21"",""mysql_lock_time_avg"":""10669"",""mysql_lock_time_max"":""43070"",""mysql_select_scans"":""7656"",""mysql_sort_scans"":""14189"",""mysql_join_scans"":""1802"",""sys_load_avg"":17.44,""sys_memory_used"":3259.0390625,""sys_memory_used_buffers"":161.30078125,""sys_memory_used_cache"":846.45703125,""sys_memory_swap_used"":0,""sys_memory_swap_used_cache"":0,""fpm_listen_queue"":""0"",""fpm_listen_queue_length"":""128"",""fpm_total_processes"":""18"",""fpm_active_processes"":""18""}"
1471965187,"{""mysql_table_scans_pct"":0.25571821014228,""mysql_deadlocks"":""0"",""mysql_wait_locks"":""0"",""mysql_current_locks"":""903"",""mysql_total_locks"":""21"",""mysql_lock_time_avg"":""10669"",""mysql_lock_time_max"":""43070"",""mysql_select_scans"":""7733"",""mysql_sort_scans"":""14276"",""mysql_join_scans"":""1816"",""sys_load_avg"":17.48,""sys_memory_used"":3274.375,""sys_memory_used_buffers"":161.84765625,""sys_memory_used_cache"":843.18359375,""sys_memory_swap_used"":0,""sys_memory_swap_used_cache"":0,""fpm_listen_queue"":""0"",""fpm_listen_queue_length"":""128"",""fpm_total_processes"":""19"",""fpm_active_processes"":""18""}"
1471965192,"{""mysql_table_scans_pct"":0.25559930937003,""mysql_deadlocks"":""0"",""mysql_wait_locks"":""0"",""mysql_current_locks"":""350"",""mysql_total_locks"":""21"",""mysql_lock_time_avg"":""10669"",""mysql_lock_time_max"":""43070"",""mysql_select_scans"":""7842"",""mysql_sort_scans"":""14381"",""mysql_join_scans"":""1832"",""sys_load_avg"":17.44,""sys_memory_used"":3066.37890625,""sys_memory_used_buffers"":162.92578125,""sys_memory_used_cache"":844.84375,""sys_memory_swap_used"":0,""sys_memory_swap_used_cache"":0,""fpm_listen_queue"":""0"",""fpm_listen_queue_length"":""128"",""fpm_total_processes"":""18"",""fpm_active_processes"":""17""}"
1471965198,"{""mysql_table_scans_pct"":0.25511011309408,""mysql_deadlocks"":""0"",""mysql_wait_locks"":""0"",""mysql_current_locks"":""1007"",""mysql_total_locks"":""21"",""mysql_lock_time_avg"":""10669"",""mysql_lock_time_max"":""43070"",""mysql_select_scans"":""7941"",""mysql_sort_scans"":""14510"",""mysql_join_scans"":""1850"",""sys_load_avg"":17.41,""sys_memory_used"":2979.953125,""sys_memory_used_buffers"":163.32421875,""sys_memory_used_cache"":859.421875,""sys_memory_swap_used"":0,""sys_memory_swap_used_cache"":0,""fpm_listen_queue"":""0"",""fpm_listen_queue_length"":""128"",""fpm_total_processes"":""18"",""fpm_active_processes"":""18""}"
1471965203,"{""mysql_table_scans_pct"":0.25442204851567,""mysql_deadlocks"":""0"",""mysql_wait_locks"":""0"",""mysql_current_locks"":""0"",""mysql_total_locks"":""21"",""mysql_lock_time_avg"":""10669"",""mysql_lock_time_max"":""43070"",""mysql_select_scans"":""8031"",""mysql_sort_scans"":""14639"",""mysql_join_scans"":""1869"",""sys_load_avg"":17.46,""sys_memory_used"":2930.9140625,""sys_memory_used_buffers"":163.73828125,""sys_memory_used_cache"":866.07421875,""sys_memory_swap_used"":0,""sys_memory_swap_used_cache"":0,""fpm_listen_queue"":""0"",""fpm_listen_queue_length"":""128"",""fpm_total_processes"":""17"",""fpm_active_processes"":""16""}"
1471965208,"{""mysql_table_scans_pct"":0.25359416917927,""mysql_deadlocks"":""0"",""mysql_wait_locks"":""0"",""mysql_current_locks"":""0"",""mysql_total_locks"":""21"",""mysql_lock_time_avg"":""10669"",""mysql_lock_time_max"":""43070"",""mysql_select_scans"":""8097"",""mysql_sort_scans"":""14734"",""mysql_join_scans"":""1881"",""sys_load_avg"":17.18,""sys_memory_used"":3247.75390625,""sys_memory_used_buffers"":164.0078125,""sys_memory_used_cache"":861.4375,""sys_memory_swap_used"":0,""sys_memory_swap_used_cache"":0,""fpm_listen_queue"":""0"",""fpm_listen_queue_length"":""128"",""fpm_total_processes"":""18"",""fpm_active_processes"":""16""}"
1471965213,"{""mysql_table_scans_pct"":0.2525273483159,""mysql_deadlocks"":""0"",""mysql_wait_locks"":""0"",""mysql_current_locks"":""0"",""mysql_total_locks"":""21"",""mysql_lock_time_avg"":""10669"",""mysql_lock_time_max"":""43070"",""mysql_select_scans"":""8159"",""mysql_sort_scans"":""14831"",""mysql_join_scans"":""1899"",""sys_load_avg"":17.08,""sys_memory_used"":3155.38671875,""sys_memory_used_buffers"":164.19921875,""sys_memory_used_cache"":870.8046875,""sys_memory_swap_used"":0,""sys_memory_swap_used_cache"":0,""fpm_listen_queue"":""0"",""fpm_listen_queue_length"":""128"",""fpm_total_processes"":""18"",""fpm_active_processes"":""15""}"
1471965218,"{""mysql_table_scans_pct"":0.25175738447519,""mysql_deadlocks"":""0"",""mysql_wait_locks"":""0"",""mysql_current_locks"":""0"",""mysql_total_locks"":""21"",""mysql_lock_time_avg"":""10669"",""mysql_lock_time_max"":""43070"",""mysql_select_scans"":""8228"",""mysql_sort_scans"":""14936"",""mysql_join_scans"":""1920"",""sys_load_avg"":17.08,""sys_memory_used"":3059.62890625,""sys_memory_used_buffers"":164.37890625,""sys_memory_used_cache"":866.81640625,""sys_memory_swap_used"":0,""sys_memory_swap_used_cache"":0,""fpm_listen_queue"":""2"",""fpm_listen_queue_length"":""128"",""fpm_total_processes"":""16"",""fpm_active_processes"":""16""}"
1471965223,"{""mysql_table_scans_pct"":0.2509481243776,""mysql_deadlocks"":""0"",""mysql_wait_locks"":""0"",""mysql_current_locks"":""0"",""mysql_total_locks"":""21"",""mysql_lock_time_avg"":""10669"",""mysql_lock_time_max"":""43070"",""mysql_select_scans"":""8288"",""mysql_sort_scans"":""15037"",""mysql_join_scans"":""1939"",""sys_load_avg"":16.99,""sys_memory_used"":3364.98046875,""sys_memory_used_buffers"":164.69921875,""sys_memory_used_cache"":872.0234375,""sys_memory_swap_used"":0,""sys_memory_swap_used_cache"":0,""fpm_listen_queue"":""0"",""fpm_listen_queue_length"":""128"",""fpm_total_processes"":""19"",""fpm_active_processes"":""19""}"
1471965228,"{""mysql_table_scans_pct"":0.25130542022546,""mysql_deadlocks"":""0"",""mysql_wait_locks"":""0"",""mysql_current_locks"":""0"",""mysql_total_locks"":""21"",""mysql_lock_time_avg"":""10669"",""mysql_lock_time_max"":""43070"",""mysql_select_scans"":""8335"",""mysql_sort_scans"":""15136"",""mysql_join_scans"":""1960"",""sys_load_avg"":16.91,""sys_memory_used"":3058.109375,""sys_memory_used_buffers"":165,""sys_memory_used_cache"":868.43359375,""sys_memory_swap_used"":0,""sys_memory_swap_used_cache"":0,""fpm_listen_queue"":""0"",""fpm_listen_queue_length"":""128"",""fpm_total_processes"":""18"",""fpm_active_processes"":""15""}"
1471965233,"{""mysql_table_scans_pct"":0.25092071778937,""mysql_deadlocks"":""0"",""mysql_wait_locks"":""0"",""mysql_current_locks"":""0"",""mysql_total_locks"":""21"",""mysql_lock_time_avg"":""10669"",""mysql_lock_time_max"":""43070"",""mysql_select_scans"":""8374"",""mysql_sort_scans"":""15231"",""mysql_join_scans"":""1980"",""sys_load_avg"":16.76,""sys_memory_used"":2945.109375,""sys_memory_used_buffers"":165.484375,""sys_memory_used_cache"":878.66796875,""sys_memory_swap_used"":0,""sys_memory_swap_used_cache"":0,""fpm_listen_queue"":""1"",""fpm_listen_queue_length"":""128"",""fpm_total_processes"":""17"",""fpm_active_processes"":""17""}"
1471965239,"{""mysql_table_scans_pct"":0.25124539308475,""mysql_deadlocks"":""0"",""mysql_wait_locks"":""0"",""mysql_current_locks"":""0"",""mysql_total_locks"":""21"",""mysql_lock_time_avg"":""10669"",""mysql_lock_time_max"":""43070"",""mysql_select_scans"":""8420"",""mysql_sort_scans"":""15313"",""mysql_join_scans"":""2001"",""sys_load_avg"":16.54,""sys_memory_used"":2841.83984375,""sys_memory_used_buffers"":165.7421875,""sys_memory_used_cache"":873.90625,""sys_memory_swap_used"":0,""sys_memory_swap_used_cache"":0,""fpm_listen_queue"":""0"",""fpm_listen_queue_length"":""128"",""fpm_total_processes"":""17"",""fpm_active_processes"":""16""}"
1471965244,"{""mysql_table_scans_pct"":0.2512455397405,""mysql_deadlocks"":""0"",""mysql_wait_locks"":""0"",""mysql_current_locks"":""1"",""mysql_total_locks"":""21"",""mysql_lock_time_avg"":""10669"",""mysql_lock_time_max"":""43070"",""mysql_select_scans"":""8459"",""mysql_sort_scans"":""15381"",""mysql_join_scans"":""2016"",""sys_load_avg"":16.65,""sys_memory_used"":2957.0625,""sys_memory_used_buffers"":166.00390625,""sys_memory_used_cache"":875.0390625,""sys_memory_swap_used"":0,""sys_memory_swap_used_cache"":0,""fpm_listen_queue"":""0"",""fpm_listen_queue_length"":""128"",""fpm_total_processes"":""17"",""fpm_active_processes"":""16""}"
1471965249,"{""mysql_table_scans_pct"":0.25132489298018,""mysql_deadlocks"":""0"",""mysql_wait_locks"":""0"",""mysql_current_locks"":""0"",""mysql_total_locks"":""21"",""mysql_lock_time_avg"":""10669"",""mysql_lock_time_max"":""43070"",""mysql_select_scans"":""8508"",""mysql_sort_scans"":""15479"",""mysql_join_scans"":""2041"",""sys_load_avg"":16.6,""sys_memory_used"":2845,""sys_memory_used_buffers"":166.20703125,""sys_memory_used_cache"":874.953125,""sys_memory_swap_used"":0,""sys_memory_swap_used_cache"":0,""fpm_listen_queue"":""0"",""fpm_listen_queue_length"":""128"",""fpm_total_processes"":""16"",""fpm_active_processes"":""15""}"
1471965254,"{""mysql_table_scans_pct"":0.25133822795398,""mysql_deadlocks"":""0"",""mysql_wait_locks"":""0"",""mysql_current_locks"":""0"",""mysql_total_locks"":""21"",""mysql_lock_time_avg"":""10669"",""mysql_lock_time_max"":""43070"",""mysql_select_scans"":""8549"",""mysql_sort_scans"":""15563"",""mysql_join_scans"":""2058"",""sys_load_avg"":16.15,""sys_memory_used"":3010.8671875,""sys_memory_used_buffers"":166.3984375,""sys_memory_used_cache"":876.3828125,""sys_memory_swap_used"":0,""sys_memory_swap_used_cache"":0,""fpm_listen_queue"":""0"",""fpm_listen_queue_length"":""128"",""fpm_total_processes"":""17"",""fpm_active_processes"":""13""}"
1471965259,"{""mysql_table_scans_pct"":0.25127596411893,""mysql_deadlocks"":""0"",""mysql_wait_locks"":""0"",""mysql_current_locks"":""0"",""mysql_total_locks"":""21"",""mysql_lock_time_avg"":""10669"",""mysql_lock_time_max"":""43070"",""mysql_select_scans"":""8604"",""mysql_sort_scans"":""15691"",""mysql_join_scans"":""2084"",""sys_load_avg"":16.3,""sys_memory_used"":3022.27734375,""sys_memory_used_buffers"":166.890625,""sys_memory_used_cache"":885.48828125,""sys_memory_swap_used"":0,""sys_memory_swap_used_cache"":0,""fpm_listen_queue"":""3"",""fpm_listen_queue_length"":""128"",""fpm_total_processes"":""15"",""fpm_active_processes"":""15""}"
1471965264,"{""mysql_table_scans_pct"":0.25098933225066,""mysql_deadlocks"":""0"",""mysql_wait_locks"":""0"",""mysql_current_locks"":""683"",""mysql_total_locks"":""21"",""mysql_lock_time_avg"":""10669"",""mysql_lock_time_max"":""43070"",""mysql_select_scans"":""8650"",""mysql_sort_scans"":""15804"",""mysql_join_scans"":""2105"",""sys_load_avg"":16.12,""sys_memory_used"":3261.14453125,""sys_memory_used_buffers"":167.33984375,""sys_memory_used_cache"":890.5,""sys_memory_swap_used"":0,""sys_memory_swap_used_cache"":0,""fpm_listen_queue"":""1"",""fpm_listen_queue_length"":""128"",""fpm_total_processes"":""17"",""fpm_active_processes"":""17""}"
1471965269,"{""mysql_table_scans_pct"":0.25061553269252,""mysql_deadlocks"":""0"",""mysql_wait_locks"":""0"",""mysql_current_locks"":""793"",""mysql_total_locks"":""21"",""mysql_lock_time_avg"":""10669"",""mysql_lock_time_max"":""43070"",""mysql_select_scans"":""8727"",""mysql_sort_scans"":""15935"",""mysql_join_scans"":""2126"",""sys_load_avg"":15.79,""sys_memory_used"":2999.5234375,""sys_memory_used_buffers"":167.6015625,""sys_memory_used_cache"":896.73046875,""sys_memory_swap_used"":0,""sys_memory_swap_used_cache"":0,""fpm_listen_queue"":""0"",""fpm_listen_queue_length"":""128"",""fpm_total_processes"":""18"",""fpm_active_processes"":""13""}"
1471965274,"{""mysql_table_scans_pct"":0.25117327979089,""mysql_deadlocks"":""0"",""mysql_wait_locks"":""0"",""mysql_current_locks"":""272"",""mysql_total_locks"":""21"",""mysql_lock_time_avg"":""10669"",""mysql_lock_time_max"":""43070"",""mysql_select_scans"":""8780"",""mysql_sort_scans"":""16057"",""mysql_join_scans"":""2143"",""sys_load_avg"":15.89,""sys_memory_used"":3153.44140625,""sys_memory_used_buffers"":167.92578125,""sys_memory_used_cache"":889.47265625,""sys_memory_swap_used"":0,""sys_memory_swap_used_cache"":0,""fpm_listen_queue"":""0"",""fpm_listen_queue_length"":""128"",""fpm_total_processes"":""17"",""fpm_active_processes"":""13""}"
1471965279,"{""mysql_table_scans_pct"":0.25104231053822,""mysql_deadlocks"":""0"",""mysql_wait_locks"":""0"",""mysql_current_locks"":""523"",""mysql_total_locks"":""21"",""mysql_lock_time_avg"":""10669"",""mysql_lock_time_max"":""43070"",""mysql_select_scans"":""8833"",""mysql_sort_scans"":""16147"",""mysql_join_scans"":""2166"",""sys_load_avg"":15.25,""sys_memory_used"":3043.23828125,""sys_memory_used_buffers"":168.12890625,""sys_memory_used_cache"":897.6875,""sys_memory_swap_used"":0,""sys_memory_swap_used_cache"":0,""fpm_listen_queue"":""1"",""fpm_listen_queue_length"":""128"",""fpm_total_processes"":""14"",""fpm_active_processes"":""13""}"
1471965285,"{""mysql_table_scans_pct"":0.25088537842528,""mysql_deadlocks"":""0"",""mysql_wait_locks"":""0"",""mysql_current_locks"":""406"",""mysql_total_locks"":""21"",""mysql_lock_time_avg"":""10669"",""mysql_lock_time_max"":""43070"",""mysql_select_scans"":""8893"",""mysql_sort_scans"":""16248"",""mysql_join_scans"":""2181"",""sys_load_avg"":14.91,""sys_memory_used"":3030.7734375,""sys_memory_used_buffers"":168.5078125,""sys_memory_used_cache"":897.08984375,""sys_memory_swap_used"":0,""sys_memory_swap_used_cache"":0,""fpm_listen_queue"":""0"",""fpm_listen_queue_length"":""128"",""fpm_total_processes"":""14"",""fpm_active_processes"":""11""}"
1471965290,"{""mysql_table_scans_pct"":0.25129825399648,""mysql_deadlocks"":""0"",""mysql_wait_locks"":""0"",""mysql_current_locks"":""0"",""mysql_total_locks"":""21"",""mysql_lock_time_avg"":""10669"",""mysql_lock_time_max"":""43070"",""mysql_select_scans"":""8940"",""mysql_sort_scans"":""16320"",""mysql_join_scans"":""2194"",""sys_load_avg"":14.28,""sys_memory_used"":2723.74609375,""sys_memory_used_buffers"":168.859375,""sys_memory_used_cache"":898.11328125,""sys_memory_swap_used"":0,""sys_memory_swap_used_cache"":0,""fpm_listen_queue"":""0"",""fpm_listen_queue_length"":""128"",""fpm_total_processes"":""10"",""fpm_active_processes"":""6""}"
1471965295,"{""mysql_table_scans_pct"":0.25104831134794,""mysql_deadlocks"":""0"",""mysql_wait_locks"":""0"",""mysql_current_locks"":""869"",""mysql_total_locks"":""21"",""mysql_lock_time_avg"":""10669"",""mysql_lock_time_max"":""43070"",""mysql_select_scans"":""8966"",""mysql_sort_scans"":""16381"",""mysql_join_scans"":""2203"",""sys_load_avg"":13.54,""sys_memory_used"":2709.01171875,""sys_memory_used_buffers"":169.046875,""sys_memory_used_cache"":903.296875,""sys_memory_swap_used"":0,""sys_memory_swap_used_cache"":0,""fpm_listen_queue"":""0"",""fpm_listen_queue_length"":""128"",""fpm_total_processes"":""7"",""fpm_active_processes"":""2""}"
1471965300,"{""mysql_table_scans_pct"":0.25090263037286,""mysql_deadlocks"":""0"",""mysql_wait_locks"":""0"",""mysql_current_locks"":""0"",""mysql_total_locks"":""21"",""mysql_lock_time_avg"":""10669"",""mysql_lock_time_max"":""43070"",""mysql_select_scans"":""8992"",""mysql_sort_scans"":""16430"",""mysql_join_scans"":""2214"",""sys_load_avg"":12.77,""sys_memory_used"":2611.4453125,""sys_memory_used_buffers"":169.38671875,""sys_memory_used_cache"":899.8984375,""sys_memory_swap_used"":0,""sys_memory_swap_used_cache"":0,""fpm_listen_queue"":""0"",""fpm_listen_queue_length"":""128"",""fpm_total_processes"":""5"",""fpm_active_processes"":""2""}"
1471965305,"{""mysql_table_scans_pct"":0.2509461202925,""mysql_deadlocks"":""0"",""mysql_wait_locks"":""0"",""mysql_current_locks"":""87"",""mysql_total_locks"":""21"",""mysql_lock_time_avg"":""10669"",""mysql_lock_time_max"":""43070"",""mysql_select_scans"":""8998"",""mysql_sort_scans"":""16430"",""mysql_join_scans"":""2214"",""sys_load_avg"":11.83,""sys_memory_used"":2528.07421875,""sys_memory_used_buffers"":179.296875,""sys_memory_used_cache"":896.74609375,""sys_memory_swap_used"":0,""sys_memory_swap_used_cache"":0,""fpm_listen_queue"":""0"",""fpm_listen_queue_length"":""128"",""fpm_total_processes"":""3"",""fpm_active_processes"":""1""}"
