1477327806,"{""mysql_table_scans_pct"":0.35878020647392,""mysql_deadlocks"":""0"",""mysql_wait_locks"":""0"",""mysql_current_locks"":""748"",""mysql_total_locks"":""0"",""mysql_lock_time_avg"":""0"",""mysql_lock_time_max"":""0"",""mysql_select_scans"":""274"",""mysql_sort_scans"":""639"",""mysql_join_scans"":""11"",""sys_load_avg"":2.32,""sys_memory_used"":1694.58984375,""sys_memory_used_buffers"":114.828125,""sys_memory_used_cache"":649.546875,""sys_memory_swap_used"":0,""sys_memory_swap_used_cache"":0,""fpm_listen_queue"":""0"",""fpm_listen_queue_length"":""128"",""fpm_total_processes"":""4"",""fpm_active_processes"":""4""}"
1477327811,"{""mysql_table_scans_pct"":0.35424396383907,""mysql_deadlocks"":""0"",""mysql_wait_locks"":""0"",""mysql_current_locks"":""906"",""mysql_total_locks"":""0"",""mysql_lock_time_avg"":""0"",""mysql_lock_time_max"":""0"",""mysql_select_scans"":""536"",""mysql_sort_scans"":""1620"",""mysql_join_scans"":""11"",""sys_load_avg"":2.61,""sys_memory_used"":1803.0078125,""sys_memory_used_buffers"":146.54296875,""sys_memory_used_cache"":656.4296875,""sys_memory_swap_used"":0,""sys_memory_swap_used_cache"":0,""fpm_listen_queue"":""3"",""fpm_listen_queue_length"":""128"",""fpm_total_processes"":""5"",""fpm_active_processes"":""4""}"
1477327816,"{""mysql_table_scans_pct"":0.350559165391,""mysql_deadlocks"":""0"",""mysql_wait_locks"":""0"",""mysql_current_locks"":""1043"",""mysql_total_locks"":""0"",""mysql_lock_time_avg"":""0"",""mysql_lock_time_max"":""0"",""mysql_select_scans"":""840"",""mysql_sort_scans"":""2801"",""mysql_join_scans"":""11"",""sys_load_avg"":3.12,""sys_memory_used"":1882.9140625,""sys_memory_used_buffers"":156.97265625,""sys_memory_used_cache"":664.87109375,""sys_memory_swap_used"":0,""sys_memory_swap_used_cache"":0,""fpm_listen_queue"":""4"",""fpm_listen_queue_length"":""128"",""fpm_total_processes"":""7"",""fpm_active_processes"":""7""}"
1477327821,"{""mysql_table_scans_pct"":0.34359884036772,""mysql_deadlocks"":""0"",""mysql_wait_locks"":""0"",""mysql_current_locks"":""1177"",""mysql_total_locks"":""0"",""mysql_lock_time_avg"":""0"",""mysql_lock_time_max"":""0"",""mysql_select_scans"":""1280"",""mysql_sort_scans"":""4266"",""mysql_join_scans"":""14"",""sys_load_avg"":3.68,""sys_memory_used"":2049.19921875,""sys_memory_used_buffers"":161.703125,""sys_memory_used_cache"":673.87109375,""sys_memory_swap_used"":0,""sys_memory_swap_used_cache"":0,""fpm_listen_queue"":""0"",""fpm_listen_queue_length"":""128"",""fpm_total_processes"":""11"",""fpm_active_processes"":""8""}"
1477327826,"{""mysql_table_scans_pct"":0.34111156895851,""mysql_deadlocks"":""0"",""mysql_wait_locks"":""0"",""mysql_current_locks"":""1313"",""mysql_total_locks"":""0"",""mysql_lock_time_avg"":""0"",""mysql_lock_time_max"":""0"",""mysql_select_scans"":""1599"",""mysql_sort_scans"":""5371"",""mysql_join_scans"":""15"",""sys_load_avg"":4.42,""sys_memory_used"":2125.37109375,""sys_memory_used_buffers"":165.95703125,""sys_memory_used_cache"":681.08984375,""sys_memory_swap_used"":0,""sys_memory_swap_used_cache"":0,""fpm_listen_queue"":""0"",""fpm_listen_queue_length"":""128"",""fpm_total_processes"":""13"",""fpm_active_processes"":""7""}"
1477327831,"{""mysql_table_scans_pct"":0.33358478570086,""mysql_deadlocks"":""0"",""mysql_wait_locks"":""0"",""mysql_current_locks"":""2139"",""mysql_total_locks"":""0"",""mysql_lock_time_avg"":""0"",""mysql_lock_time_max"":""0"",""mysql_select_scans"":""1879"",""mysql_sort_scans"":""6451"",""mysql_join_scans"":""18"",""sys_load_avg"":5.11,""sys_memory_used"":2291.66015625,""sys_memory_used_buffers"":169.0546875,""sys_memory_used_cache"":689.6640625,""sys_memory_swap_used"":0,""sys_memory_swap_used_cache"":0,""fpm_listen_queue"":""1"",""fpm_listen_queue_length"":""128"",""fpm_total_processes"":""16"",""fpm_active_processes"":""16""}"
1477327836,"{""mysql_table_scans_pct"":0.3587695454664,""mysql_deadlocks"":""0"",""mysql_wait_locks"":""0"",""mysql_current_locks"":""3029"",""mysql_total_locks"":""0"",""mysql_lock_time_avg"":""0"",""mysql_lock_time_max"":""0"",""mysql_select_scans"":""2211"",""mysql_sort_scans"":""7436"",""mysql_join_scans"":""18"",""sys_load_avg"":5.58,""sys_memory_used"":2301.453125,""sys_memory_used_buffers"":171.38671875,""sys_memory_used_cache"":694.890625,""sys_memory_swap_used"":0,""sys_memory_swap_used_cache"":0,""fpm_listen_queue"":""1"",""fpm_listen_queue_length"":""128"",""fpm_total_processes"":""16"",""fpm_active_processes"":""14""}"
1477327841,"{""mysql_table_scans_pct"":0.3571519631126,""mysql_deadlocks"":""0"",""mysql_wait_locks"":""0"",""mysql_current_locks"":""4420"",""mysql_total_locks"":""0"",""mysql_lock_time_avg"":""0"",""mysql_lock_time_max"":""0"",""mysql_select_scans"":""2547"",""mysql_sort_scans"":""8400"",""mysql_join_scans"":""18"",""sys_load_avg"":5.85,""sys_memory_used"":2350.70703125,""sys_memory_used_buffers"":174.02734375,""sys_memory_used_cache"":704.01171875,""sys_memory_swap_used"":0,""sys_memory_swap_used_cache"":0,""fpm_listen_queue"":""3"",""fpm_listen_queue_length"":""128"",""fpm_total_processes"":""16"",""fpm_active_processes"":""16""}"
1477327847,"{""mysql_table_scans_pct"":0.3502827074457,""mysql_deadlocks"":""0"",""mysql_wait_locks"":""0"",""mysql_current_locks"":""5082"",""mysql_total_locks"":""0"",""mysql_lock_time_avg"":""0"",""mysql_lock_time_max"":""0"",""mysql_select_scans"":""2883"",""mysql_sort_scans"":""9170"",""mysql_join_scans"":""22"",""sys_load_avg"":6.43,""sys_memory_used"":2277.3359375,""sys_memory_used_buffers"":176.5390625,""sys_memory_used_cache"":712.56640625,""sys_memory_swap_used"":0,""sys_memory_swap_used_cache"":0,""fpm_listen_queue"":""0"",""fpm_listen_queue_length"":""128"",""fpm_total_processes"":""16"",""fpm_active_processes"":""9""}"
1477327852,"{""mysql_table_scans_pct"":0.33478804790589,""mysql_deadlocks"":""0"",""mysql_wait_locks"":""0"",""mysql_current_locks"":""6184"",""mysql_total_locks"":""0"",""mysql_lock_time_avg"":""0"",""mysql_lock_time_max"":""0"",""mysql_select_scans"":""3197"",""mysql_sort_scans"":""9863"",""mysql_join_scans"":""24"",""sys_load_avg"":7.27,""sys_memory_used"":2350.96484375,""sys_memory_used_buffers"":178.3359375,""sys_memory_used_cache"":718.7734375,""sys_memory_swap_used"":0,""sys_memory_swap_used_cache"":0,""fpm_listen_queue"":""0"",""fpm_listen_queue_length"":""128"",""fpm_total_processes"":""15"",""fpm_active_processes"":""14""}"
1477327857,"{""mysql_table_scans_pct"":0.34663548269847,""mysql_deadlocks"":""0"",""mysql_wait_locks"":""0"",""mysql_current_locks"":""7104"",""mysql_total_locks"":""0"",""mysql_lock_time_avg"":""0"",""mysql_lock_time_max"":""0"",""mysql_select_scans"":""3507"",""mysql_sort_scans"":""10581"",""mysql_join_scans"":""27"",""sys_load_avg"":8.05,""sys_memory_used"":2355.640625,""sys_memory_used_buffers"":179.7734375,""sys_memory_used_cache"":727.1953125,""sys_memory_swap_used"":0,""sys_memory_swap_used_cache"":0,""fpm_listen_queue"":""0"",""fpm_listen_queue_length"":""128"",""fpm_total_processes"":""16"",""fpm_active_processes"":""9""}"
1477327862,"{""mysql_table_scans_pct"":0.34573587366619,""mysql_deadlocks"":""0"",""mysql_wait_locks"":""0"",""mysql_current_locks"":""7104"",""mysql_total_locks"":""0"",""mysql_lock_time_avg"":""0"",""mysql_lock_time_max"":""0"",""mysql_select_scans"":""3801"",""mysql_sort_scans"":""11230"",""mysql_join_scans"":""30"",""sys_load_avg"":8.69,""sys_memory_used"":2358.41796875,""sys_memory_used_buffers"":181.3359375,""sys_memory_used_cache"":736.5859375,""sys_memory_swap_used"":0,""sys_memory_swap_used_cache"":0,""fpm_listen_queue"":""0"",""fpm_listen_queue_length"":""128"",""fpm_total_processes"":""16"",""fpm_active_processes"":""15""}"
1477327867,"{""mysql_table_scans_pct"":0.34689822155367,""mysql_deadlocks"":""0"",""mysql_wait_locks"":""0"",""mysql_current_locks"":""7104"",""mysql_total_locks"":""0"",""mysql_lock_time_avg"":""0"",""mysql_lock_time_max"":""0"",""mysql_select_scans"":""4043"",""mysql_sort_scans"":""11772"",""mysql_join_scans"":""34"",""sys_load_avg"":9.67,""sys_memory_used"":2357.6015625,""sys_memory_used_buffers"":182.953125,""sys_memory_used_cache"":746.1484375,""sys_memory_swap_used"":0,""sys_memory_swap_used_cache"":0,""fpm_listen_queue"":""0"",""fpm_listen_queue_length"":""128"",""fpm_total_processes"":""16"",""fpm_active_processes"":""14""}"
1477327872,"{""mysql_table_scans_pct"":0.34753680962198,""mysql_deadlocks"":""0"",""mysql_wait_locks"":""0"",""mysql_current_locks"":""7104"",""mysql_total_locks"":""0"",""mysql_lock_time_avg"":""0"",""mysql_lock_time_max"":""0"",""mysql_select_scans"":""4314"",""mysql_sort_scans"":""12346"",""mysql_join_scans"":""35"",""sys_load_avg"":10.26,""sys_memory_used"":2408.6484375,""sys_memory_used_buffers"":184.796875,""sys_memory_used_cache"":758.53125,""sys_memory_swap_used"":0,""sys_memory_swap_used_cache"":0,""fpm_listen_queue"":""0"",""fpm_listen_queue_length"":""128"",""fpm_total_processes"":""16"",""fpm_active_processes"":""14""}"
1477327877,"{""mysql_table_scans_pct"":0.34983102399094,""mysql_deadlocks"":""0"",""mysql_wait_locks"":""0"",""mysql_current_locks"":""7104"",""mysql_total_locks"":""0"",""mysql_lock_time_avg"":""0"",""mysql_lock_time_max"":""0"",""mysql_select_scans"":""4561"",""mysql_sort_scans"":""12853"",""mysql_join_scans"":""36"",""sys_load_avg"":10.32,""sys_memory_used"":2392.33984375,""sys_memory_used_buffers"":186.05859375,""sys_memory_used_cache"":765.21484375,""sys_memory_swap_used"":0,""sys_memory_swap_used_cache"":0,""fpm_listen_queue"":""0"",""fpm_listen_queue_length"":""128"",""fpm_total_processes"":""15"",""fpm_active_processes"":""15""}"
1477327882,"{""mysql_table_scans_pct"":0.34883465128723,""mysql_deadlocks"":""0"",""mysql_wait_locks"":""0"",""mysql_current_locks"":""7488"",""mysql_total_locks"":""0"",""mysql_lock_time_avg"":""0"",""mysql_lock_time_max"":""0"",""mysql_select_scans"":""4828"",""mysql_sort_scans"":""13384"",""mysql_join_scans"":""39"",""sys_load_avg"":11.18,""sys_memory_used"":2389.8671875,""sys_memory_used_buffers"":187.09375,""sys_memory_used_cache"":769.23046875,""sys_memory_swap_used"":0,""sys_memory_swap_used_cache"":0,""fpm_listen_queue"":""0"",""fpm_listen_queue_length"":""128"",""fpm_total_processes"":""16"",""fpm_active_processes"":""10""}"
1477327887,"{""mysql_table_scans_pct"":0.34766023102362,""mysql_deadlocks"":""0"",""mysql_wait_locks"":""0"",""mysql_current_locks"":""7840"",""mysql_total_locks"":""0"",""mysql_lock_time_avg"":""0"",""mysql_lock_time_max"":""0"",""mysql_select_scans"":""5050"",""mysql_sort_scans"":""13833"",""mysql_join_scans"":""41"",""sys_load_avg"":11.62,""sys_memory_used"":2373.96484375,""sys_memory_used_buffers"":187.90234375,""sys_memory_used_cache"":776.2109375,""sys_memory_swap_used"":0,""sys_memory_swap_used_cache"":0,""fpm_listen_queue"":""2"",""fpm_listen_queue_length"":""128"",""fpm_total_processes"":""13"",""fpm_active_processes"":""12""}"
1477327892,"{""mysql_table_scans_pct"":0.34902349389423,""mysql_deadlocks"":""0"",""mysql_wait_locks"":""0"",""mysql_current_locks"":""8084"",""mysql_total_locks"":""0"",""mysql_lock_time_avg"":""0"",""mysql_lock_time_max"":""0"",""mysql_select_scans"":""5246"",""mysql_sort_scans"":""14184"",""mysql_join_scans"":""46"",""sys_load_avg"":11.57,""sys_memory_used"":2352.328125,""sys_memory_used_buffers"":188.875,""sys_memory_used_cache"":781.9375,""sys_memory_swap_used"":0,""sys_memory_swap_used_cache"":0,""fpm_listen_queue"":""0"",""fpm_listen_queue_length"":""128"",""fpm_total_processes"":""14"",""fpm_active_processes"":""12""}"
1477327898,"{""mysql_table_scans_pct"":0.35182839252714,""mysql_deadlocks"":""0"",""mysql_wait_locks"":""0"",""mysql_current_locks"":""8175"",""mysql_total_locks"":""0"",""mysql_lock_time_avg"":""0"",""mysql_lock_time_max"":""0"",""mysql_select_scans"":""5473"",""mysql_sort_scans"":""14580"",""mysql_join_scans"":""47"",""sys_load_avg"":11.85,""sys_memory_used"":2399.24609375,""sys_memory_used_buffers"":189.83203125,""sys_memory_used_cache"":788.32421875,""sys_memory_swap_used"":0,""sys_memory_swap_used_cache"":0,""fpm_listen_queue"":""4"",""fpm_listen_queue_length"":""128"",""fpm_total_processes"":""13"",""fpm_active_processes"":""13""}"
1477327903,"{""mysql_table_scans_pct"":0.35121767010312,""mysql_deadlocks"":""0"",""mysql_wait_locks"":""0"",""mysql_current_locks"":""8358"",""mysql_total_locks"":""0"",""mysql_lock_time_avg"":""0"",""mysql_lock_time_max"":""0"",""mysql_select_scans"":""5704"",""mysql_sort_scans"":""15046"",""mysql_join_scans"":""48"",""sys_load_avg"":12.26,""sys_memory_used"":2432.015625,""sys_memory_used_buffers"":190.890625,""sys_memory_used_cache"":795.09375,""sys_memory_swap_used"":0,""sys_memory_swap_used_cache"":0,""fpm_listen_queue"":""1"",""fpm_listen_queue_length"":""128"",""fpm_total_processes"":""14"",""fpm_active_processes"":""9""}"
1477327908,"{""mysql_table_scans_pct"":0.35127118310539,""mysql_deadlocks"":""0"",""mysql_wait_locks"":""0"",""mysql_current_locks"":""8518"",""mysql_total_locks"":""0"",""mysql_lock_time_avg"":""0"",""mysql_lock_time_max"":""0"",""mysql_select_scans"":""5892"",""mysql_sort_scans"":""15469"",""mysql_join_scans"":""48"",""sys_load_avg"":12.32,""sys_memory_used"":2421.0703125,""sys_memory_used_buffers"":191.81640625,""sys_memory_used_cache"":802.51953125,""sys_memory_swap_used"":0,""sys_memory_swap_used_cache"":0,""fpm_listen_queue"":""0"",""fpm_listen_queue_length"":""128"",""fpm_total_processes"":""15"",""fpm_active_processes"":""13""}"
1477327913,"{""mysql_table_scans_pct"":0.35097325361591,""mysql_deadlocks"":""0"",""mysql_wait_locks"":""0"",""mysql_current_locks"":""8683"",""mysql_total_locks"":""0"",""mysql_lock_time_avg"":""0"",""mysql_lock_time_max"":""0"",""mysql_select_scans"":""6108"",""mysql_sort_scans"":""15885"",""mysql_join_scans"":""48"",""sys_load_avg"":12.53,""sys_memory_used"":2453.8359375,""sys_memory_used_buffers"":193,""sys_memory_used_cache"":811.078125,""sys_memory_swap_used"":0,""sys_memory_swap_used_cache"":0,""fpm_listen_queue"":""0"",""fpm_listen_queue_length"":""128"",""fpm_total_processes"":""14"",""fpm_active_processes"":""11""}"
1477327918,"{""mysql_table_scans_pct"":0.35031632473005,""mysql_deadlocks"":""0"",""mysql_wait_locks"":""0"",""mysql_current_locks"":""8828"",""mysql_total_locks"":""0"",""mysql_lock_time_avg"":""0"",""mysql_lock_time_max"":""0"",""mysql_select_scans"":""6327"",""mysql_sort_scans"":""16250"",""mysql_join_scans"":""54"",""sys_load_avg"":12.73,""sys_memory_used"":2454.0859375,""sys_memory_used_buffers"":193.6796875,""sys_memory_used_cache"":819.4609375,""sys_memory_swap_used"":0,""sys_memory_swap_used_cache"":0,""fpm_listen_queue"":""1"",""fpm_listen_queue_length"":""128"",""fpm_total_processes"":""13"",""fpm_active_processes"":""12""}"
1477327923,"{""mysql_table_scans_pct"":0.34964801822381,""mysql_deadlocks"":""0"",""mysql_wait_locks"":""0"",""mysql_current_locks"":""8965"",""mysql_total_locks"":""0"",""mysql_lock_time_avg"":""0"",""mysql_lock_time_max"":""0"",""mysql_select_scans"":""6541"",""mysql_sort_scans"":""16691"",""mysql_join_scans"":""55"",""sys_load_avg"":12.83,""sys_memory_used"":2499.70703125,""sys_memory_used_buffers"":194.296875,""sys_memory_used_cache"":826.6796875,""sys_memory_swap_used"":0,""sys_memory_swap_used_cache"":0,""fpm_listen_queue"":""0"",""fpm_listen_queue_length"":""128"",""fpm_total_processes"":""14"",""fpm_active_processes"":""13""}"
1477327928,"{""mysql_table_scans_pct"":0.34902366066711,""mysql_deadlocks"":""0"",""mysql_wait_locks"":""0"",""mysql_current_locks"":""9100"",""mysql_total_locks"":""0"",""mysql_lock_time_avg"":""0"",""mysql_lock_time_max"":""0"",""mysql_select_scans"":""6747"",""mysql_sort_scans"":""17071"",""mysql_join_scans"":""58"",""sys_load_avg"":12.85,""sys_memory_used"":2467.51171875,""sys_memory_used_buffers"":194.84765625,""sys_memory_used_cache"":833.9453125,""sys_memory_swap_used"":0,""sys_memory_swap_used_cache"":0,""fpm_listen_queue"":""1"",""fpm_listen_queue_length"":""128"",""fpm_total_processes"":""13"",""fpm_active_processes"":""9""}"
1477327933,"{""mysql_table_scans_pct"":0.34908038219554,""mysql_deadlocks"":""0"",""mysql_wait_locks"":""0"",""mysql_current_locks"":""9244"",""mysql_total_locks"":""0"",""mysql_lock_time_avg"":""0"",""mysql_lock_time_max"":""0"",""mysql_select_scans"":""6946"",""mysql_sort_scans"":""17407"",""mysql_join_scans"":""60"",""sys_load_avg"":12.62,""sys_memory_used"":2492.59375,""sys_memory_used_buffers"":195.35546875,""sys_memory_used_cache"":839.1953125,""sys_memory_swap_used"":0,""sys_memory_swap_used_cache"":0,""fpm_listen_queue"":""0"",""fpm_listen_queue_length"":""128"",""fpm_total_processes"":""14"",""fpm_active_processes"":""14""}"
1477327938,"{""mysql_table_scans_pct"":0.34878097340298,""mysql_deadlocks"":""0"",""mysql_wait_locks"":""0"",""mysql_current_locks"":""9373"",""mysql_total_locks"":""0"",""mysql_lock_time_avg"":""0"",""mysql_lock_time_max"":""0"",""mysql_select_scans"":""7179"",""mysql_sort_scans"":""17830"",""mysql_join_scans"":""62"",""sys_load_avg"":12.65,""sys_memory_used"":2455.94140625,""sys_memory_used_buffers"":196.015625,""sys_memory_used_cache"":843.91015625,""sys_memory_swap_used"":0,""sys_memory_swap_used_cache"":0,""fpm_listen_queue"":""0"",""fpm_listen_queue_length"":""128"",""fpm_total_processes"":""14"",""fpm_active_processes"":""10""}"
1477327943,"{""mysql_table_scans_pct"":0.34874422325585,""mysql_deadlocks"":""0"",""mysql_wait_locks"":""0"",""mysql_current_locks"":""9549"",""mysql_total_locks"":""0"",""mysql_lock_time_avg"":""0"",""mysql_lock_time_max"":""0"",""mysql_select_scans"":""7401"",""mysql_sort_scans"":""18176"",""mysql_join_scans"":""67"",""sys_load_avg"":11.96,""sys_memory_used"":2478.71484375,""sys_memory_used_buffers"":196.5546875,""sys_memory_used_cache"":849.36328125,""sys_memory_swap_used"":0,""sys_memory_swap_used_cache"":0,""fpm_listen_queue"":""0"",""fpm_listen_queue_length"":""128"",""fpm_total_processes"":""14"",""fpm_active_processes"":""11""}"
1477327948,"{""mysql_table_scans_pct"":0.34725068673026,""mysql_deadlocks"":""0"",""mysql_wait_locks"":""0"",""mysql_current_locks"":""9611"",""mysql_total_locks"":""0"",""mysql_lock_time_avg"":""0"",""mysql_lock_time_max"":""0"",""mysql_select_scans"":""7617"",""mysql_sort_scans"":""18548"",""mysql_join_scans"":""68"",""sys_load_avg"":12.28,""sys_memory_used"":2438.3203125,""sys_memory_used_buffers"":197.5,""sys_memory_used_cache"":854.7734375,""sys_memory_swap_used"":0,""sys_memory_swap_used_cache"":0,""fpm_listen_queue"":""0"",""fpm_listen_queue_length"":""128"",""fpm_total_processes"":""13"",""fpm_active_processes"":""7""}"
1477327954,"{""mysql_table_scans_pct"":0.34542170899007,""mysql_deadlocks"":""0"",""mysql_wait_locks"":""0"",""mysql_current_locks"":""9729"",""mysql_total_locks"":""0"",""mysql_lock_time_avg"":""0"",""mysql_lock_time_max"":""0"",""mysql_select_scans"":""7836"",""mysql_sort_scans"":""18888"",""mysql_join_scans"":""74"",""sys_load_avg"":12.02,""sys_memory_used"":2462.03515625,""sys_memory_used_buffers"":198.2265625,""sys_memory_used_cache"":859.7265625,""sys_memory_swap_used"":0,""sys_memory_swap_used_cache"":0,""fpm_listen_queue"":""0"",""fpm_listen_queue_length"":""128"",""fpm_total_processes"":""12"",""fpm_active_processes"":""12""}"
1477327959,"{""mysql_table_scans_pct"":0.34349524637133,""mysql_deadlocks"":""0"",""mysql_wait_locks"":""0"",""mysql_current_locks"":""9837"",""mysql_total_locks"":""0"",""mysql_lock_time_avg"":""0"",""mysql_lock_time_max"":""0"",""mysql_select_scans"":""8047"",""mysql_sort_scans"":""19314"",""mysql_join_scans"":""78"",""sys_load_avg"":12.18,""sys_memory_used"":2470.62890625,""sys_memory_used_buffers"":198.86328125,""sys_memory_used_cache"":867.3671875,""sys_memory_swap_used"":0,""sys_memory_swap_used_cache"":0,""fpm_listen_queue"":""2"",""fpm_listen_queue_length"":""128"",""fpm_total_processes"":""11"",""fpm_active_processes"":""11""}"
1477327964,"{""mysql_table_scans_pct"":0.34134646809929,""mysql_deadlocks"":""0"",""mysql_wait_locks"":""0"",""mysql_current_locks"":""10003"",""mysql_total_locks"":""0"",""mysql_lock_time_avg"":""0"",""mysql_lock_time_max"":""0"",""mysql_select_scans"":""8271"",""mysql_sort_scans"":""19642"",""mysql_join_scans"":""81"",""sys_load_avg"":12.32,""sys_memory_used"":2535.78515625,""sys_memory_used_buffers"":199.484375,""sys_memory_used_cache"":871.99609375,""sys_memory_swap_used"":0,""sys_memory_swap_used_cache"":0,""fpm_listen_queue"":""3"",""fpm_listen_queue_length"":""128"",""fpm_total_processes"":""13"",""fpm_active_processes"":""7""}"
1477327969,"{""mysql_table_scans_pct"":0.33934307663486,""mysql_deadlocks"":""0"",""mysql_wait_locks"":""0"",""mysql_current_locks"":""10219"",""mysql_total_locks"":""0"",""mysql_lock_time_avg"":""0"",""mysql_lock_time_max"":""0"",""mysql_select_scans"":""8473"",""mysql_sort_scans"":""19997"",""mysql_join_scans"":""85"",""sys_load_avg"":12.06,""sys_memory_used"":2507.86328125,""sys_memory_used_buffers"":200.203125,""sys_memory_used_cache"":878.01953125,""sys_memory_swap_used"":0,""sys_memory_swap_used_cache"":0,""fpm_listen_queue"":""1"",""fpm_listen_queue_length"":""128"",""fpm_total_processes"":""12"",""fpm_active_processes"":""12""}"
1477327974,"{""mysql_table_scans_pct"":0.33683080685046,""mysql_deadlocks"":""0"",""mysql_wait_locks"":""0"",""mysql_current_locks"":""10484"",""mysql_total_locks"":""0"",""mysql_lock_time_avg"":""0"",""mysql_lock_time_max"":""0"",""mysql_select_scans"":""8694"",""mysql_sort_scans"":""20451"",""mysql_join_scans"":""89"",""sys_load_avg"":11.89,""sys_memory_used"":2509.78515625,""sys_memory_used_buffers"":201.015625,""sys_memory_used_cache"":885.8671875,""sys_memory_swap_used"":0,""sys_memory_swap_used_cache"":0,""fpm_listen_queue"":""0"",""fpm_listen_queue_length"":""128"",""fpm_total_processes"":""12"",""fpm_active_processes"":""12""}"
1477327979,"{""mysql_table_scans_pct"":0.33446890995096,""mysql_deadlocks"":""0"",""mysql_wait_locks"":""0"",""mysql_current_locks"":""10723"",""mysql_total_locks"":""0"",""mysql_lock_time_avg"":""0"",""mysql_lock_time_max"":""0"",""mysql_select_scans"":""8902"",""mysql_sort_scans"":""20884"",""mysql_join_scans"":""91"",""sys_load_avg"":11.58,""sys_memory_used"":2553.47265625,""sys_memory_used_buffers"":201.65234375,""sys_memory_used_cache"":893.9765625,""sys_memory_swap_used"":0,""sys_memory_swap_used_cache"":0,""fpm_listen_queue"":""0"",""fpm_listen_queue_length"":""128"",""fpm_total_processes"":""13"",""fpm_active_processes"":""12""}"
1477327984,"{""mysql_table_scans_pct"":0.33402748456215,""mysql_deadlocks"":""0"",""mysql_wait_locks"":""0"",""mysql_current_locks"":""175"",""mysql_total_locks"":""0"",""mysql_lock_time_avg"":""0"",""mysql_lock_time_max"":""0"",""mysql_select_scans"":""9042"",""mysql_sort_scans"":""21142"",""mysql_join_scans"":""93"",""sys_load_avg"":11.77,""sys_memory_used"":2595.859375,""sys_memory_used_buffers"":202.9765625,""sys_memory_used_cache"":898.0625,""sys_memory_swap_used"":0,""sys_memory_swap_used_cache"":0,""fpm_listen_queue"":""0"",""fpm_listen_queue_length"":""128"",""fpm_total_processes"":""14"",""fpm_active_processes"":""13""}"
1477327990,"{""mysql_table_scans_pct"":0.32907463513496,""mysql_deadlocks"":""0"",""mysql_wait_locks"":""0"",""mysql_current_locks"":""1491"",""mysql_total_locks"":""0"",""mysql_lock_time_avg"":""0"",""mysql_lock_time_max"":""0"",""mysql_select_scans"":""9227"",""mysql_sort_scans"":""21447"",""mysql_join_scans"":""94"",""sys_load_avg"":11.63,""sys_memory_used"":2577.62109375,""sys_memory_used_buffers"":203.97265625,""sys_memory_used_cache"":902.10546875,""sys_memory_swap_used"":0,""sys_memory_swap_used_cache"":0,""fpm_listen_queue"":""2"",""fpm_listen_queue_length"":""128"",""fpm_total_processes"":""11"",""fpm_active_processes"":""11""}"
1477327995,"{""mysql_table_scans_pct"":0.32398581113385,""mysql_deadlocks"":""0"",""mysql_wait_locks"":""0"",""mysql_current_locks"":""884"",""mysql_total_locks"":""0"",""mysql_lock_time_avg"":""0"",""mysql_lock_time_max"":""0"",""mysql_select_scans"":""9455"",""mysql_sort_scans"":""21756"",""mysql_join_scans"":""98"",""sys_load_avg"":11.98,""sys_memory_used"":2604.34375,""sys_memory_used_buffers"":204.58984375,""sys_memory_used_cache"":906.375,""sys_memory_swap_used"":0,""sys_memory_swap_used_cache"":0,""fpm_listen_queue"":""1"",""fpm_listen_queue_length"":""128"",""fpm_total_processes"":""12"",""fpm_active_processes"":""12""}"
1477328000,"{""mysql_table_scans_pct"":0.31906834420628,""mysql_deadlocks"":""0"",""mysql_wait_locks"":""0"",""mysql_current_locks"":""781"",""mysql_total_locks"":""0"",""mysql_lock_time_avg"":""0"",""mysql_lock_time_max"":""0"",""mysql_select_scans"":""9678"",""mysql_sort_scans"":""22156"",""mysql_join_scans"":""100"",""sys_load_avg"":12.22,""sys_memory_used"":2602.48828125,""sys_memory_used_buffers"":205.8515625,""sys_memory_used_cache"":913.77734375,""sys_memory_swap_used"":0,""sys_memory_swap_used_cache"":0,""fpm_listen_queue"":""0"",""fpm_listen_queue_length"":""128"",""fpm_total_processes"":""12"",""fpm_active_processes"":""12""}"
1477328005,"{""mysql_table_scans_pct"":0.31506210070362,""mysql_deadlocks"":""0"",""mysql_wait_locks"":""0"",""mysql_current_locks"":""2172"",""mysql_total_locks"":""0"",""mysql_lock_time_avg"":""0"",""mysql_lock_time_max"":""0"",""mysql_select_scans"":""9903"",""mysql_sort_scans"":""22538"",""mysql_join_scans"":""100"",""sys_load_avg"":12.12,""sys_memory_used"":2636.828125,""sys_memory_used_buffers"":206.33203125,""sys_memory_used_cache"":925.54296875,""sys_memory_swap_used"":0,""sys_memory_swap_used_cache"":0,""fpm_listen_queue"":""0"",""fpm_listen_queue_length"":""128"",""fpm_total_processes"":""13"",""fpm_active_processes"":""13""}"
1477328010,"{""mysql_table_scans_pct"":0.2931450323416,""mysql_deadlocks"":""0"",""mysql_wait_locks"":""0"",""mysql_current_locks"":""0"",""mysql_total_locks"":""0"",""mysql_lock_time_avg"":""0"",""mysql_lock_time_max"":""0"",""mysql_select_scans"":""10034"",""mysql_sort_scans"":""22791"",""mysql_join_scans"":""105"",""sys_load_avg"":12.19,""sys_memory_used"":2579.890625,""sys_memory_used_buffers"":206.7578125,""sys_memory_used_cache"":930.16796875,""sys_memory_swap_used"":0,""sys_memory_swap_used_cache"":0,""fpm_listen_queue"":""2"",""fpm_listen_queue_length"":""128"",""fpm_total_processes"":""12"",""fpm_active_processes"":""12""}"
1477328015,"{""mysql_table_scans_pct"":0.26902696953971,""mysql_deadlocks"":""0"",""mysql_wait_locks"":""0"",""mysql_current_locks"":""0"",""mysql_total_locks"":""0"",""mysql_lock_time_avg"":""0"",""mysql_lock_time_max"":""0"",""mysql_select_scans"":""10151"",""mysql_sort_scans"":""23097"",""mysql_join_scans"":""107"",""sys_load_avg"":12.42,""sys_memory_used"":2547.5625,""sys_memory_used_buffers"":207.2578125,""sys_memory_used_cache"":935.56640625,""sys_memory_swap_used"":0,""sys_memory_swap_used_cache"":0,""fpm_listen_queue"":""0"",""fpm_listen_queue_length"":""128"",""fpm_total_processes"":""12"",""fpm_active_processes"":""8""}"
1477328020,"{""mysql_table_scans_pct"":0.25154260874189,""mysql_deadlocks"":""0"",""mysql_wait_locks"":""0"",""mysql_current_locks"":""0"",""mysql_total_locks"":""0"",""mysql_lock_time_avg"":""0"",""mysql_lock_time_max"":""0"",""mysql_select_scans"":""10270"",""mysql_sort_scans"":""23376"",""mysql_join_scans"":""111"",""sys_load_avg"":12.23,""sys_memory_used"":2527.87890625,""sys_memory_used_buffers"":207.6875,""sys_memory_used_cache"":940.3125,""sys_memory_swap_used"":0,""sys_memory_swap_used_cache"":0,""fpm_listen_queue"":""0"",""fpm_listen_queue_length"":""128"",""fpm_total_processes"":""12"",""fpm_active_processes"":""10""}"
1477328025,"{""mysql_table_scans_pct"":0.23840995611584,""mysql_deadlocks"":""0"",""mysql_wait_locks"":""0"",""mysql_current_locks"":""0"",""mysql_total_locks"":""0"",""mysql_lock_time_avg"":""0"",""mysql_lock_time_max"":""0"",""mysql_select_scans"":""10378"",""mysql_sort_scans"":""23608"",""mysql_join_scans"":""115"",""sys_load_avg"":11.81,""sys_memory_used"":2571.2265625,""sys_memory_used_buffers"":208.1015625,""sys_memory_used_cache"":943.3203125,""sys_memory_swap_used"":0,""sys_memory_swap_used_cache"":0,""fpm_listen_queue"":""0"",""fpm_listen_queue_length"":""128"",""fpm_total_processes"":""13"",""fpm_active_processes"":""13""}"
1477328031,"{""mysql_table_scans_pct"":0.22821278199341,""mysql_deadlocks"":""0"",""mysql_wait_locks"":""0"",""mysql_current_locks"":""0"",""mysql_total_locks"":""0"",""mysql_lock_time_avg"":""0"",""mysql_lock_time_max"":""0"",""mysql_select_scans"":""10480"",""mysql_sort_scans"":""23843"",""mysql_join_scans"":""118"",""sys_load_avg"":11.9,""sys_memory_used"":2556.28515625,""sys_memory_used_buffers"":208.359375,""sys_memory_used_cache"":947.171875,""sys_memory_swap_used"":0,""sys_memory_swap_used_cache"":0,""fpm_listen_queue"":""0"",""fpm_listen_queue_length"":""128"",""fpm_total_processes"":""12"",""fpm_active_processes"":""12""}"
1477328036,"{""mysql_table_scans_pct"":0.21957318966806,""mysql_deadlocks"":""0"",""mysql_wait_locks"":""0"",""mysql_current_locks"":""0"",""mysql_total_locks"":""0"",""mysql_lock_time_avg"":""0"",""mysql_lock_time_max"":""0"",""mysql_select_scans"":""10572"",""mysql_sort_scans"":""24026"",""mysql_join_scans"":""125"",""sys_load_avg"":11.11,""sys_memory_used"":2484.9921875,""sys_memory_used_buffers"":208.6875,""sys_memory_used_cache"":949.421875,""sys_memory_swap_used"":0,""sys_memory_swap_used_cache"":0,""fpm_listen_queue"":""0"",""fpm_listen_queue_length"":""128"",""fpm_total_processes"":""11"",""fpm_active_processes"":""6""}"
1477328041,"{""mysql_table_scans_pct"":0.20872314699302,""mysql_deadlocks"":""0"",""mysql_wait_locks"":""0"",""mysql_current_locks"":""0"",""mysql_total_locks"":""0"",""mysql_lock_time_avg"":""0"",""mysql_lock_time_max"":""0"",""mysql_select_scans"":""10665"",""mysql_sort_scans"":""24239"",""mysql_join_scans"":""128"",""sys_load_avg"":10.62,""sys_memory_used"":2522.31640625,""sys_memory_used_buffers"":209.1015625,""sys_memory_used_cache"":951.1171875,""sys_memory_swap_used"":0,""sys_memory_swap_used_cache"":0,""fpm_listen_queue"":""0"",""fpm_listen_queue_length"":""128"",""fpm_total_processes"":""10"",""fpm_active_processes"":""9""}"
1477328046,"{""mysql_table_scans_pct"":0.19904022806722,""mysql_deadlocks"":""0"",""mysql_wait_locks"":""0"",""mysql_current_locks"":""0"",""mysql_total_locks"":""0"",""mysql_lock_time_avg"":""0"",""mysql_lock_time_max"":""0"",""mysql_select_scans"":""10772"",""mysql_sort_scans"":""24445"",""mysql_join_scans"":""134"",""sys_load_avg"":10.97,""sys_memory_used"":2610.29296875,""sys_memory_used_buffers"":209.38671875,""sys_memory_used_cache"":954.4140625,""sys_memory_swap_used"":0,""sys_memory_swap_used_cache"":0,""fpm_listen_queue"":""4"",""fpm_listen_queue_length"":""128"",""fpm_total_processes"":""13"",""fpm_active_processes"":""12""}"
1477328051,"{""mysql_table_scans_pct"":0.18736606893705,""mysql_deadlocks"":""0"",""mysql_wait_locks"":""0"",""mysql_current_locks"":""9"",""mysql_total_locks"":""0"",""mysql_lock_time_avg"":""0"",""mysql_lock_time_max"":""0"",""mysql_select_scans"":""10883"",""mysql_sort_scans"":""24683"",""mysql_join_scans"":""136"",""sys_load_avg"":10.73,""sys_memory_used"":2603.92578125,""sys_memory_used_buffers"":210.0625,""sys_memory_used_cache"":957.37890625,""sys_memory_swap_used"":0,""sys_memory_swap_used_cache"":0,""fpm_listen_queue"":""1"",""fpm_listen_queue_length"":""128"",""fpm_total_processes"":""12"",""fpm_active_processes"":""12""}"
1477328056,"{""mysql_table_scans_pct"":0.17937393407088,""mysql_deadlocks"":""0"",""mysql_wait_locks"":""0"",""mysql_current_locks"":""0"",""mysql_total_locks"":""0"",""mysql_lock_time_avg"":""0"",""mysql_lock_time_max"":""0"",""mysql_select_scans"":""10985"",""mysql_sort_scans"":""24984"",""mysql_join_scans"":""138"",""sys_load_avg"":10.91,""sys_memory_used"":2639.80859375,""sys_memory_used_buffers"":210.36328125,""sys_memory_used_cache"":961.37109375,""sys_memory_swap_used"":0,""sys_memory_swap_used_cache"":0,""fpm_listen_queue"":""0"",""fpm_listen_queue_length"":""128"",""fpm_total_processes"":""14"",""fpm_active_processes"":""8""}"
1477328061,"{""mysql_table_scans_pct"":0.17442630362035,""mysql_deadlocks"":""0"",""mysql_wait_locks"":""0"",""mysql_current_locks"":""2"",""mysql_total_locks"":""0"",""mysql_lock_time_avg"":""0"",""mysql_lock_time_max"":""0"",""mysql_select_scans"":""11095"",""mysql_sort_scans"":""25329"",""mysql_join_scans"":""142"",""sys_load_avg"":11.08,""sys_memory_used"":2549.94921875,""sys_memory_used_buffers"":210.8828125,""sys_memory_used_cache"":965.87109375,""sys_memory_swap_used"":0,""sys_memory_swap_used_cache"":0,""fpm_listen_queue"":""0"",""fpm_listen_queue_length"":""128"",""fpm_total_processes"":""12"",""fpm_active_processes"":""11""}"
1477328066,"{""mysql_table_scans_pct"":0.17437091619325,""mysql_deadlocks"":""0"",""mysql_wait_locks"":""0"",""mysql_current_locks"":""265"",""mysql_total_locks"":""0"",""mysql_lock_time_avg"":""0"",""mysql_lock_time_max"":""0"",""mysql_select_scans"":""11161"",""mysql_sort_scans"":""25616"",""mysql_join_scans"":""144"",""sys_load_avg"":11,""sys_memory_used"":2691.71875,""sys_memory_used_buffers"":211.41015625,""sys_memory_used_cache"":969.58203125,""sys_memory_swap_used"":0,""sys_memory_swap_used_cache"":0,""fpm_listen_queue"":""1"",""fpm_listen_queue_length"":""128"",""fpm_total_processes"":""12"",""fpm_active_processes"":""12""}"
1477328071,"{""mysql_table_scans_pct"":0.17479624108663,""mysql_deadlocks"":""0"",""mysql_wait_locks"":""0"",""mysql_current_locks"":""45"",""mysql_total_locks"":""1"",""mysql_lock_time_avg"":""213"",""mysql_lock_time_max"":""213"",""mysql_select_scans"":""11293"",""mysql_sort_scans"":""25904"",""mysql_join_scans"":""148"",""sys_load_avg"":11.32,""sys_memory_used"":2623.8671875,""sys_memory_used_buffers"":211.75390625,""sys_memory_used_cache"":974.28125,""sys_memory_swap_used"":0,""sys_memory_swap_used_cache"":0,""fpm_listen_queue"":""2"",""fpm_listen_queue_length"":""128"",""fpm_total_processes"":""11"",""fpm_active_processes"":""11""}"
1477328076,"{""mysql_table_scans_pct"":0.17516775698609,""mysql_deadlocks"":""0"",""mysql_wait_locks"":""0"",""mysql_current_locks"":""0"",""mysql_total_locks"":""1"",""mysql_lock_time_avg"":""213"",""mysql_lock_time_max"":""213"",""mysql_select_scans"":""11433"",""mysql_sort_scans"":""26213"",""mysql_join_scans"":""152"",""sys_load_avg"":11.37,""sys_memory_used"":2627.0546875,""sys_memory_used_buffers"":212.0546875,""sys_memory_used_cache"":979.609375,""sys_memory_swap_used"":0,""sys_memory_swap_used_cache"":0,""fpm_listen_queue"":""0"",""fpm_listen_queue_length"":""128"",""fpm_total_processes"":""13"",""fpm_active_processes"":""8""}"
1477328082,"{""mysql_table_scans_pct"":0.17525888520953,""mysql_deadlocks"":""0"",""mysql_wait_locks"":""0"",""mysql_current_locks"":""570"",""mysql_total_locks"":""1"",""mysql_lock_time_avg"":""213"",""mysql_lock_time_max"":""213"",""mysql_select_scans"":""11508"",""mysql_sort_scans"":""26559"",""mysql_join_scans"":""152"",""sys_load_avg"":11.02,""sys_memory_used"":2681.25390625,""sys_memory_used_buffers"":212.3125,""sys_memory_used_cache"":984.3359375,""sys_memory_swap_used"":0,""sys_memory_swap_used_cache"":0,""fpm_listen_queue"":""0"",""fpm_listen_queue_length"":""128"",""fpm_total_processes"":""12"",""fpm_active_processes"":""9""}"
1477328087,"{""mysql_table_scans_pct"":0.17363164332486,""mysql_deadlocks"":""0"",""mysql_wait_locks"":""0"",""mysql_current_locks"":""0"",""mysql_total_locks"":""4"",""mysql_lock_time_avg"":""470"",""mysql_lock_time_max"":""809"",""mysql_select_scans"":""11659"",""mysql_sort_scans"":""26803"",""mysql_join_scans"":""162"",""sys_load_avg"":11.26,""sys_memory_used"":2604.27734375,""sys_memory_used_buffers"":212.765625,""sys_memory_used_cache"":987.27734375,""sys_memory_swap_used"":0,""sys_memory_swap_used_cache"":0,""fpm_listen_queue"":""0"",""fpm_listen_queue_length"":""128"",""fpm_total_processes"":""12"",""fpm_active_processes"":""5""}"
1477328092,"{""mysql_table_scans_pct"":0.17420151966311,""mysql_deadlocks"":""0"",""mysql_wait_locks"":""0"",""mysql_current_locks"":""122"",""mysql_total_locks"":""4"",""mysql_lock_time_avg"":""470"",""mysql_lock_time_max"":""809"",""mysql_select_scans"":""11732"",""mysql_sort_scans"":""27145"",""mysql_join_scans"":""164"",""sys_load_avg"":10.76,""sys_memory_used"":2679.1953125,""sys_memory_used_buffers"":213.05078125,""sys_memory_used_cache"":992.9375,""sys_memory_swap_used"":0,""sys_memory_swap_used_cache"":0,""fpm_listen_queue"":""0"",""fpm_listen_queue_length"":""128"",""fpm_total_processes"":""12"",""fpm_active_processes"":""12""}"
1477328097,"{""mysql_table_scans_pct"":0.17481695210144,""mysql_deadlocks"":""0"",""mysql_wait_locks"":""0"",""mysql_current_locks"":""257"",""mysql_total_locks"":""4"",""mysql_lock_time_avg"":""470"",""mysql_lock_time_max"":""809"",""mysql_select_scans"":""11804"",""mysql_sort_scans"":""27395"",""mysql_join_scans"":""167"",""sys_load_avg"":10.62,""sys_memory_used"":2664.1640625,""sys_memory_used_buffers"":213.296875,""sys_memory_used_cache"":995.828125,""sys_memory_swap_used"":0,""sys_memory_swap_used_cache"":0,""fpm_listen_queue"":""0"",""fpm_listen_queue_length"":""128"",""fpm_total_processes"":""12"",""fpm_active_processes"":""10""}"
1477328102,"{""mysql_table_scans_pct"":0.17537428796264,""mysql_deadlocks"":""0"",""mysql_wait_locks"":""0"",""mysql_current_locks"":""379"",""mysql_total_locks"":""4"",""mysql_lock_time_avg"":""470"",""mysql_lock_time_max"":""809"",""mysql_select_scans"":""11864"",""mysql_sort_scans"":""27650"",""mysql_join_scans"":""174"",""sys_load_avg"":10.49,""sys_memory_used"":2676.12109375,""sys_memory_used_buffers"":213.52734375,""sys_memory_used_cache"":999.6484375,""sys_memory_swap_used"":0,""sys_memory_swap_used_cache"":0,""fpm_listen_queue"":""1"",""fpm_listen_queue_length"":""128"",""fpm_total_processes"":""10"",""fpm_active_processes"":""6""}"
1477328107,"{""mysql_table_scans_pct"":0.17588439497327,""mysql_deadlocks"":""0"",""mysql_wait_locks"":""0"",""mysql_current_locks"":""490"",""mysql_total_locks"":""4"",""mysql_lock_time_avg"":""470"",""mysql_lock_time_max"":""809"",""mysql_select_scans"":""11934"",""mysql_sort_scans"":""27988"",""mysql_join_scans"":""177"",""sys_load_avg"":10.53,""sys_memory_used"":2733.5703125,""sys_memory_used_buffers"":213.76171875,""sys_memory_used_cache"":1003.80859375,""sys_memory_swap_used"":0,""sys_memory_swap_used_cache"":0,""fpm_listen_queue"":""0"",""fpm_listen_queue_length"":""128"",""fpm_total_processes"":""14"",""fpm_active_processes"":""8""}"
1477328112,"{""mysql_table_scans_pct"":0.17653755183877,""mysql_deadlocks"":""0"",""mysql_wait_locks"":""0"",""mysql_current_locks"":""18"",""mysql_total_locks"":""4"",""mysql_lock_time_avg"":""470"",""mysql_lock_time_max"":""809"",""mysql_select_scans"":""11999"",""mysql_sort_scans"":""28261"",""mysql_join_scans"":""180"",""sys_load_avg"":10.41,""sys_memory_used"":2698.04296875,""sys_memory_used_buffers"":214.046875,""sys_memory_used_cache"":1006.81640625,""sys_memory_swap_used"":0,""sys_memory_swap_used_cache"":0,""fpm_listen_queue"":""0"",""fpm_listen_queue_length"":""128"",""fpm_total_processes"":""11"",""fpm_active_processes"":""9""}"
1477328117,"{""mysql_table_scans_pct"":0.18005813941509,""mysql_deadlocks"":""0"",""mysql_wait_locks"":""1"",""mysql_current_locks"":""1453"",""mysql_total_locks"":""5"",""mysql_lock_time_avg"":""376"",""mysql_lock_time_max"":""809"",""mysql_select_scans"":""12066"",""mysql_sort_scans"":""28460"",""mysql_join_scans"":""183"",""sys_load_avg"":10.21,""sys_memory_used"":2650.5,""sys_memory_used_buffers"":214.33984375,""sys_memory_used_cache"":1009.51953125,""sys_memory_swap_used"":0,""sys_memory_swap_used_cache"":0,""fpm_listen_queue"":""0"",""fpm_listen_queue_length"":""128"",""fpm_total_processes"":""10"",""fpm_active_processes"":""9""}"
1477328122,"{""mysql_table_scans_pct"":0.17835311831109,""mysql_deadlocks"":""0"",""mysql_wait_locks"":""3"",""mysql_current_locks"":""2794"",""mysql_total_locks"":""7"",""mysql_lock_time_avg"":""268"",""mysql_lock_time_max"":""809"",""mysql_select_scans"":""12218"",""mysql_sort_scans"":""28760"",""mysql_join_scans"":""183"",""sys_load_avg"":10.04,""sys_memory_used"":2770.734375,""sys_memory_used_buffers"":214.75,""sys_memory_used_cache"":1012.61328125,""sys_memory_swap_used"":0,""sys_memory_swap_used_cache"":0,""fpm_listen_queue"":""1"",""fpm_listen_queue_length"":""128"",""fpm_total_processes"":""12"",""fpm_active_processes"":""11""}"
1477328127,"{""mysql_table_scans_pct"":0.17516220498183,""mysql_deadlocks"":""0"",""mysql_wait_locks"":""9"",""mysql_current_locks"":""3932"",""mysql_total_locks"":""13"",""mysql_lock_time_avg"":""144"",""mysql_lock_time_max"":""809"",""mysql_select_scans"":""12339"",""mysql_sort_scans"":""28904"",""mysql_join_scans"":""183"",""sys_load_avg"":10.11,""sys_memory_used"":2805.9921875,""sys_memory_used_buffers"":215.00390625,""sys_memory_used_cache"":1014.49609375,""sys_memory_swap_used"":0,""sys_memory_swap_used_cache"":0,""fpm_listen_queue"":""1"",""fpm_listen_queue_length"":""128"",""fpm_total_processes"":""13"",""fpm_active_processes"":""12""}"
1477328133,"{""mysql_table_scans_pct"":0.17916477268025,""mysql_deadlocks"":""0"",""mysql_wait_locks"":""0"",""mysql_current_locks"":""726"",""mysql_total_locks"":""16"",""mysql_lock_time_avg"":""6218"",""mysql_lock_time_max"":""16101"",""mysql_select_scans"":""12473"",""mysql_sort_scans"":""29075"",""mysql_join_scans"":""197"",""sys_load_avg"":9.54,""sys_memory_used"":2896.0625,""sys_memory_used_buffers"":215.30859375,""sys_memory_used_cache"":1015.84375,""sys_memory_swap_used"":0,""sys_memory_swap_used_cache"":0,""fpm_listen_queue"":""1"",""fpm_listen_queue_length"":""128"",""fpm_total_processes"":""16"",""fpm_active_processes"":""16""}"
1477328138,"{""mysql_table_scans_pct"":0.1762804750118,""mysql_deadlocks"":""0"",""mysql_wait_locks"":""1"",""mysql_current_locks"":""1203"",""mysql_total_locks"":""17"",""mysql_lock_time_avg"":""5852"",""mysql_lock_time_max"":""16101"",""mysql_select_scans"":""12634"",""mysql_sort_scans"":""29344"",""mysql_join_scans"":""197"",""sys_load_avg"":11.21,""sys_memory_used"":2811.15625,""sys_memory_used_buffers"":215.60546875,""sys_memory_used_cache"":1017.2421875,""sys_memory_swap_used"":0,""sys_memory_swap_used_cache"":0,""fpm_listen_queue"":""0"",""fpm_listen_queue_length"":""128"",""fpm_total_processes"":""14"",""fpm_active_processes"":""11""}"
1477328143,"{""mysql_table_scans_pct"":0.18339691718559,""mysql_deadlocks"":""0"",""mysql_wait_locks"":""5"",""mysql_current_locks"":""6452"",""mysql_total_locks"":""21"",""mysql_lock_time_avg"":""4737"",""mysql_lock_time_max"":""16101"",""mysql_select_scans"":""12824"",""mysql_sort_scans"":""29697"",""mysql_join_scans"":""197"",""sys_load_avg"":11.11,""sys_memory_used"":2823.76953125,""sys_memory_used_buffers"":215.9921875,""sys_memory_used_cache"":1027.80859375,""sys_memory_swap_used"":0,""sys_memory_swap_used_cache"":0,""fpm_listen_queue"":""0"",""fpm_listen_queue_length"":""128"",""fpm_total_processes"":""12"",""fpm_active_processes"":""12""}"
1477328148,"{""mysql_table_scans_pct"":0.1956591962437,""mysql_deadlocks"":""0"",""mysql_wait_locks"":""8"",""mysql_current_locks"":""14198"",""mysql_total_locks"":""24"",""mysql_lock_time_avg"":""4145"",""mysql_lock_time_max"":""16101"",""mysql_select_scans"":""13003"",""mysql_sort_scans"":""29972"",""mysql_join_scans"":""197"",""sys_load_avg"":10.62,""sys_memory_used"":2867.85546875,""sys_memory_used_buffers"":216.3125,""sys_memory_used_cache"":1030.58203125,""sys_memory_swap_used"":0,""sys_memory_swap_used_cache"":0,""fpm_listen_queue"":""0"",""fpm_listen_queue_length"":""128"",""fpm_total_processes"":""15"",""fpm_active_processes"":""15""}"
1477328153,"{""mysql_table_scans_pct"":0.20289911140361,""mysql_deadlocks"":""0"",""mysql_wait_locks"":""0"",""mysql_current_locks"":""1147"",""mysql_total_locks"":""28"",""mysql_lock_time_avg"":""6226"",""mysql_lock_time_max"":""16101"",""mysql_select_scans"":""13108"",""mysql_sort_scans"":""30208"",""mysql_join_scans"":""210"",""sys_load_avg"":11.13,""sys_memory_used"":2915.4296875,""sys_memory_used_buffers"":217.24609375,""sys_memory_used_cache"":1031.48828125,""sys_memory_swap_used"":0,""sys_memory_swap_used_cache"":0,""fpm_listen_queue"":""0"",""fpm_listen_queue_length"":""128"",""fpm_total_processes"":""16"",""fpm_active_processes"":""16""}"
1477328158,"{""mysql_table_scans_pct"":0.20380937150822,""mysql_deadlocks"":""0"",""mysql_wait_locks"":""0"",""mysql_current_locks"":""36"",""mysql_total_locks"":""28"",""mysql_lock_time_avg"":""6226"",""mysql_lock_time_max"":""16101"",""mysql_select_scans"":""13176"",""mysql_sort_scans"":""30480"",""mysql_join_scans"":""210"",""sys_load_avg"":11.68,""sys_memory_used"":2794.65234375,""sys_memory_used_buffers"":217.5234375,""sys_memory_used_cache"":1034.44140625,""sys_memory_swap_used"":0,""sys_memory_swap_used_cache"":0,""fpm_listen_queue"":""0"",""fpm_listen_queue_length"":""128"",""fpm_total_processes"":""13"",""fpm_active_processes"":""2""}"
1477328163,"{""mysql_table_scans_pct"":0.20425489269734,""mysql_deadlocks"":""0"",""mysql_wait_locks"":""0"",""mysql_current_locks"":""173"",""mysql_total_locks"":""28"",""mysql_lock_time_avg"":""6226"",""mysql_lock_time_max"":""16101"",""mysql_select_scans"":""13229"",""mysql_sort_scans"":""30734"",""mysql_join_scans"":""213"",""sys_load_avg"":11.87,""sys_memory_used"":2798.4609375,""sys_memory_used_buffers"":217.79296875,""sys_memory_used_cache"":1036.75,""sys_memory_swap_used"":0,""sys_memory_swap_used_cache"":0,""fpm_listen_queue"":""0"",""fpm_listen_queue_length"":""128"",""fpm_total_processes"":""12"",""fpm_active_processes"":""12""}"
1477328168,"{""mysql_table_scans_pct"":0.20470172162781,""mysql_deadlocks"":""0"",""mysql_wait_locks"":""0"",""mysql_current_locks"":""308"",""mysql_total_locks"":""28"",""mysql_lock_time_avg"":""6226"",""mysql_lock_time_max"":""16101"",""mysql_select_scans"":""13302"",""mysql_sort_scans"":""31014"",""mysql_join_scans"":""215"",""sys_load_avg"":11.96,""sys_memory_used"":2785.95703125,""sys_memory_used_buffers"":218.10546875,""sys_memory_used_cache"":1038.8671875,""sys_memory_swap_used"":0,""sys_memory_swap_used_cache"":0,""fpm_listen_queue"":""1"",""fpm_listen_queue_length"":""128"",""fpm_total_processes"":""12"",""fpm_active_processes"":""9""}"
1477328173,"{""mysql_table_scans_pct"":0.20516144174708,""mysql_deadlocks"":""0"",""mysql_wait_locks"":""0"",""mysql_current_locks"":""447"",""mysql_total_locks"":""28"",""mysql_lock_time_avg"":""6226"",""mysql_lock_time_max"":""16101"",""mysql_select_scans"":""13361"",""mysql_sort_scans"":""31222"",""mysql_join_scans"":""219"",""sys_load_avg"":12.04,""sys_memory_used"":2774.078125,""sys_memory_used_buffers"":218.39453125,""sys_memory_used_cache"":1041.51953125,""sys_memory_swap_used"":0,""sys_memory_swap_used_cache"":0,""fpm_listen_queue"":""0"",""fpm_listen_queue_length"":""128"",""fpm_total_processes"":""12"",""fpm_active_processes"":""8""}"
1477328179,"{""mysql_table_scans_pct"":0.20562842143094,""mysql_deadlocks"":""0"",""mysql_wait_locks"":""0"",""mysql_current_locks"":""582"",""mysql_total_locks"":""28"",""mysql_lock_time_avg"":""6226"",""mysql_lock_time_max"":""16101"",""mysql_select_scans"":""13425"",""mysql_sort_scans"":""31443"",""mysql_join_scans"":""220"",""sys_load_avg"":11.4,""sys_memory_used"":2678.96484375,""sys_memory_used_buffers"":219.15234375,""sys_memory_used_cache"":1044.5546875,""sys_memory_swap_used"":0,""sys_memory_swap_used_cache"":0,""fpm_listen_queue"":""0"",""fpm_listen_queue_length"":""128"",""fpm_total_processes"":""10"",""fpm_active_processes"":""9""}"
1477328184,"{""mysql_table_scans_pct"":0.20605224473905,""mysql_deadlocks"":""0"",""mysql_wait_locks"":""0"",""mysql_current_locks"":""707"",""mysql_total_locks"":""28"",""mysql_lock_time_avg"":""6226"",""mysql_lock_time_max"":""16101"",""mysql_select_scans"":""13486"",""mysql_sort_scans"":""31654"",""mysql_join_scans"":""226"",""sys_load_avg"":11.37,""sys_memory_used"":2783.57421875,""sys_memory_used_buffers"":219.578125,""sys_memory_used_cache"":1046.1796875,""sys_memory_swap_used"":0,""sys_memory_swap_used_cache"":0,""fpm_listen_queue"":""0"",""fpm_listen_queue_length"":""128"",""fpm_total_processes"":""12"",""fpm_active_processes"":""11""}"
1477328189,"{""mysql_table_scans_pct"":0.20643987581985,""mysql_deadlocks"":""0"",""mysql_wait_locks"":""0"",""mysql_current_locks"":""823"",""mysql_total_locks"":""28"",""mysql_lock_time_avg"":""6226"",""mysql_lock_time_max"":""16101"",""mysql_select_scans"":""13550"",""mysql_sort_scans"":""31852"",""mysql_join_scans"":""231"",""sys_load_avg"":11.26,""sys_memory_used"":2781.4921875,""sys_memory_used_buffers"":219.9921875,""sys_memory_used_cache"":1049.18359375,""sys_memory_swap_used"":0,""sys_memory_swap_used_cache"":0,""fpm_listen_queue"":""2"",""fpm_listen_queue_length"":""128"",""fpm_total_processes"":""11"",""fpm_active_processes"":""11""}"
1477328194,"{""mysql_table_scans_pct"":0.20693138500153,""mysql_deadlocks"":""0"",""mysql_wait_locks"":""0"",""mysql_current_locks"":""969"",""mysql_total_locks"":""28"",""mysql_lock_time_avg"":""6226"",""mysql_lock_time_max"":""16101"",""mysql_select_scans"":""13607"",""mysql_sort_scans"":""32027"",""mysql_join_scans"":""234"",""sys_load_avg"":11.24,""sys_memory_used"":2753.3984375,""sys_memory_used_buffers"":220.4765625,""sys_memory_used_cache"":1051.046875,""sys_memory_swap_used"":0,""sys_memory_swap_used_cache"":0,""fpm_listen_queue"":""0"",""fpm_listen_queue_length"":""128"",""fpm_total_processes"":""11"",""fpm_active_processes"":""11""}"
1477328199,"{""mysql_table_scans_pct"":0.20741795655254,""mysql_deadlocks"":""0"",""mysql_wait_locks"":""0"",""mysql_current_locks"":""1116"",""mysql_total_locks"":""28"",""mysql_lock_time_avg"":""6226"",""mysql_lock_time_max"":""16101"",""mysql_select_scans"":""13678"",""mysql_sort_scans"":""32284"",""mysql_join_scans"":""237"",""sys_load_avg"":10.9,""sys_memory_used"":2735.859375,""sys_memory_used_buffers"":220.77734375,""sys_memory_used_cache"":1052.453125,""sys_memory_swap_used"":0,""sys_memory_swap_used_cache"":0,""fpm_listen_queue"":""0"",""fpm_listen_queue_length"":""128"",""fpm_total_processes"":""10"",""fpm_active_processes"":""7""}"
1477328204,"{""mysql_table_scans_pct"":0.20789709674707,""mysql_deadlocks"":""0"",""mysql_wait_locks"":""0"",""mysql_current_locks"":""1255"",""mysql_total_locks"":""28"",""mysql_lock_time_avg"":""6226"",""mysql_lock_time_max"":""16101"",""mysql_select_scans"":""13749"",""mysql_sort_scans"":""32569"",""mysql_join_scans"":""241"",""sys_load_avg"":10.74,""sys_memory_used"":2798.2734375,""sys_memory_used_buffers"":221.12109375,""sys_memory_used_cache"":1055.546875,""sys_memory_swap_used"":0,""sys_memory_swap_used_cache"":0,""fpm_listen_queue"":""0"",""fpm_listen_queue_length"":""128"",""fpm_total_processes"":""12"",""fpm_active_processes"":""6""}"
1477328209,"{""mysql_table_scans_pct"":0.20826048348716,""mysql_deadlocks"":""0"",""mysql_wait_locks"":""0"",""mysql_current_locks"":""1644"",""mysql_total_locks"":""28"",""mysql_lock_time_avg"":""6226"",""mysql_lock_time_max"":""16101"",""mysql_select_scans"":""13816"",""mysql_sort_scans"":""32833"",""mysql_join_scans"":""245"",""sys_load_avg"":10.68,""sys_memory_used"":2786.875,""sys_memory_used_buffers"":221.55078125,""sys_memory_used_cache"":1058.7265625,""sys_memory_swap_used"":0,""sys_memory_swap_used_cache"":0,""fpm_listen_queue"":""0"",""fpm_listen_queue_length"":""128"",""fpm_total_processes"":""12"",""fpm_active_processes"":""10""}"
1477328214,"{""mysql_table_scans_pct"":0.21667546889824,""mysql_deadlocks"":""0"",""mysql_wait_locks"":""0"",""mysql_current_locks"":""3234"",""mysql_total_locks"":""28"",""mysql_lock_time_avg"":""6226"",""mysql_lock_time_max"":""16101"",""mysql_select_scans"":""13957"",""mysql_sort_scans"":""33103"",""mysql_join_scans"":""248"",""sys_load_avg"":10.63,""sys_memory_used"":2773.1015625,""sys_memory_used_buffers"":221.86328125,""sys_memory_used_cache"":1060.84375,""sys_memory_swap_used"":0,""sys_memory_swap_used_cache"":0,""fpm_listen_queue"":""0"",""fpm_listen_queue_length"":""128"",""fpm_total_processes"":""11"",""fpm_active_processes"":""7""}"
1477328219,"{""mysql_table_scans_pct"":0.21801410141942,""mysql_deadlocks"":""0"",""mysql_wait_locks"":""0"",""mysql_current_locks"":""4925"",""mysql_total_locks"":""28"",""mysql_lock_time_avg"":""6226"",""mysql_lock_time_max"":""16101"",""mysql_select_scans"":""14104"",""mysql_sort_scans"":""33345"",""mysql_join_scans"":""250"",""sys_load_avg"":10.66,""sys_memory_used"":2746.6640625,""sys_memory_used_buffers"":222.39453125,""sys_memory_used_cache"":1062.8671875,""sys_memory_swap_used"":0,""sys_memory_swap_used_cache"":0,""fpm_listen_queue"":""0"",""fpm_listen_queue_length"":""128"",""fpm_total_processes"":""11"",""fpm_active_processes"":""7""}"
1477328224,"{""mysql_table_scans_pct"":0.215415193735,""mysql_deadlocks"":""0"",""mysql_wait_locks"":""0"",""mysql_current_locks"":""6179"",""mysql_total_locks"":""28"",""mysql_lock_time_avg"":""6226"",""mysql_lock_time_max"":""16101"",""mysql_select_scans"":""14257"",""mysql_sort_scans"":""33596"",""mysql_join_scans"":""253"",""sys_load_avg"":10.93,""sys_memory_used"":2838.234375,""sys_memory_used_buffers"":222.81640625,""sys_memory_used_cache"":1064.8828125,""sys_memory_swap_used"":0,""sys_memory_swap_used_cache"":0,""fpm_listen_queue"":""0"",""fpm_listen_queue_length"":""128"",""fpm_total_processes"":""12"",""fpm_active_processes"":""9""}"
1477328229,"{""mysql_table_scans_pct"":0.22064620519598,""mysql_deadlocks"":""0"",""mysql_wait_locks"":""0"",""mysql_current_locks"":""7149"",""mysql_total_locks"":""28"",""mysql_lock_time_avg"":""6226"",""mysql_lock_time_max"":""16101"",""mysql_select_scans"":""14413"",""mysql_sort_scans"":""33802"",""mysql_join_scans"":""257"",""sys_load_avg"":11.01,""sys_memory_used"":2780.55078125,""sys_memory_used_buffers"":223.15234375,""sys_memory_used_cache"":1070.59375,""sys_memory_swap_used"":0,""sys_memory_swap_used_cache"":0,""fpm_listen_queue"":""0"",""fpm_listen_queue_length"":""128"",""fpm_total_processes"":""10"",""fpm_active_processes"":""3""}"
1477328234,"{""mysql_table_scans_pct"":0.22216609447843,""mysql_deadlocks"":""0"",""mysql_wait_locks"":""0"",""mysql_current_locks"":""7149"",""mysql_total_locks"":""28"",""mysql_lock_time_avg"":""6226"",""mysql_lock_time_max"":""16101"",""mysql_select_scans"":""14587"",""mysql_sort_scans"":""34175"",""mysql_join_scans"":""258"",""sys_load_avg"":11.09,""sys_memory_used"":2817.203125,""sys_memory_used_buffers"":223.4375,""sys_memory_used_cache"":1075.40234375,""sys_memory_swap_used"":0,""sys_memory_swap_used_cache"":0,""fpm_listen_queue"":""4"",""fpm_listen_queue_length"":""128"",""fpm_total_processes"":""10"",""fpm_active_processes"":""10""}"
1477328240,"{""mysql_table_scans_pct"":0.22390081274533,""mysql_deadlocks"":""0"",""mysql_wait_locks"":""0"",""mysql_current_locks"":""7149"",""mysql_total_locks"":""28"",""mysql_lock_time_avg"":""6226"",""mysql_lock_time_max"":""16101"",""mysql_select_scans"":""14731"",""mysql_sort_scans"":""34395"",""mysql_join_scans"":""261"",""sys_load_avg"":11.16,""sys_memory_used"":2856.93359375,""sys_memory_used_buffers"":223.71875,""sys_memory_used_cache"":1079.0625,""sys_memory_swap_used"":0,""sys_memory_swap_used_cache"":0,""fpm_listen_queue"":""1"",""fpm_listen_queue_length"":""128"",""fpm_total_processes"":""11"",""fpm_active_processes"":""10""}"
1477328245,"{""mysql_table_scans_pct"":0.22437854175232,""mysql_deadlocks"":""0"",""mysql_wait_locks"":""0"",""mysql_current_locks"":""7602"",""mysql_total_locks"":""28"",""mysql_lock_time_avg"":""6226"",""mysql_lock_time_max"":""16101"",""mysql_select_scans"":""14912"",""mysql_sort_scans"":""34774"",""mysql_join_scans"":""267"",""sys_load_avg"":10.99,""sys_memory_used"":2802.9609375,""sys_memory_used_buffers"":224.0703125,""sys_memory_used_cache"":1079.671875,""sys_memory_swap_used"":0,""sys_memory_swap_used_cache"":0,""fpm_listen_queue"":""0"",""fpm_listen_queue_length"":""128"",""fpm_total_processes"":""11"",""fpm_active_processes"":""7""}"
1477328250,"{""mysql_table_scans_pct"":0.22478930896016,""mysql_deadlocks"":""0"",""mysql_wait_locks"":""0"",""mysql_current_locks"":""8013"",""mysql_total_locks"":""28"",""mysql_lock_time_avg"":""6226"",""mysql_lock_time_max"":""16101"",""mysql_select_scans"":""15069"",""mysql_sort_scans"":""35036"",""mysql_join_scans"":""269"",""sys_load_avg"":10.91,""sys_memory_used"":2842.27734375,""sys_memory_used_buffers"":224.3046875,""sys_memory_used_cache"":1082.109375,""sys_memory_swap_used"":0,""sys_memory_swap_used_cache"":0,""fpm_listen_queue"":""4"",""fpm_listen_queue_length"":""128"",""fpm_total_processes"":""11"",""fpm_active_processes"":""11""}"
1477328255,"{""mysql_table_scans_pct"":0.22801464304732,""mysql_deadlocks"":""0"",""mysql_wait_locks"":""0"",""mysql_current_locks"":""8178"",""mysql_total_locks"":""28"",""mysql_lock_time_avg"":""6226"",""mysql_lock_time_max"":""16101"",""mysql_select_scans"":""15209"",""mysql_sort_scans"":""35214"",""mysql_join_scans"":""276"",""sys_load_avg"":10.92,""sys_memory_used"":2815.140625,""sys_memory_used_buffers"":224.65625,""sys_memory_used_cache"":1083.23828125,""sys_memory_swap_used"":0,""sys_memory_swap_used_cache"":0,""fpm_listen_queue"":""1"",""fpm_listen_queue_length"":""128"",""fpm_total_processes"":""10"",""fpm_active_processes"":""9""}"
1477328260,"{""mysql_table_scans_pct"":0.22843463828097,""mysql_deadlocks"":""0"",""mysql_wait_locks"":""0"",""mysql_current_locks"":""8325"",""mysql_total_locks"":""28"",""mysql_lock_time_avg"":""6226"",""mysql_lock_time_max"":""16101"",""mysql_select_scans"":""15355"",""mysql_sort_scans"":""35432"",""mysql_join_scans"":""280"",""sys_load_avg"":10.6,""sys_memory_used"":2795.890625,""sys_memory_used_buffers"":224.9375,""sys_memory_used_cache"":1084.1796875,""sys_memory_swap_used"":0,""sys_memory_swap_used_cache"":0,""fpm_listen_queue"":""6"",""fpm_listen_queue_length"":""128"",""fpm_total_processes"":""9"",""fpm_active_processes"":""9""}"
1477328265,"{""mysql_table_scans_pct"":0.22878576097246,""mysql_deadlocks"":""0"",""mysql_wait_locks"":""0"",""mysql_current_locks"":""8471"",""mysql_total_locks"":""28"",""mysql_lock_time_avg"":""6226"",""mysql_lock_time_max"":""16101"",""mysql_select_scans"":""15490"",""mysql_sort_scans"":""35606"",""mysql_join_scans"":""284"",""sys_load_avg"":10.64,""sys_memory_used"":2762.953125,""sys_memory_used_buffers"":225.421875,""sys_memory_used_cache"":1085.4296875,""sys_memory_swap_used"":0,""sys_memory_swap_used_cache"":0,""fpm_listen_queue"":""0"",""fpm_listen_queue_length"":""128"",""fpm_total_processes"":""8"",""fpm_active_processes"":""5""}"
1477328270,"{""mysql_table_scans_pct"":0.22913043419857,""mysql_deadlocks"":""0"",""mysql_wait_locks"":""0"",""mysql_current_locks"":""8615"",""mysql_total_locks"":""28"",""mysql_lock_time_avg"":""6226"",""mysql_lock_time_max"":""16101"",""mysql_select_scans"":""15638"",""mysql_sort_scans"":""35802"",""mysql_join_scans"":""286"",""sys_load_avg"":10.67,""sys_memory_used"":2791.63671875,""sys_memory_used_buffers"":225.67578125,""sys_memory_used_cache"":1086.71875,""sys_memory_swap_used"":0,""sys_memory_swap_used_cache"":0,""fpm_listen_queue"":""0"",""fpm_listen_queue_length"":""128"",""fpm_total_processes"":""11"",""fpm_active_processes"":""5""}"
1477328275,"{""mysql_table_scans_pct"":0.2294304484431,""mysql_deadlocks"":""0"",""mysql_wait_locks"":""0"",""mysql_current_locks"":""8753"",""mysql_total_locks"":""28"",""mysql_lock_time_avg"":""6226"",""mysql_lock_time_max"":""16101"",""mysql_select_scans"":""15810"",""mysql_sort_scans"":""36032"",""mysql_join_scans"":""291"",""sys_load_avg"":10.45,""sys_memory_used"":2768.76171875,""sys_memory_used_buffers"":225.91015625,""sys_memory_used_cache"":1089.140625,""sys_memory_swap_used"":0,""sys_memory_swap_used_cache"":0,""fpm_listen_queue"":""1"",""fpm_listen_queue_length"":""128"",""fpm_total_processes"":""8"",""fpm_active_processes"":""8""}"
1477328280,"{""mysql_table_scans_pct"":0.22971367833702,""mysql_deadlocks"":""0"",""mysql_wait_locks"":""0"",""mysql_current_locks"":""8883"",""mysql_total_locks"":""28"",""mysql_lock_time_avg"":""6226"",""mysql_lock_time_max"":""16101"",""mysql_select_scans"":""15969"",""mysql_sort_scans"":""36346"",""mysql_join_scans"":""291"",""sys_load_avg"":10.66,""sys_memory_used"":2791.921875,""sys_memory_used_buffers"":226.2578125,""sys_memory_used_cache"":1091.01953125,""sys_memory_swap_used"":0,""sys_memory_swap_used_cache"":0,""fpm_listen_queue"":""0"",""fpm_listen_queue_length"":""128"",""fpm_total_processes"":""9"",""fpm_active_processes"":""8""}"
1477328286,"{""mysql_table_scans_pct"":0.2299446632016,""mysql_deadlocks"":""0"",""mysql_wait_locks"":""0"",""mysql_current_locks"":""8999"",""mysql_total_locks"":""28"",""mysql_lock_time_avg"":""6226"",""mysql_lock_time_max"":""16101"",""mysql_select_scans"":""16149"",""mysql_sort_scans"":""36616"",""mysql_join_scans"":""299"",""sys_load_avg"":10.6,""sys_memory_used"":2836.6640625,""sys_memory_used_buffers"":226.5234375,""sys_memory_used_cache"":1092.44140625,""sys_memory_swap_used"":0,""sys_memory_swap_used_cache"":0,""fpm_listen_queue"":""0"",""fpm_listen_queue_length"":""128"",""fpm_total_processes"":""11"",""fpm_active_processes"":""9""}"
1477328291,"{""mysql_table_scans_pct"":0.23023815260398,""mysql_deadlocks"":""0"",""mysql_wait_locks"":""0"",""mysql_current_locks"":""9139"",""mysql_total_locks"":""28"",""mysql_lock_time_avg"":""6226"",""mysql_lock_time_max"":""16101"",""mysql_select_scans"":""16324"",""mysql_sort_scans"":""36823"",""mysql_join_scans"":""303"",""sys_load_avg"":10.64,""sys_memory_used"":2862.19921875,""sys_memory_used_buffers"":226.828125,""sys_memory_used_cache"":1094.22265625,""sys_memory_swap_used"":0,""sys_memory_swap_used_cache"":0,""fpm_listen_queue"":""1"",""fpm_listen_queue_length"":""128"",""fpm_total_processes"":""11"",""fpm_active_processes"":""7""}"
1477328296,"{""mysql_table_scans_pct"":0.23060402548234,""mysql_deadlocks"":""0"",""mysql_wait_locks"":""0"",""mysql_current_locks"":""9296"",""mysql_total_locks"":""28"",""mysql_lock_time_avg"":""6226"",""mysql_lock_time_max"":""16101"",""mysql_select_scans"":""16490"",""mysql_sort_scans"":""37083"",""mysql_join_scans"":""307"",""sys_load_avg"":10.34,""sys_memory_used"":2790.9296875,""sys_memory_used_buffers"":227.13671875,""sys_memory_used_cache"":1095.56640625,""sys_memory_swap_used"":0,""sys_memory_swap_used_cache"":0,""fpm_listen_queue"":""0"",""fpm_listen_queue_length"":""128"",""fpm_total_processes"":""9"",""fpm_active_processes"":""7""}"
1477328301,"{""mysql_table_scans_pct"":0.23103050810998,""mysql_deadlocks"":""0"",""mysql_wait_locks"":""0"",""mysql_current_locks"":""9459"",""mysql_total_locks"":""28"",""mysql_lock_time_avg"":""6226"",""mysql_lock_time_max"":""16101"",""mysql_select_scans"":""16645"",""mysql_sort_scans"":""37307"",""mysql_join_scans"":""312"",""sys_load_avg"":10.32,""sys_memory_used"":2788.93359375,""sys_memory_used_buffers"":227.375,""sys_memory_used_cache"":1096.76953125,""sys_memory_swap_used"":0,""sys_memory_swap_used_cache"":0,""fpm_listen_queue"":""0"",""fpm_listen_queue_length"":""128"",""fpm_total_processes"":""10"",""fpm_active_processes"":""6""}"
1477328306,"{""mysql_table_scans_pct"":0.23129761496872,""mysql_deadlocks"":""0"",""mysql_wait_locks"":""0"",""mysql_current_locks"":""9636"",""mysql_total_locks"":""28"",""mysql_lock_time_avg"":""6226"",""mysql_lock_time_max"":""16101"",""mysql_select_scans"":""16795"",""mysql_sort_scans"":""37526"",""mysql_join_scans"":""317"",""sys_load_avg"":9.81,""sys_memory_used"":2829.03515625,""sys_memory_used_buffers"":227.67578125,""sys_memory_used_cache"":1098.03125,""sys_memory_swap_used"":0,""sys_memory_swap_used_cache"":0,""fpm_listen_queue"":""0"",""fpm_listen_queue_length"":""128"",""fpm_total_processes"":""10"",""fpm_active_processes"":""10""}"
1477328311,"{""mysql_table_scans_pct"":0.23113211881692,""mysql_deadlocks"":""0"",""mysql_wait_locks"":""0"",""mysql_current_locks"":""9714"",""mysql_total_locks"":""28"",""mysql_lock_time_avg"":""6226"",""mysql_lock_time_max"":""16101"",""mysql_select_scans"":""16948"",""mysql_sort_scans"":""37777"",""mysql_join_scans"":""321"",""sys_load_avg"":9.59,""sys_memory_used"":2834.78515625,""sys_memory_used_buffers"":228.19140625,""sys_memory_used_cache"":1099.87109375,""sys_memory_swap_used"":0,""sys_memory_swap_used_cache"":0,""fpm_listen_queue"":""0"",""fpm_listen_queue_length"":""128"",""fpm_total_processes"":""10"",""fpm_active_processes"":""10""}"
1477328316,"{""mysql_table_scans_pct"":0.23093676454353,""mysql_deadlocks"":""0"",""mysql_wait_locks"":""0"",""mysql_current_locks"":""9846"",""mysql_total_locks"":""28"",""mysql_lock_time_avg"":""6226"",""mysql_lock_time_max"":""16101"",""mysql_select_scans"":""17096"",""mysql_sort_scans"":""37955"",""mysql_join_scans"":""327"",""sys_load_avg"":9.7,""sys_memory_used"":2803.51953125,""sys_memory_used_buffers"":228.6171875,""sys_memory_used_cache"":1101.5859375,""sys_memory_swap_used"":0,""sys_memory_swap_used_cache"":0,""fpm_listen_queue"":""0"",""fpm_listen_queue_length"":""128"",""fpm_total_processes"":""10"",""fpm_active_processes"":""5""}"
1477328321,"{""mysql_table_scans_pct"":0.23067726296966,""mysql_deadlocks"":""0"",""mysql_wait_locks"":""0"",""mysql_current_locks"":""10064"",""mysql_total_locks"":""28"",""mysql_lock_time_avg"":""6226"",""mysql_lock_time_max"":""16101"",""mysql_select_scans"":""17240"",""mysql_sort_scans"":""38206"",""mysql_join_scans"":""330"",""sys_load_avg"":9.4,""sys_memory_used"":2810.2265625,""sys_memory_used_buffers"":229.00390625,""sys_memory_used_cache"":1104.0234375,""sys_memory_swap_used"":0,""sys_memory_swap_used_cache"":0,""fpm_listen_queue"":""0"",""fpm_listen_queue_length"":""128"",""fpm_total_processes"":""10"",""fpm_active_processes"":""4""}"
1477328326,"{""mysql_table_scans_pct"":0.23032486987455,""mysql_deadlocks"":""0"",""mysql_wait_locks"":""0"",""mysql_current_locks"":""10342"",""mysql_total_locks"":""28"",""mysql_lock_time_avg"":""6226"",""mysql_lock_time_max"":""16101"",""mysql_select_scans"":""17391"",""mysql_sort_scans"":""38390"",""mysql_join_scans"":""333"",""sys_load_avg"":9.61,""sys_memory_used"":2867.15625,""sys_memory_used_buffers"":229.4375,""sys_memory_used_cache"":1105.83203125,""sys_memory_swap_used"":0,""sys_memory_swap_used_cache"":0,""fpm_listen_queue"":""0"",""fpm_listen_queue_length"":""128"",""fpm_total_processes"":""11"",""fpm_active_processes"":""8""}"
1477328331,"{""mysql_table_scans_pct"":0.22998282169857,""mysql_deadlocks"":""0"",""mysql_wait_locks"":""0"",""mysql_current_locks"":""10610"",""mysql_total_locks"":""28"",""mysql_lock_time_avg"":""6226"",""mysql_lock_time_max"":""16101"",""mysql_select_scans"":""17553"",""mysql_sort_scans"":""38624"",""mysql_join_scans"":""341"",""sys_load_avg"":9.24,""sys_memory_used"":2846.55078125,""sys_memory_used_buffers"":229.95703125,""sys_memory_used_cache"":1107.828125,""sys_memory_swap_used"":0,""sys_memory_swap_used_cache"":0,""fpm_listen_queue"":""0"",""fpm_listen_queue_length"":""128"",""fpm_total_processes"":""10"",""fpm_active_processes"":""10""}"
1477328336,"{""mysql_table_scans_pct"":0.22959034729239,""mysql_deadlocks"":""0"",""mysql_wait_locks"":""0"",""mysql_current_locks"":""10888"",""mysql_total_locks"":""28"",""mysql_lock_time_avg"":""6226"",""mysql_lock_time_max"":""16101"",""mysql_select_scans"":""17710"",""mysql_sort_scans"":""38875"",""mysql_join_scans"":""343"",""sys_load_avg"":8.9,""sys_memory_used"":2835.89453125,""sys_memory_used_buffers"":230.3515625,""sys_memory_used_cache"":1110.40234375,""sys_memory_swap_used"":0,""sys_memory_swap_used_cache"":0,""fpm_listen_queue"":""0"",""fpm_listen_queue_length"":""128"",""fpm_total_processes"":""10"",""fpm_active_processes"":""9""}"
1477328342,"{""mysql_table_scans_pct"":0.22944767213809,""mysql_deadlocks"":""0"",""mysql_wait_locks"":""0"",""mysql_current_locks"":""445"",""mysql_total_locks"":""28"",""mysql_lock_time_avg"":""6226"",""mysql_lock_time_max"":""16101"",""mysql_select_scans"":""17863"",""mysql_sort_scans"":""39092"",""mysql_join_scans"":""349"",""sys_load_avg"":9.07,""sys_memory_used"":2909.80078125,""sys_memory_used_buffers"":231.875,""sys_memory_used_cache"":1112.22265625,""sys_memory_swap_used"":0,""sys_memory_swap_used_cache"":0,""fpm_listen_queue"":""0"",""fpm_listen_queue_length"":""128"",""fpm_total_processes"":""10"",""fpm_active_processes"":""10""}"
1477328347,"{""mysql_table_scans_pct"":0.22857117573588,""mysql_deadlocks"":""0"",""mysql_wait_locks"":""0"",""mysql_current_locks"":""2120"",""mysql_total_locks"":""28"",""mysql_lock_time_avg"":""6226"",""mysql_lock_time_max"":""16101"",""mysql_select_scans"":""18020"",""mysql_sort_scans"":""39304"",""mysql_join_scans"":""350"",""sys_load_avg"":9.54,""sys_memory_used"":2863.484375,""sys_memory_used_buffers"":232.6015625,""sys_memory_used_cache"":1113.3046875,""sys_memory_swap_used"":0,""sys_memory_swap_used_cache"":0,""fpm_listen_queue"":""0"",""fpm_listen_queue_length"":""128"",""fpm_total_processes"":""10"",""fpm_active_processes"":""8""}"
1477328352,"{""mysql_table_scans_pct"":0.22756845788872,""mysql_deadlocks"":""0"",""mysql_wait_locks"":""0"",""mysql_current_locks"":""927"",""mysql_total_locks"":""28"",""mysql_lock_time_avg"":""6226"",""mysql_lock_time_max"":""16101"",""mysql_select_scans"":""18261"",""mysql_sort_scans"":""39576"",""mysql_join_scans"":""354"",""sys_load_avg"":9.34,""sys_memory_used"":2916.234375,""sys_memory_used_buffers"":233.16796875,""sys_memory_used_cache"":1114.6875,""sys_memory_swap_used"":0,""sys_memory_swap_used_cache"":0,""fpm_listen_queue"":""3"",""fpm_listen_queue_length"":""128"",""fpm_total_processes"":""10"",""fpm_active_processes"":""10""}"
1477328357,"{""mysql_table_scans_pct"":0.22647523315032,""mysql_deadlocks"":""0"",""mysql_wait_locks"":""0"",""mysql_current_locks"":""728"",""mysql_total_locks"":""28"",""mysql_lock_time_avg"":""6226"",""mysql_lock_time_max"":""16101"",""mysql_select_scans"":""18485"",""mysql_sort_scans"":""39828"",""mysql_join_scans"":""359"",""sys_load_avg"":8.91,""sys_memory_used"":2924.1953125,""sys_memory_used_buffers"":234.140625,""sys_memory_used_cache"":1119.18359375,""sys_memory_swap_used"":0,""sys_memory_swap_used_cache"":0,""fpm_listen_queue"":""0"",""fpm_listen_queue_length"":""128"",""fpm_total_processes"":""11"",""fpm_active_processes"":""8""}"
1477328362,"{""mysql_table_scans_pct"":0.22272970015069,""mysql_deadlocks"":""0"",""mysql_wait_locks"":""0"",""mysql_current_locks"":""6"",""mysql_total_locks"":""28"",""mysql_lock_time_avg"":""6226"",""mysql_lock_time_max"":""16101"",""mysql_select_scans"":""18758"",""mysql_sort_scans"":""40087"",""mysql_join_scans"":""360"",""sys_load_avg"":9.16,""sys_memory_used"":2973.828125,""sys_memory_used_buffers"":234.5078125,""sys_memory_used_cache"":1127.7421875,""sys_memory_swap_used"":0,""sys_memory_swap_used_cache"":0,""fpm_listen_queue"":""0"",""fpm_listen_queue_length"":""128"",""fpm_total_processes"":""12"",""fpm_active_processes"":""11""}"
1477328367,"{""mysql_table_scans_pct"":0.22349081515553,""mysql_deadlocks"":""0"",""mysql_wait_locks"":""0"",""mysql_current_locks"":""0"",""mysql_total_locks"":""28"",""mysql_lock_time_avg"":""6226"",""mysql_lock_time_max"":""16101"",""mysql_select_scans"":""18842"",""mysql_sort_scans"":""40307"",""mysql_join_scans"":""364"",""sys_load_avg"":9.39,""sys_memory_used"":2875.80859375,""sys_memory_used_buffers"":234.90234375,""sys_memory_used_cache"":1128.83203125,""sys_memory_swap_used"":0,""sys_memory_swap_used_cache"":0,""fpm_listen_queue"":""0"",""fpm_listen_queue_length"":""128"",""fpm_total_processes"":""12"",""fpm_active_processes"":""12""}"
1477328372,"{""mysql_table_scans_pct"":0.2213345828206,""mysql_deadlocks"":""0"",""mysql_wait_locks"":""0"",""mysql_current_locks"":""0"",""mysql_total_locks"":""28"",""mysql_lock_time_avg"":""6226"",""mysql_lock_time_max"":""16101"",""mysql_select_scans"":""18936"",""mysql_sort_scans"":""40547"",""mysql_join_scans"":""367"",""sys_load_avg"":9.12,""sys_memory_used"":2854.265625,""sys_memory_used_buffers"":235.15234375,""sys_memory_used_cache"":1130.1796875,""sys_memory_swap_used"":0,""sys_memory_swap_used_cache"":0,""fpm_listen_queue"":""0"",""fpm_listen_queue_length"":""128"",""fpm_total_processes"":""10"",""fpm_active_processes"":""9""}"
1477328377,"{""mysql_table_scans_pct"":0.21796653462593,""mysql_deadlocks"":""0"",""mysql_wait_locks"":""0"",""mysql_current_locks"":""0"",""mysql_total_locks"":""28"",""mysql_lock_time_avg"":""6226"",""mysql_lock_time_max"":""16101"",""mysql_select_scans"":""19026"",""mysql_sort_scans"":""40779"",""mysql_join_scans"":""371"",""sys_load_avg"":8.39,""sys_memory_used"":2823.23828125,""sys_memory_used_buffers"":235.44140625,""sys_memory_used_cache"":1131.25,""sys_memory_swap_used"":0,""sys_memory_swap_used_cache"":0,""fpm_listen_queue"":""0"",""fpm_listen_queue_length"":""128"",""fpm_total_processes"":""11"",""fpm_active_processes"":""7""}"
1477328382,"{""mysql_table_scans_pct"":0.21554435788771,""mysql_deadlocks"":""0"",""mysql_wait_locks"":""0"",""mysql_current_locks"":""0"",""mysql_total_locks"":""28"",""mysql_lock_time_avg"":""6226"",""mysql_lock_time_max"":""16101"",""mysql_select_scans"":""19113"",""mysql_sort_scans"":""40998"",""mysql_join_scans"":""373"",""sys_load_avg"":8.44,""sys_memory_used"":2821.16015625,""sys_memory_used_buffers"":235.703125,""sys_memory_used_cache"":1132.91015625,""sys_memory_swap_used"":0,""sys_memory_swap_used_cache"":0,""fpm_listen_queue"":""0"",""fpm_listen_queue_length"":""128"",""fpm_total_processes"":""10"",""fpm_active_processes"":""6""}"
1477328387,"{""mysql_table_scans_pct"":0.21317309746679,""mysql_deadlocks"":""0"",""mysql_wait_locks"":""0"",""mysql_current_locks"":""0"",""mysql_total_locks"":""28"",""mysql_lock_time_avg"":""6226"",""mysql_lock_time_max"":""16101"",""mysql_select_scans"":""19193"",""mysql_sort_scans"":""41250"",""mysql_join_scans"":""378"",""sys_load_avg"":7.76,""sys_memory_used"":2744.30859375,""sys_memory_used_buffers"":236.11328125,""sys_memory_used_cache"":1134.59375,""sys_memory_swap_used"":0,""sys_memory_swap_used_cache"":0,""fpm_listen_queue"":""0"",""fpm_listen_queue_length"":""128"",""fpm_total_processes"":""7"",""fpm_active_processes"":""6""}"
1477328393,"{""mysql_table_scans_pct"":0.21316079259135,""mysql_deadlocks"":""0"",""mysql_wait_locks"":""0"",""mysql_current_locks"":""0"",""mysql_total_locks"":""28"",""mysql_lock_time_avg"":""6226"",""mysql_lock_time_max"":""16101"",""mysql_select_scans"":""19260"",""mysql_sort_scans"":""41431"",""mysql_join_scans"":""382"",""sys_load_avg"":7.78,""sys_memory_used"":2797.31640625,""sys_memory_used_buffers"":236.3203125,""sys_memory_used_cache"":1135.53515625,""sys_memory_swap_used"":0,""sys_memory_swap_used_cache"":0,""fpm_listen_queue"":""0"",""fpm_listen_queue_length"":""128"",""fpm_total_processes"":""9"",""fpm_active_processes"":""6""}"
1477328398,"{""mysql_table_scans_pct"":0.21315141719703,""mysql_deadlocks"":""0"",""mysql_wait_locks"":""0"",""mysql_current_locks"":""0"",""mysql_total_locks"":""28"",""mysql_lock_time_avg"":""6226"",""mysql_lock_time_max"":""16101"",""mysql_select_scans"":""19326"",""mysql_sort_scans"":""41630"",""mysql_join_scans"":""389"",""sys_load_avg"":7.8,""sys_memory_used"":2809.40625,""sys_memory_used_buffers"":236.63671875,""sys_memory_used_cache"":1136.79296875,""sys_memory_swap_used"":0,""sys_memory_swap_used_cache"":0,""fpm_listen_queue"":""0"",""fpm_listen_queue_length"":""128"",""fpm_total_processes"":""9"",""fpm_active_processes"":""9""}"
1477328403,"{""mysql_table_scans_pct"":0.21314298658175,""mysql_deadlocks"":""0"",""mysql_wait_locks"":""0"",""mysql_current_locks"":""3"",""mysql_total_locks"":""28"",""mysql_lock_time_avg"":""6226"",""mysql_lock_time_max"":""16101"",""mysql_select_scans"":""19384"",""mysql_sort_scans"":""41803"",""mysql_join_scans"":""394"",""sys_load_avg"":7.65,""sys_memory_used"":2785.5078125,""sys_memory_used_buffers"":236.90625,""sys_memory_used_cache"":1139.8046875,""sys_memory_swap_used"":0,""sys_memory_swap_used_cache"":0,""fpm_listen_queue"":""2"",""fpm_listen_queue_length"":""128"",""fpm_total_processes"":""7"",""fpm_active_processes"":""7""}"
1477328408,"{""mysql_table_scans_pct"":0.21313059410687,""mysql_deadlocks"":""0"",""mysql_wait_locks"":""0"",""mysql_current_locks"":""0"",""mysql_total_locks"":""28"",""mysql_lock_time_avg"":""6226"",""mysql_lock_time_max"":""16101"",""mysql_select_scans"":""19439"",""mysql_sort_scans"":""41917"",""mysql_join_scans"":""399"",""sys_load_avg"":7.16,""sys_memory_used"":2762.140625,""sys_memory_used_buffers"":237.1171875,""sys_memory_used_cache"":1141.10546875,""sys_memory_swap_used"":0,""sys_memory_swap_used_cache"":0,""fpm_listen_queue"":""0"",""fpm_listen_queue_length"":""128"",""fpm_total_processes"":""7"",""fpm_active_processes"":""6""}"
1477328413,"{""mysql_table_scans_pct"":0.21312978940517,""mysql_deadlocks"":""0"",""mysql_wait_locks"":""0"",""mysql_current_locks"":""0"",""mysql_total_locks"":""28"",""mysql_lock_time_avg"":""6226"",""mysql_lock_time_max"":""16101"",""mysql_select_scans"":""19480"",""mysql_sort_scans"":""42015"",""mysql_join_scans"":""401"",""sys_load_avg"":6.91,""sys_memory_used"":2698.26953125,""sys_memory_used_buffers"":237.45703125,""sys_memory_used_cache"":1141.69921875,""sys_memory_swap_used"":0,""sys_memory_swap_used_cache"":0,""fpm_listen_queue"":""0"",""fpm_listen_queue_length"":""128"",""fpm_total_processes"":""5"",""fpm_active_processes"":""5""}"
1477328418,"{""mysql_table_scans_pct"":0.21312220767755,""mysql_deadlocks"":""0"",""mysql_wait_locks"":""0"",""mysql_current_locks"":""0"",""mysql_total_locks"":""28"",""mysql_lock_time_avg"":""6226"",""mysql_lock_time_max"":""16101"",""mysql_select_scans"":""19531"",""mysql_sort_scans"":""42152"",""mysql_join_scans"":""406"",""sys_load_avg"":6.36,""sys_memory_used"":2702.3671875,""sys_memory_used_buffers"":238.0078125,""sys_memory_used_cache"":1142.2265625,""sys_memory_swap_used"":0,""sys_memory_swap_used_cache"":0,""fpm_listen_queue"":""0"",""fpm_listen_queue_length"":""128"",""fpm_total_processes"":""5"",""fpm_active_processes"":""2""}"
1477328423,"{""mysql_table_scans_pct"":0.21281263806716,""mysql_deadlocks"":""0"",""mysql_wait_locks"":""0"",""mysql_current_locks"":""1182"",""mysql_total_locks"":""28"",""mysql_lock_time_avg"":""6226"",""mysql_lock_time_max"":""16101"",""mysql_select_scans"":""19558"",""mysql_sort_scans"":""42230"",""mysql_join_scans"":""407"",""sys_load_avg"":5.85,""sys_memory_used"":2703.42578125,""sys_memory_used_buffers"":238.1875,""sys_memory_used_cache"":1143.0078125,""sys_memory_swap_used"":0,""sys_memory_swap_used_cache"":0,""fpm_listen_queue"":""0"",""fpm_listen_queue_length"":""128"",""fpm_total_processes"":""3"",""fpm_active_processes"":""1""}"
1477328428,"{""mysql_table_scans_pct"":0.21241950013006,""mysql_deadlocks"":""0"",""mysql_wait_locks"":""0"",""mysql_current_locks"":""1129"",""mysql_total_locks"":""28"",""mysql_lock_time_avg"":""6226"",""mysql_lock_time_max"":""16101"",""mysql_select_scans"":""19599"",""mysql_sort_scans"":""42278"",""mysql_join_scans"":""410"",""sys_load_avg"":5.62,""sys_memory_used"":2707.15625,""sys_memory_used_buffers"":238.21484375,""sys_memory_used_cache"":1144.73046875,""sys_memory_swap_used"":0,""sys_memory_swap_used_cache"":0,""fpm_listen_queue"":""0"",""fpm_listen_queue_length"":""128"",""fpm_total_processes"":""3"",""fpm_active_processes"":""1""}"
1477328433,"{""mysql_table_scans_pct"":0.21249628685894,""mysql_deadlocks"":""0"",""mysql_wait_locks"":""0"",""mysql_current_locks"":""248"",""mysql_total_locks"":""28"",""mysql_lock_time_avg"":""6226"",""mysql_lock_time_max"":""16101"",""mysql_select_scans"":""19612"",""mysql_sort_scans"":""42278"",""mysql_join_scans"":""411"",""sys_load_avg"":5.25,""sys_memory_used"":2694.96484375,""sys_memory_used_buffers"":238.24609375,""sys_memory_used_cache"":1145.703125,""sys_memory_swap_used"":0,""sys_memory_swap_used_cache"":0,""fpm_listen_queue"":""0"",""fpm_listen_queue_length"":""128"",""fpm_total_processes"":""3"",""fpm_active_processes"":""1""}"
1477328438,"{""mysql_table_scans_pct"":0.21167273850259,""mysql_deadlocks"":""0"",""mysql_wait_locks"":""0"",""mysql_current_locks"":""81"",""mysql_total_locks"":""28"",""mysql_lock_time_avg"":""6226"",""mysql_lock_time_max"":""16101"",""mysql_select_scans"":""19624"",""mysql_sort_scans"":""42283"",""mysql_join_scans"":""416"",""sys_load_avg"":4.91,""sys_memory_used"":2679.58984375,""sys_memory_used_buffers"":238.29296875,""sys_memory_used_cache"":1146.30859375,""sys_memory_swap_used"":0,""sys_memory_swap_used_cache"":0,""fpm_listen_queue"":""0"",""fpm_listen_queue_length"":""128"",""fpm_total_processes"":""3"",""fpm_active_processes"":""1""}"
