"Category Products Index",1475342239,1475342242
"Product Categories Index",1475342243,1475342246
"Stock Index",1475342247,1475342257
"Product Prices Index",1475342258,1475342338
"Layered Navigation Index",1475342339,1475342490
"Product Flat Index",1475342491,1475342514
"Category Products Index",1475342577,1475342582
"Product Categories Index",1475342583,1475342586
"Stock Index",1475342587,1475342597
"Product Prices Index",1475342598,1475342678
"Layered Navigation Index",1475342679,1475342813
"Product Flat Index",1475342814,1475342829
