1471598766,"{""mysql_table_scans_pct"":0.13095823011473,""mysql_deadlocks"":""0"",""mysql_wait_locks"":""2"",""mysql_current_locks"":""1993"",""mysql_total_locks"":""2"",""mysql_lock_time_avg"":""0"",""mysql_lock_time_max"":""0"",""mysql_select_scans"":""371"",""mysql_sort_scans"":""889"",""mysql_join_scans"":""27"",""sys_load_avg"":2.23,""sys_memory_used"":1299.171875,""sys_memory_used_buffers"":58.37890625,""sys_memory_used_cache"":404.5546875,""sys_memory_swap_used"":0,""sys_memory_swap_used_cache"":0,""fpm_listen_queue"":""2"",""fpm_listen_queue_length"":""128"",""fpm_total_processes"":""8"",""fpm_active_processes"":""8""}"
1471598771,"{""mysql_table_scans_pct"":0.1319680337324,""mysql_deadlocks"":""0"",""mysql_wait_locks"":""1"",""mysql_current_locks"":""646"",""mysql_total_locks"":""3"",""mysql_lock_time_avg"":""3659"",""mysql_lock_time_max"":""6891"",""mysql_select_scans"":""529"",""mysql_sort_scans"":""1168"",""mysql_join_scans"":""44"",""sys_load_avg"":2.37,""sys_memory_used"":1372.99609375,""sys_memory_used_buffers"":61.55859375,""sys_memory_used_cache"":423.41796875,""sys_memory_swap_used"":0,""sys_memory_swap_used_cache"":0,""fpm_listen_queue"":""1"",""fpm_listen_queue_length"":""128"",""fpm_total_processes"":""11"",""fpm_active_processes"":""7""}"
1471598776,"{""mysql_table_scans_pct"":0.11945961495374,""mysql_deadlocks"":""0"",""mysql_wait_locks"":""1"",""mysql_current_locks"":""2088"",""mysql_total_locks"":""5"",""mysql_lock_time_avg"":""2366"",""mysql_lock_time_max"":""6891"",""mysql_select_scans"":""730"",""mysql_sort_scans"":""1587"",""mysql_join_scans"":""67"",""sys_load_avg"":3.22,""sys_memory_used"":1426.3359375,""sys_memory_used_buffers"":65.19140625,""sys_memory_used_cache"":435.4921875,""sys_memory_swap_used"":0,""sys_memory_swap_used_cache"":0,""fpm_listen_queue"":""0"",""fpm_listen_queue_length"":""128"",""fpm_total_processes"":""14"",""fpm_active_processes"":""13""}"
1471598781,"{""mysql_table_scans_pct"":0.11996914830037,""mysql_deadlocks"":""0"",""mysql_wait_locks"":""0"",""mysql_current_locks"":""87"",""mysql_total_locks"":""5"",""mysql_lock_time_avg"":""2925"",""mysql_lock_time_max"":""6891"",""mysql_select_scans"":""865"",""mysql_sort_scans"":""1922"",""mysql_join_scans"":""87"",""sys_load_avg"":3.85,""sys_memory_used"":1450.82421875,""sys_memory_used_buffers"":68.14453125,""sys_memory_used_cache"":450.1171875,""sys_memory_swap_used"":0,""sys_memory_swap_used_cache"":0,""fpm_listen_queue"":""7"",""fpm_listen_queue_length"":""128"",""fpm_total_processes"":""13"",""fpm_active_processes"":""4""}"
1471598787,"{""mysql_table_scans_pct"":0.11925520689781,""mysql_deadlocks"":""0"",""mysql_wait_locks"":""0"",""mysql_current_locks"":""185"",""mysql_total_locks"":""5"",""mysql_lock_time_avg"":""2925"",""mysql_lock_time_max"":""6891"",""mysql_select_scans"":""957"",""mysql_sort_scans"":""2154"",""mysql_join_scans"":""97"",""sys_load_avg"":3.94,""sys_memory_used"":1447.60546875,""sys_memory_used_buffers"":69.76953125,""sys_memory_used_cache"":462.6796875,""sys_memory_swap_used"":0,""sys_memory_swap_used_cache"":0,""fpm_listen_queue"":""0"",""fpm_listen_queue_length"":""128"",""fpm_total_processes"":""13"",""fpm_active_processes"":""10""}"
1471598792,"{""mysql_table_scans_pct"":0.11967504981693,""mysql_deadlocks"":""0"",""mysql_wait_locks"":""0"",""mysql_current_locks"":""281"",""mysql_total_locks"":""5"",""mysql_lock_time_avg"":""2925"",""mysql_lock_time_max"":""6891"",""mysql_select_scans"":""1069"",""mysql_sort_scans"":""2407"",""mysql_join_scans"":""123"",""sys_load_avg"":4.5,""sys_memory_used"":1457.51171875,""sys_memory_used_buffers"":71.4296875,""sys_memory_used_cache"":475.39453125,""sys_memory_swap_used"":0,""sys_memory_swap_used_cache"":0,""fpm_listen_queue"":""0"",""fpm_listen_queue_length"":""128"",""fpm_total_processes"":""11"",""fpm_active_processes"":""7""}"
1471598797,"{""mysql_table_scans_pct"":0.12406179609054,""mysql_deadlocks"":""0"",""mysql_wait_locks"":""0"",""mysql_current_locks"":""420"",""mysql_total_locks"":""5"",""mysql_lock_time_avg"":""2925"",""mysql_lock_time_max"":""6891"",""mysql_select_scans"":""1195"",""mysql_sort_scans"":""2655"",""mysql_join_scans"":""147"",""sys_load_avg"":4.54,""sys_memory_used"":1477.9375,""sys_memory_used_buffers"":73.0390625,""sys_memory_used_cache"":490.3671875,""sys_memory_swap_used"":0,""sys_memory_swap_used_cache"":0,""fpm_listen_queue"":""0"",""fpm_listen_queue_length"":""128"",""fpm_total_processes"":""11"",""fpm_active_processes"":""11""}"
1471598802,"{""mysql_table_scans_pct"":0.12769723877677,""mysql_deadlocks"":""0"",""mysql_wait_locks"":""0"",""mysql_current_locks"":""558"",""mysql_total_locks"":""5"",""mysql_lock_time_avg"":""2925"",""mysql_lock_time_max"":""6891"",""mysql_select_scans"":""1312"",""mysql_sort_scans"":""2883"",""mysql_join_scans"":""167"",""sys_load_avg"":5.3,""sys_memory_used"":1500.5078125,""sys_memory_used_buffers"":74.734375,""sys_memory_used_cache"":505.46484375,""sys_memory_swap_used"":0,""sys_memory_swap_used_cache"":0,""fpm_listen_queue"":""0"",""fpm_listen_queue_length"":""128"",""fpm_total_processes"":""10"",""fpm_active_processes"":""10""}"
1471598807,"{""mysql_table_scans_pct"":0.14307124659756,""mysql_deadlocks"":""0"",""mysql_wait_locks"":""1"",""mysql_current_locks"":""973"",""mysql_total_locks"":""6"",""mysql_lock_time_avg"":""2438"",""mysql_lock_time_max"":""6891"",""mysql_select_scans"":""1424"",""mysql_sort_scans"":""3097"",""mysql_join_scans"":""189"",""sys_load_avg"":5.04,""sys_memory_used"":1533.05859375,""sys_memory_used_buffers"":76.19921875,""sys_memory_used_cache"":519.77734375,""sys_memory_swap_used"":0,""sys_memory_swap_used_cache"":0,""fpm_listen_queue"":""0"",""fpm_listen_queue_length"":""128"",""fpm_total_processes"":""12"",""fpm_active_processes"":""4""}"
1471598812,"{""mysql_table_scans_pct"":0.13077193802046,""mysql_deadlocks"":""0"",""mysql_wait_locks"":""3"",""mysql_current_locks"":""3574"",""mysql_total_locks"":""8"",""mysql_lock_time_avg"":""1828"",""mysql_lock_time_max"":""6891"",""mysql_select_scans"":""1607"",""mysql_sort_scans"":""3376"",""mysql_join_scans"":""209"",""sys_load_avg"":5.11,""sys_memory_used"":1549.47265625,""sys_memory_used_buffers"":77.6171875,""sys_memory_used_cache"":531.140625,""sys_memory_swap_used"":0,""sys_memory_swap_used_cache"":0,""fpm_listen_queue"":""0"",""fpm_listen_queue_length"":""128"",""fpm_total_processes"":""12"",""fpm_active_processes"":""11""}"
1471598817,"{""mysql_table_scans_pct"":0.12069630237904,""mysql_deadlocks"":""0"",""mysql_wait_locks"":""3"",""mysql_current_locks"":""4497"",""mysql_total_locks"":""8"",""mysql_lock_time_avg"":""1828"",""mysql_lock_time_max"":""6891"",""mysql_select_scans"":""1796"",""mysql_sort_scans"":""3672"",""mysql_join_scans"":""226"",""sys_load_avg"":5.42,""sys_memory_used"":1559.48828125,""sys_memory_used_buffers"":78.48828125,""sys_memory_used_cache"":542.0625,""sys_memory_swap_used"":0,""sys_memory_swap_used_cache"":0,""fpm_listen_queue"":""0"",""fpm_listen_queue_length"":""128"",""fpm_total_processes"":""10"",""fpm_active_processes"":""10""}"
1471598822,"{""mysql_table_scans_pct"":0.1248481920363,""mysql_deadlocks"":""0"",""mysql_wait_locks"":""5"",""mysql_current_locks"":""5329"",""mysql_total_locks"":""10"",""mysql_lock_time_avg"":""1462"",""mysql_lock_time_max"":""6891"",""mysql_select_scans"":""1942"",""mysql_sort_scans"":""3872"",""mysql_join_scans"":""237"",""sys_load_avg"":5.47,""sys_memory_used"":1606.33984375,""sys_memory_used_buffers"":79.16796875,""sys_memory_used_cache"":557.4765625,""sys_memory_swap_used"":0,""sys_memory_swap_used_cache"":0,""fpm_listen_queue"":""4"",""fpm_listen_queue_length"":""128"",""fpm_total_processes"":""12"",""fpm_active_processes"":""12""}"
1471598828,"{""mysql_table_scans_pct"":0.12801765873657,""mysql_deadlocks"":""0"",""mysql_wait_locks"":""10"",""mysql_current_locks"":""6520"",""mysql_total_locks"":""15"",""mysql_lock_time_avg"":""975"",""mysql_lock_time_max"":""6891"",""mysql_select_scans"":""2072"",""mysql_sort_scans"":""4031"",""mysql_join_scans"":""250"",""sys_load_avg"":5.11,""sys_memory_used"":1633.140625,""sys_memory_used_buffers"":79.65234375,""sys_memory_used_cache"":559.953125,""sys_memory_swap_used"":0,""sys_memory_swap_used_cache"":0,""fpm_listen_queue"":""0"",""fpm_listen_queue_length"":""128"",""fpm_total_processes"":""14"",""fpm_active_processes"":""14""}"
1471598833,"{""mysql_table_scans_pct"":0.11343865318357,""mysql_deadlocks"":""0"",""mysql_wait_locks"":""13"",""mysql_current_locks"":""7163"",""mysql_total_locks"":""18"",""mysql_lock_time_avg"":""812"",""mysql_lock_time_max"":""6891"",""mysql_select_scans"":""2195"",""mysql_sort_scans"":""4170"",""mysql_join_scans"":""260"",""sys_load_avg"":5.18,""sys_memory_used"":1694.2578125,""sys_memory_used_buffers"":80.109375,""sys_memory_used_cache"":561.96875,""sys_memory_swap_used"":0,""sys_memory_swap_used_cache"":0,""fpm_listen_queue"":""0"",""fpm_listen_queue_length"":""128"",""fpm_total_processes"":""17"",""fpm_active_processes"":""16""}"
1471598838,"{""mysql_table_scans_pct"":0.12437860725477,""mysql_deadlocks"":""0"",""mysql_wait_locks"":""14"",""mysql_current_locks"":""8090"",""mysql_total_locks"":""19"",""mysql_lock_time_avg"":""769"",""mysql_lock_time_max"":""6891"",""mysql_select_scans"":""2272"",""mysql_sort_scans"":""4292"",""mysql_join_scans"":""267"",""sys_load_avg"":4.61,""sys_memory_used"":1742.2578125,""sys_memory_used_buffers"":81.16015625,""sys_memory_used_cache"":566.8671875,""sys_memory_swap_used"":0,""sys_memory_swap_used_cache"":0,""fpm_listen_queue"":""0"",""fpm_listen_queue_length"":""128"",""fpm_total_processes"":""18"",""fpm_active_processes"":""17""}"
1471598843,"{""mysql_table_scans_pct"":0.15963112795809,""mysql_deadlocks"":""0"",""mysql_wait_locks"":""15"",""mysql_current_locks"":""17552"",""mysql_total_locks"":""20"",""mysql_lock_time_avg"":""731"",""mysql_lock_time_max"":""6891"",""mysql_select_scans"":""2336"",""mysql_sort_scans"":""4362"",""mysql_join_scans"":""269"",""sys_load_avg"":4.64,""sys_memory_used"":1757.328125,""sys_memory_used_buffers"":81.56640625,""sys_memory_used_cache"":572.40625,""sys_memory_swap_used"":0,""sys_memory_swap_used_cache"":0,""fpm_listen_queue"":""0"",""fpm_listen_queue_length"":""128"",""fpm_total_processes"":""19"",""fpm_active_processes"":""18""}"
1471598848,"{""mysql_table_scans_pct"":0.18643223827578,""mysql_deadlocks"":""0"",""mysql_wait_locks"":""2"",""mysql_current_locks"":""19295"",""mysql_total_locks"":""22"",""mysql_lock_time_avg"":""14771"",""mysql_lock_time_max"":""37564"",""mysql_select_scans"":""2482"",""mysql_sort_scans"":""4559"",""mysql_join_scans"":""279"",""sys_load_avg"":5.07,""sys_memory_used"":1709.22265625,""sys_memory_used_buffers"":82.83203125,""sys_memory_used_cache"":576.01171875,""sys_memory_swap_used"":0,""sys_memory_swap_used_cache"":0,""fpm_listen_queue"":""0"",""fpm_listen_queue_length"":""128"",""fpm_total_processes"":""16"",""fpm_active_processes"":""12""}"
1471598853,"{""mysql_table_scans_pct"":0.19108342035227,""mysql_deadlocks"":""0"",""mysql_wait_locks"":""6"",""mysql_current_locks"":""19391"",""mysql_total_locks"":""26"",""mysql_lock_time_avg"":""12498"",""mysql_lock_time_max"":""37564"",""mysql_select_scans"":""2668"",""mysql_sort_scans"":""4771"",""mysql_join_scans"":""301"",""sys_load_avg"":5.14,""sys_memory_used"":1690.59375,""sys_memory_used_buffers"":83.43359375,""sys_memory_used_cache"":579.125,""sys_memory_swap_used"":0,""sys_memory_swap_used_cache"":0,""fpm_listen_queue"":""0"",""fpm_listen_queue_length"":""128"",""fpm_total_processes"":""13"",""fpm_active_processes"":""12""}"
1471598858,"{""mysql_table_scans_pct"":0.19243689683755,""mysql_deadlocks"":""0"",""mysql_wait_locks"":""13"",""mysql_current_locks"":""19516"",""mysql_total_locks"":""33"",""mysql_lock_time_avg"":""9847"",""mysql_lock_time_max"":""37564"",""mysql_select_scans"":""2786"",""mysql_sort_scans"":""4917"",""mysql_join_scans"":""313"",""sys_load_avg"":4.81,""sys_memory_used"":1749.51171875,""sys_memory_used_buffers"":84.109375,""sys_memory_used_cache"":581.16796875,""sys_memory_swap_used"":0,""sys_memory_swap_used_cache"":0,""fpm_listen_queue"":""0"",""fpm_listen_queue_length"":""128"",""fpm_total_processes"":""16"",""fpm_active_processes"":""15""}"
1471598864,"{""mysql_table_scans_pct"":0.19376348297084,""mysql_deadlocks"":""0"",""mysql_wait_locks"":""14"",""mysql_current_locks"":""19625"",""mysql_total_locks"":""34"",""mysql_lock_time_avg"":""9557"",""mysql_lock_time_max"":""37564"",""mysql_select_scans"":""2880"",""mysql_sort_scans"":""5051"",""mysql_join_scans"":""319"",""sys_load_avg"":4.67,""sys_memory_used"":1783.62109375,""sys_memory_used_buffers"":84.6484375,""sys_memory_used_cache"":582.453125,""sys_memory_swap_used"":0,""sys_memory_swap_used_cache"":0,""fpm_listen_queue"":""0"",""fpm_listen_queue_length"":""128"",""fpm_total_processes"":""20"",""fpm_active_processes"":""16""}"
1471598869,"{""mysql_table_scans_pct"":0.19521487221111,""mysql_deadlocks"":""0"",""mysql_wait_locks"":""16"",""mysql_current_locks"":""19739"",""mysql_total_locks"":""36"",""mysql_lock_time_avg"":""9026"",""mysql_lock_time_max"":""37564"",""mysql_select_scans"":""2941"",""mysql_sort_scans"":""5119"",""mysql_join_scans"":""325"",""sys_load_avg"":4.45,""sys_memory_used"":1785.2578125,""sys_memory_used_buffers"":84.95703125,""sys_memory_used_cache"":583.8515625,""sys_memory_swap_used"":0,""sys_memory_swap_used_cache"":0,""fpm_listen_queue"":""0"",""fpm_listen_queue_length"":""128"",""fpm_total_processes"":""19"",""fpm_active_processes"":""19""}"
1471598874,"{""mysql_table_scans_pct"":0.19668314020254,""mysql_deadlocks"":""0"",""mysql_wait_locks"":""17"",""mysql_current_locks"":""19858"",""mysql_total_locks"":""37"",""mysql_lock_time_avg"":""8782"",""mysql_lock_time_max"":""37564"",""mysql_select_scans"":""2970"",""mysql_sort_scans"":""5159"",""mysql_join_scans"":""326"",""sys_load_avg"":4.34,""sys_memory_used"":1798.23046875,""sys_memory_used_buffers"":85.20703125,""sys_memory_used_cache"":585.22265625,""sys_memory_swap_used"":0,""sys_memory_swap_used_cache"":0,""fpm_listen_queue"":""0"",""fpm_listen_queue_length"":""128"",""fpm_total_processes"":""20"",""fpm_active_processes"":""18""}"
1471598879,"{""mysql_table_scans_pct"":0.19941312892952,""mysql_deadlocks"":""0"",""mysql_wait_locks"":""18"",""mysql_current_locks"":""19907"",""mysql_total_locks"":""38"",""mysql_lock_time_avg"":""8551"",""mysql_lock_time_max"":""37564"",""mysql_select_scans"":""2999"",""mysql_sort_scans"":""5193"",""mysql_join_scans"":""329"",""sys_load_avg"":4.23,""sys_memory_used"":1814.04296875,""sys_memory_used_buffers"":85.7265625,""sys_memory_used_cache"":586.75,""sys_memory_swap_used"":0,""sys_memory_swap_used_cache"":0,""fpm_listen_queue"":""0"",""fpm_listen_queue_length"":""128"",""fpm_total_processes"":""21"",""fpm_active_processes"":""19""}"
1471598884,"{""mysql_table_scans_pct"":0.20417700501431,""mysql_deadlocks"":""0"",""mysql_wait_locks"":""19"",""mysql_current_locks"":""19910"",""mysql_total_locks"":""39"",""mysql_lock_time_avg"":""8332"",""mysql_lock_time_max"":""37564"",""mysql_select_scans"":""3032"",""mysql_sort_scans"":""5216"",""mysql_join_scans"":""330"",""sys_load_avg"":4.13,""sys_memory_used"":1826.62890625,""sys_memory_used_buffers"":86.30859375,""sys_memory_used_cache"":591.44140625,""sys_memory_swap_used"":0,""sys_memory_swap_used_cache"":0,""fpm_listen_queue"":""0"",""fpm_listen_queue_length"":""128"",""fpm_total_processes"":""21"",""fpm_active_processes"":""21""}"
1471598889,"{""mysql_table_scans_pct"":0.20437170442634,""mysql_deadlocks"":""0"",""mysql_wait_locks"":""0"",""mysql_current_locks"":""602"",""mysql_total_locks"":""57"",""mysql_lock_time_avg"":""14232"",""mysql_lock_time_max"":""39492"",""mysql_select_scans"":""3139"",""mysql_sort_scans"":""5362"",""mysql_join_scans"":""360"",""sys_load_avg"":5.4,""sys_memory_used"":1762.703125,""sys_memory_used_buffers"":86.92578125,""sys_memory_used_cache"":594.2109375,""sys_memory_swap_used"":0,""sys_memory_swap_used_cache"":0,""fpm_listen_queue"":""0"",""fpm_listen_queue_length"":""128"",""fpm_total_processes"":""17"",""fpm_active_processes"":""13""}"
1471598894,"{""mysql_table_scans_pct"":0.19984884268302,""mysql_deadlocks"":""0"",""mysql_wait_locks"":""1"",""mysql_current_locks"":""1948"",""mysql_total_locks"":""58"",""mysql_lock_time_avg"":""13987"",""mysql_lock_time_max"":""39492"",""mysql_select_scans"":""3297"",""mysql_sort_scans"":""5597"",""mysql_join_scans"":""378"",""sys_load_avg"":6.25,""sys_memory_used"":1744.91015625,""sys_memory_used_buffers"":87.81640625,""sys_memory_used_cache"":597.2265625,""sys_memory_swap_used"":0,""sys_memory_swap_used_cache"":0,""fpm_listen_queue"":""0"",""fpm_listen_queue_length"":""128"",""fpm_total_processes"":""14"",""fpm_active_processes"":""10""}"
1471598899,"{""mysql_table_scans_pct"":0.19965382212381,""mysql_deadlocks"":""0"",""mysql_wait_locks"":""5"",""mysql_current_locks"":""2094"",""mysql_total_locks"":""62"",""mysql_lock_time_avg"":""13084"",""mysql_lock_time_max"":""39492"",""mysql_select_scans"":""3435"",""mysql_sort_scans"":""5811"",""mysql_join_scans"":""399"",""sys_load_avg"":6.39,""sys_memory_used"":1764.0390625,""sys_memory_used_buffers"":88.5546875,""sys_memory_used_cache"":600.18359375,""sys_memory_swap_used"":0,""sys_memory_swap_used_cache"":0,""fpm_listen_queue"":""0"",""fpm_listen_queue_length"":""128"",""fpm_total_processes"":""14"",""fpm_active_processes"":""14""}"
1471598904,"{""mysql_table_scans_pct"":0.20076417331166,""mysql_deadlocks"":""0"",""mysql_wait_locks"":""0"",""mysql_current_locks"":""58"",""mysql_total_locks"":""68"",""mysql_lock_time_avg"":""12267"",""mysql_lock_time_max"":""39492"",""mysql_select_scans"":""3538"",""mysql_sort_scans"":""5984"",""mysql_join_scans"":""426"",""sys_load_avg"":6.92,""sys_memory_used"":1763.109375,""sys_memory_used_buffers"":89.1953125,""sys_memory_used_cache"":604.91796875,""sys_memory_swap_used"":0,""sys_memory_swap_used_cache"":0,""fpm_listen_queue"":""0"",""fpm_listen_queue_length"":""128"",""fpm_total_processes"":""13"",""fpm_active_processes"":""9""}"
1471598909,"{""mysql_table_scans_pct"":0.20159646600256,""mysql_deadlocks"":""0"",""mysql_wait_locks"":""0"",""mysql_current_locks"":""104"",""mysql_total_locks"":""68"",""mysql_lock_time_avg"":""12267"",""mysql_lock_time_max"":""39492"",""mysql_select_scans"":""3627"",""mysql_sort_scans"":""6142"",""mysql_join_scans"":""442"",""sys_load_avg"":7.33,""sys_memory_used"":1788.1484375,""sys_memory_used_buffers"":90.33203125,""sys_memory_used_cache"":608.46875,""sys_memory_swap_used"":0,""sys_memory_swap_used_cache"":0,""fpm_listen_queue"":""0"",""fpm_listen_queue_length"":""128"",""fpm_total_processes"":""11"",""fpm_active_processes"":""9""}"
1471598915,"{""mysql_table_scans_pct"":0.20237878375618,""mysql_deadlocks"":""0"",""mysql_wait_locks"":""0"",""mysql_current_locks"":""151"",""mysql_total_locks"":""68"",""mysql_lock_time_avg"":""12267"",""mysql_lock_time_max"":""39492"",""mysql_select_scans"":""3725"",""mysql_sort_scans"":""6324"",""mysql_join_scans"":""467"",""sys_load_avg"":7.7,""sys_memory_used"":1743.1875,""sys_memory_used_buffers"":91.3125,""sys_memory_used_cache"":611.46875,""sys_memory_swap_used"":0,""sys_memory_swap_used_cache"":0,""fpm_listen_queue"":""6"",""fpm_listen_queue_length"":""128"",""fpm_total_processes"":""11"",""fpm_active_processes"":""5""}"
1471598920,"{""mysql_table_scans_pct"":0.20321475109142,""mysql_deadlocks"":""0"",""mysql_wait_locks"":""0"",""mysql_current_locks"":""200"",""mysql_total_locks"":""68"",""mysql_lock_time_avg"":""12267"",""mysql_lock_time_max"":""39492"",""mysql_select_scans"":""3821"",""mysql_sort_scans"":""6502"",""mysql_join_scans"":""489"",""sys_load_avg"":8.12,""sys_memory_used"":1772.484375,""sys_memory_used_buffers"":92.140625,""sys_memory_used_cache"":614.9453125,""sys_memory_swap_used"":0,""sys_memory_swap_used_cache"":0,""fpm_listen_queue"":""0"",""fpm_listen_queue_length"":""128"",""fpm_total_processes"":""13"",""fpm_active_processes"":""10""}"
1471598925,"{""mysql_table_scans_pct"":0.20413984956932,""mysql_deadlocks"":""0"",""mysql_wait_locks"":""0"",""mysql_current_locks"":""256"",""mysql_total_locks"":""68"",""mysql_lock_time_avg"":""12267"",""mysql_lock_time_max"":""39492"",""mysql_select_scans"":""3924"",""mysql_sort_scans"":""6688"",""mysql_join_scans"":""513"",""sys_load_avg"":7.79,""sys_memory_used"":1756.91796875,""sys_memory_used_buffers"":92.76953125,""sys_memory_used_cache"":619.07421875,""sys_memory_swap_used"":0,""sys_memory_swap_used_cache"":0,""fpm_listen_queue"":""0"",""fpm_listen_queue_length"":""128"",""fpm_total_processes"":""11"",""fpm_active_processes"":""11""}"
1471598930,"{""mysql_table_scans_pct"":0.20512379331001,""mysql_deadlocks"":""0"",""mysql_wait_locks"":""0"",""mysql_current_locks"":""315"",""mysql_total_locks"":""68"",""mysql_lock_time_avg"":""12267"",""mysql_lock_time_max"":""39492"",""mysql_select_scans"":""4037"",""mysql_sort_scans"":""6904"",""mysql_join_scans"":""539"",""sys_load_avg"":7.49,""sys_memory_used"":1747.76953125,""sys_memory_used_buffers"":93.421875,""sys_memory_used_cache"":622.48828125,""sys_memory_swap_used"":0,""sys_memory_swap_used_cache"":0,""fpm_listen_queue"":""0"",""fpm_listen_queue_length"":""128"",""fpm_total_processes"":""10"",""fpm_active_processes"":""9""}"
1471598935,"{""mysql_table_scans_pct"":0.20608297519715,""mysql_deadlocks"":""0"",""mysql_wait_locks"":""0"",""mysql_current_locks"":""392"",""mysql_total_locks"":""68"",""mysql_lock_time_avg"":""12267"",""mysql_lock_time_max"":""39492"",""mysql_select_scans"":""4141"",""mysql_sort_scans"":""7090"",""mysql_join_scans"":""561"",""sys_load_avg"":7.85,""sys_memory_used"":1778.69140625,""sys_memory_used_buffers"":93.96875,""sys_memory_used_cache"":626.33203125,""sys_memory_swap_used"":0,""sys_memory_swap_used_cache"":0,""fpm_listen_queue"":""1"",""fpm_listen_queue_length"":""128"",""fpm_total_processes"":""11"",""fpm_active_processes"":""7""}"
1471598940,"{""mysql_table_scans_pct"":0.20696993131402,""mysql_deadlocks"":""0"",""mysql_wait_locks"":""0"",""mysql_current_locks"":""493"",""mysql_total_locks"":""68"",""mysql_lock_time_avg"":""12267"",""mysql_lock_time_max"":""39492"",""mysql_select_scans"":""4232"",""mysql_sort_scans"":""7246"",""mysql_join_scans"":""580"",""sys_load_avg"":8.26,""sys_memory_used"":1769.40625,""sys_memory_used_buffers"":94.55859375,""sys_memory_used_cache"":629.82421875,""sys_memory_swap_used"":0,""sys_memory_swap_used_cache"":0,""fpm_listen_queue"":""0"",""fpm_listen_queue_length"":""128"",""fpm_total_processes"":""11"",""fpm_active_processes"":""7""}"
1471598945,"{""mysql_table_scans_pct"":0.20782519936198,""mysql_deadlocks"":""0"",""mysql_wait_locks"":""0"",""mysql_current_locks"":""568"",""mysql_total_locks"":""68"",""mysql_lock_time_avg"":""12267"",""mysql_lock_time_max"":""39492"",""mysql_select_scans"":""4325"",""mysql_sort_scans"":""7403"",""mysql_join_scans"":""603"",""sys_load_avg"":8.56,""sys_memory_used"":1784.28125,""sys_memory_used_buffers"":95.11328125,""sys_memory_used_cache"":633.65625,""sys_memory_swap_used"":0,""sys_memory_swap_used_cache"":0,""fpm_listen_queue"":""1"",""fpm_listen_queue_length"":""128"",""fpm_total_processes"":""10"",""fpm_active_processes"":""6""}"
1471598950,"{""mysql_table_scans_pct"":0.20874944504664,""mysql_deadlocks"":""0"",""mysql_wait_locks"":""0"",""mysql_current_locks"":""667"",""mysql_total_locks"":""68"",""mysql_lock_time_avg"":""12267"",""mysql_lock_time_max"":""39492"",""mysql_select_scans"":""4400"",""mysql_sort_scans"":""7520"",""mysql_join_scans"":""622"",""sys_load_avg"":8.84,""sys_memory_used"":1779.68359375,""sys_memory_used_buffers"":95.94921875,""sys_memory_used_cache"":637.3671875,""sys_memory_swap_used"":0,""sys_memory_swap_used_cache"":0,""fpm_listen_queue"":""2"",""fpm_listen_queue_length"":""128"",""fpm_total_processes"":""9"",""fpm_active_processes"":""9""}"
1471598955,"{""mysql_table_scans_pct"":0.2097313541787,""mysql_deadlocks"":""0"",""mysql_wait_locks"":""0"",""mysql_current_locks"":""758"",""mysql_total_locks"":""68"",""mysql_lock_time_avg"":""12267"",""mysql_lock_time_max"":""39492"",""mysql_select_scans"":""4484"",""mysql_sort_scans"":""7662"",""mysql_join_scans"":""638"",""sys_load_avg"":9.01,""sys_memory_used"":1780.73828125,""sys_memory_used_buffers"":96.42578125,""sys_memory_used_cache"":641.3828125,""sys_memory_swap_used"":0,""sys_memory_swap_used_cache"":0,""fpm_listen_queue"":""0"",""fpm_listen_queue_length"":""128"",""fpm_total_processes"":""9"",""fpm_active_processes"":""9""}"
1471598961,"{""mysql_table_scans_pct"":0.21080671321208,""mysql_deadlocks"":""0"",""mysql_wait_locks"":""0"",""mysql_current_locks"":""868"",""mysql_total_locks"":""68"",""mysql_lock_time_avg"":""12267"",""mysql_lock_time_max"":""39492"",""mysql_select_scans"":""4582"",""mysql_sort_scans"":""7839"",""mysql_join_scans"":""662"",""sys_load_avg"":8.77,""sys_memory_used"":1811.4921875,""sys_memory_used_buffers"":98.0625,""sys_memory_used_cache"":645.421875,""sys_memory_swap_used"":0,""sys_memory_swap_used_cache"":0,""fpm_listen_queue"":""0"",""fpm_listen_queue_length"":""128"",""fpm_total_processes"":""11"",""fpm_active_processes"":""10""}"
1471598967,"{""mysql_table_scans_pct"":0.21199613672588,""mysql_deadlocks"":""0"",""mysql_wait_locks"":""0"",""mysql_current_locks"":""987"",""mysql_total_locks"":""68"",""mysql_lock_time_avg"":""12267"",""mysql_lock_time_max"":""39492"",""mysql_select_scans"":""4669"",""mysql_sort_scans"":""7990"",""mysql_join_scans"":""688"",""sys_load_avg"":9.03,""sys_memory_used"":1824.70703125,""sys_memory_used_buffers"":98.57421875,""sys_memory_used_cache"":649.27734375,""sys_memory_swap_used"":0,""sys_memory_swap_used_cache"":0,""fpm_listen_queue"":""2"",""fpm_listen_queue_length"":""128"",""fpm_total_processes"":""10"",""fpm_active_processes"":""10""}"
1471598972,"{""mysql_table_scans_pct"":0.2130273458757,""mysql_deadlocks"":""0"",""mysql_wait_locks"":""0"",""mysql_current_locks"":""1086"",""mysql_total_locks"":""68"",""mysql_lock_time_avg"":""12267"",""mysql_lock_time_max"":""39492"",""mysql_select_scans"":""4770"",""mysql_sort_scans"":""8163"",""mysql_join_scans"":""709"",""sys_load_avg"":9.35,""sys_memory_used"":1844.08203125,""sys_memory_used_buffers"":99.33984375,""sys_memory_used_cache"":653.18359375,""sys_memory_swap_used"":0,""sys_memory_swap_used_cache"":0,""fpm_listen_queue"":""0"",""fpm_listen_queue_length"":""128"",""fpm_total_processes"":""12"",""fpm_active_processes"":""11""}"
1471598977,"{""mysql_table_scans_pct"":0.2141950896489,""mysql_deadlocks"":""0"",""mysql_wait_locks"":""0"",""mysql_current_locks"":""1192"",""mysql_total_locks"":""68"",""mysql_lock_time_avg"":""12267"",""mysql_lock_time_max"":""39492"",""mysql_select_scans"":""4868"",""mysql_sort_scans"":""8340"",""mysql_join_scans"":""728"",""sys_load_avg"":8.84,""sys_memory_used"":1815.6875,""sys_memory_used_buffers"":100.03125,""sys_memory_used_cache"":657.31640625,""sys_memory_swap_used"":0,""sys_memory_swap_used_cache"":0,""fpm_listen_queue"":""5"",""fpm_listen_queue_length"":""128"",""fpm_total_processes"":""8"",""fpm_active_processes"":""8""}"
1471598982,"{""mysql_table_scans_pct"":0.21533331446157,""mysql_deadlocks"":""0"",""mysql_wait_locks"":""0"",""mysql_current_locks"":""1312"",""mysql_total_locks"":""69"",""mysql_lock_time_avg"":""12089"",""mysql_lock_time_max"":""39492"",""mysql_select_scans"":""4943"",""mysql_sort_scans"":""8464"",""mysql_join_scans"":""751"",""sys_load_avg"":8.69,""sys_memory_used"":1819.74609375,""sys_memory_used_buffers"":100.75390625,""sys_memory_used_cache"":659.05078125,""sys_memory_swap_used"":0,""sys_memory_swap_used_cache"":0,""fpm_listen_queue"":""0"",""fpm_listen_queue_length"":""128"",""fpm_total_processes"":""10"",""fpm_active_processes"":""9""}"
1471598987,"{""mysql_table_scans_pct"":0.21648898484274,""mysql_deadlocks"":""0"",""mysql_wait_locks"":""0"",""mysql_current_locks"":""1434"",""mysql_total_locks"":""69"",""mysql_lock_time_avg"":""12089"",""mysql_lock_time_max"":""39492"",""mysql_select_scans"":""5023"",""mysql_sort_scans"":""8593"",""mysql_join_scans"":""773"",""sys_load_avg"":8.24,""sys_memory_used"":1830.3671875,""sys_memory_used_buffers"":101.20703125,""sys_memory_used_cache"":662.00390625,""sys_memory_swap_used"":0,""sys_memory_swap_used_cache"":0,""fpm_listen_queue"":""5"",""fpm_listen_queue_length"":""128"",""fpm_total_processes"":""8"",""fpm_active_processes"":""7""}"
1471598992,"{""mysql_table_scans_pct"":0.2147052072941,""mysql_deadlocks"":""0"",""mysql_wait_locks"":""0"",""mysql_current_locks"":""2240"",""mysql_total_locks"":""70"",""mysql_lock_time_avg"":""11917"",""mysql_lock_time_max"":""39492"",""mysql_select_scans"":""5121"",""mysql_sort_scans"":""8746"",""mysql_join_scans"":""796"",""sys_load_avg"":8.62,""sys_memory_used"":1843.53125,""sys_memory_used_buffers"":101.7578125,""sys_memory_used_cache"":665.98828125,""sys_memory_swap_used"":0,""sys_memory_swap_used_cache"":0,""fpm_listen_queue"":""1"",""fpm_listen_queue_length"":""128"",""fpm_total_processes"":""9"",""fpm_active_processes"":""9""}"
1471598997,"{""mysql_table_scans_pct"":0.21260758781227,""mysql_deadlocks"":""0"",""mysql_wait_locks"":""1"",""mysql_current_locks"":""3119"",""mysql_total_locks"":""71"",""mysql_lock_time_avg"":""11749"",""mysql_lock_time_max"":""39492"",""mysql_select_scans"":""5278"",""mysql_sort_scans"":""8979"",""mysql_join_scans"":""819"",""sys_load_avg"":8.89,""sys_memory_used"":1860.32421875,""sys_memory_used_buffers"":102.43359375,""sys_memory_used_cache"":669.9609375,""sys_memory_swap_used"":0,""sys_memory_swap_used_cache"":0,""fpm_listen_queue"":""0"",""fpm_listen_queue_length"":""128"",""fpm_total_processes"":""11"",""fpm_active_processes"":""7""}"
1471599003,"{""mysql_table_scans_pct"":0.21368974510209,""mysql_deadlocks"":""0"",""mysql_wait_locks"":""4"",""mysql_current_locks"":""3179"",""mysql_total_locks"":""74"",""mysql_lock_time_avg"":""11273"",""mysql_lock_time_max"":""39492"",""mysql_select_scans"":""5393"",""mysql_sort_scans"":""9144"",""mysql_join_scans"":""838"",""sys_load_avg"":8.58,""sys_memory_used"":1921.1796875,""sys_memory_used_buffers"":102.9765625,""sys_memory_used_cache"":672.76953125,""sys_memory_swap_used"":0,""sys_memory_swap_used_cache"":0,""fpm_listen_queue"":""4"",""fpm_listen_queue_length"":""128"",""fpm_total_processes"":""11"",""fpm_active_processes"":""11""}"
1471599008,"{""mysql_table_scans_pct"":0.21460047155608,""mysql_deadlocks"":""0"",""mysql_wait_locks"":""6"",""mysql_current_locks"":""3231"",""mysql_total_locks"":""77"",""mysql_lock_time_avg"":""10834"",""mysql_lock_time_max"":""39492"",""mysql_select_scans"":""5500"",""mysql_sort_scans"":""9288"",""mysql_join_scans"":""853"",""sys_load_avg"":8.85,""sys_memory_used"":1934.33984375,""sys_memory_used_buffers"":103.62890625,""sys_memory_used_cache"":675.2734375,""sys_memory_swap_used"":0,""sys_memory_swap_used_cache"":0,""fpm_listen_queue"":""0"",""fpm_listen_queue_length"":""128"",""fpm_total_processes"":""13"",""fpm_active_processes"":""13""}"
1471599013,"{""mysql_table_scans_pct"":0.21574546532501,""mysql_deadlocks"":""0"",""mysql_wait_locks"":""7"",""mysql_current_locks"":""3292"",""mysql_total_locks"":""78"",""mysql_lock_time_avg"":""10695"",""mysql_lock_time_max"":""39492"",""mysql_select_scans"":""5628"",""mysql_sort_scans"":""9457"",""mysql_join_scans"":""866"",""sys_load_avg"":8.23,""sys_memory_used"":1923.72265625,""sys_memory_used_buffers"":104.16796875,""sys_memory_used_cache"":678.140625,""sys_memory_swap_used"":0,""sys_memory_swap_used_cache"":0,""fpm_listen_queue"":""0"",""fpm_listen_queue_length"":""128"",""fpm_total_processes"":""13"",""fpm_active_processes"":""12""}"
1471599018,"{""mysql_table_scans_pct"":0.21190009170753,""mysql_deadlocks"":""0"",""mysql_wait_locks"":""8"",""mysql_current_locks"":""3780"",""mysql_total_locks"":""79"",""mysql_lock_time_avg"":""10559"",""mysql_lock_time_max"":""39492"",""mysql_select_scans"":""5746"",""mysql_sort_scans"":""9631"",""mysql_join_scans"":""885"",""sys_load_avg"":8.13,""sys_memory_used"":1960.58984375,""sys_memory_used_buffers"":104.7578125,""sys_memory_used_cache"":680.8984375,""sys_memory_swap_used"":0,""sys_memory_swap_used_cache"":0,""fpm_listen_queue"":""0"",""fpm_listen_queue_length"":""128"",""fpm_total_processes"":""14"",""fpm_active_processes"":""13""}"
1471599023,"{""mysql_table_scans_pct"":0.22166742130976,""mysql_deadlocks"":""0"",""mysql_wait_locks"":""10"",""mysql_current_locks"":""4045"",""mysql_total_locks"":""81"",""mysql_lock_time_avg"":""10299"",""mysql_lock_time_max"":""39492"",""mysql_select_scans"":""5834"",""mysql_sort_scans"":""9758"",""mysql_join_scans"":""898"",""sys_load_avg"":7.72,""sys_memory_used"":1970.59765625,""sys_memory_used_buffers"":105.1484375,""sys_memory_used_cache"":685.81640625,""sys_memory_swap_used"":0,""sys_memory_swap_used_cache"":0,""fpm_listen_queue"":""1"",""fpm_listen_queue_length"":""128"",""fpm_total_processes"":""13"",""fpm_active_processes"":""13""}"
1471599028,"{""mysql_table_scans_pct"":0.22484774906189,""mysql_deadlocks"":""0"",""mysql_wait_locks"":""12"",""mysql_current_locks"":""4049"",""mysql_total_locks"":""83"",""mysql_lock_time_avg"":""10051"",""mysql_lock_time_max"":""39492"",""mysql_select_scans"":""5908"",""mysql_sort_scans"":""9851"",""mysql_join_scans"":""909"",""sys_load_avg"":7.35,""sys_memory_used"":2000.83203125,""sys_memory_used_buffers"":105.5546875,""sys_memory_used_cache"":688.52734375,""sys_memory_swap_used"":0,""sys_memory_swap_used_cache"":0,""fpm_listen_queue"":""1"",""fpm_listen_queue_length"":""128"",""fpm_total_processes"":""15"",""fpm_active_processes"":""14""}"
1471599033,"{""mysql_table_scans_pct"":0.22917134233425,""mysql_deadlocks"":""0"",""mysql_wait_locks"":""15"",""mysql_current_locks"":""4055"",""mysql_total_locks"":""86"",""mysql_lock_time_avg"":""9700"",""mysql_lock_time_max"":""39492"",""mysql_select_scans"":""5963"",""mysql_sort_scans"":""9917"",""mysql_join_scans"":""914"",""sys_load_avg"":7,""sys_memory_used"":2040.47265625,""sys_memory_used_buffers"":106.02734375,""sys_memory_used_cache"":691.9609375,""sys_memory_swap_used"":0,""sys_memory_swap_used_cache"":0,""fpm_listen_queue"":""0"",""fpm_listen_queue_length"":""128"",""fpm_total_processes"":""18"",""fpm_active_processes"":""16""}"
1471599039,"{""mysql_table_scans_pct"":0.22609981911131,""mysql_deadlocks"":""0"",""mysql_wait_locks"":""18"",""mysql_current_locks"":""4996"",""mysql_total_locks"":""89"",""mysql_lock_time_avg"":""9373"",""mysql_lock_time_max"":""39492"",""mysql_select_scans"":""5986"",""mysql_sort_scans"":""9939"",""mysql_join_scans"":""920"",""sys_load_avg"":6.52,""sys_memory_used"":2065.34765625,""sys_memory_used_buffers"":106.62890625,""sys_memory_used_cache"":691.04296875,""sys_memory_swap_used"":0,""sys_memory_swap_used_cache"":0,""fpm_listen_queue"":""0"",""fpm_listen_queue_length"":""128"",""fpm_total_processes"":""20"",""fpm_active_processes"":""20""}"
1471599044,"{""mysql_table_scans_pct"":0.2222172116138,""mysql_deadlocks"":""0"",""mysql_wait_locks"":""18"",""mysql_current_locks"":""6391"",""mysql_total_locks"":""89"",""mysql_lock_time_avg"":""9373"",""mysql_lock_time_max"":""39492"",""mysql_select_scans"":""6011"",""mysql_sort_scans"":""9967"",""mysql_join_scans"":""921"",""sys_load_avg"":6.07,""sys_memory_used"":2066.328125,""sys_memory_used_buffers"":107.03515625,""sys_memory_used_cache"":691.6328125,""sys_memory_swap_used"":0,""sys_memory_swap_used_cache"":0,""fpm_listen_queue"":""0"",""fpm_listen_queue_length"":""128"",""fpm_total_processes"":""20"",""fpm_active_processes"":""19""}"
1471599049,"{""mysql_table_scans_pct"":0.22331928245557,""mysql_deadlocks"":""0"",""mysql_wait_locks"":""16"",""mysql_current_locks"":""6467"",""mysql_total_locks"":""89"",""mysql_lock_time_avg"":""10505"",""mysql_lock_time_max"":""50572"",""mysql_select_scans"":""6034"",""mysql_sort_scans"":""9992"",""mysql_join_scans"":""923"",""sys_load_avg"":5.67,""sys_memory_used"":2063.16796875,""sys_memory_used_buffers"":107.2421875,""sys_memory_used_cache"":692.35546875,""sys_memory_swap_used"":0,""sys_memory_swap_used_cache"":0,""fpm_listen_queue"":""0"",""fpm_listen_queue_length"":""128"",""fpm_total_processes"":""20"",""fpm_active_processes"":""17""}"
1471599054,"{""mysql_table_scans_pct"":0.22427738513234,""mysql_deadlocks"":""0"",""mysql_wait_locks"":""15"",""mysql_current_locks"":""6531"",""mysql_total_locks"":""90"",""mysql_lock_time_avg"":""11525"",""mysql_lock_time_max"":""51369"",""mysql_select_scans"":""6071"",""mysql_sort_scans"":""10038"",""mysql_join_scans"":""927"",""sys_load_avg"":5.21,""sys_memory_used"":2050.5390625,""sys_memory_used_buffers"":107.52734375,""sys_memory_used_cache"":693.03515625,""sys_memory_swap_used"":0,""sys_memory_swap_used_cache"":0,""fpm_listen_queue"":""0"",""fpm_listen_queue_length"":""128"",""fpm_total_processes"":""19"",""fpm_active_processes"":""17""}"
1471599059,"{""mysql_table_scans_pct"":0.22520530492514,""mysql_deadlocks"":""0"",""mysql_wait_locks"":""18"",""mysql_current_locks"":""6608"",""mysql_total_locks"":""95"",""mysql_lock_time_avg"":""11979"",""mysql_lock_time_max"":""51369"",""mysql_select_scans"":""6095"",""mysql_sort_scans"":""10059"",""mysql_join_scans"":""934"",""sys_load_avg"":4.8,""sys_memory_used"":2064.484375,""sys_memory_used_buffers"":107.80859375,""sys_memory_used_cache"":693.46875,""sys_memory_swap_used"":0,""sys_memory_swap_used_cache"":0,""fpm_listen_queue"":""0"",""fpm_listen_queue_length"":""128"",""fpm_total_processes"":""20"",""fpm_active_processes"":""19""}"
1471599064,"{""mysql_table_scans_pct"":0.22597534038513,""mysql_deadlocks"":""0"",""mysql_wait_locks"":""17"",""mysql_current_locks"":""6664"",""mysql_total_locks"":""95"",""mysql_lock_time_avg"":""12515"",""mysql_lock_time_max"":""51369"",""mysql_select_scans"":""6120"",""mysql_sort_scans"":""10088"",""mysql_join_scans"":""937"",""sys_load_avg"":4.57,""sys_memory_used"":2062.66796875,""sys_memory_used_buffers"":108.1484375,""sys_memory_used_cache"":693.77734375,""sys_memory_swap_used"":0,""sys_memory_swap_used_cache"":0,""fpm_listen_queue"":""0"",""fpm_listen_queue_length"":""128"",""fpm_total_processes"":""20"",""fpm_active_processes"":""18""}"
1471599069,"{""mysql_table_scans_pct"":0.22696570123639,""mysql_deadlocks"":""0"",""mysql_wait_locks"":""16"",""mysql_current_locks"":""6767"",""mysql_total_locks"":""95"",""mysql_lock_time_avg"":""13051"",""mysql_lock_time_max"":""51369"",""mysql_select_scans"":""6165"",""mysql_sort_scans"":""10149"",""mysql_join_scans"":""940"",""sys_load_avg"":4.45,""sys_memory_used"":2064.4140625,""sys_memory_used_buffers"":108.47265625,""sys_memory_used_cache"":694.859375,""sys_memory_swap_used"":0,""sys_memory_swap_used_cache"":0,""fpm_listen_queue"":""0"",""fpm_listen_queue_length"":""128"",""fpm_total_processes"":""20"",""fpm_active_processes"":""19""}"
1471599074,"{""mysql_table_scans_pct"":0.22798134469701,""mysql_deadlocks"":""0"",""mysql_wait_locks"":""15"",""mysql_current_locks"":""6887"",""mysql_total_locks"":""96"",""mysql_lock_time_avg"":""13970"",""mysql_lock_time_max"":""51369"",""mysql_select_scans"":""6214"",""mysql_sort_scans"":""10205"",""mysql_join_scans"":""946"",""sys_load_avg"":4.25,""sys_memory_used"":2045.5,""sys_memory_used_buffers"":108.83984375,""sys_memory_used_cache"":695.52734375,""sys_memory_swap_used"":0,""sys_memory_swap_used_cache"":0,""fpm_listen_queue"":""0"",""fpm_listen_queue_length"":""128"",""fpm_total_processes"":""19"",""fpm_active_processes"":""17""}"
1471599079,"{""mysql_table_scans_pct"":0.2288229226531,""mysql_deadlocks"":""0"",""mysql_wait_locks"":""15"",""mysql_current_locks"":""6991"",""mysql_total_locks"":""98"",""mysql_lock_time_avg"":""14719"",""mysql_lock_time_max"":""51369"",""mysql_select_scans"":""6262"",""mysql_sort_scans"":""10267"",""mysql_join_scans"":""955"",""sys_load_avg"":3.99,""sys_memory_used"":2044.84375,""sys_memory_used_buffers"":109.12109375,""sys_memory_used_cache"":696.8671875,""sys_memory_swap_used"":0,""sys_memory_swap_used_cache"":0,""fpm_listen_queue"":""0"",""fpm_listen_queue_length"":""128"",""fpm_total_processes"":""19"",""fpm_active_processes"":""18""}"
1471599084,"{""mysql_table_scans_pct"":0.22972156106516,""mysql_deadlocks"":""0"",""mysql_wait_locks"":""12"",""mysql_current_locks"":""7083"",""mysql_total_locks"":""98"",""mysql_lock_time_avg"":""16270"",""mysql_lock_time_max"":""51369"",""mysql_select_scans"":""6323"",""mysql_sort_scans"":""10349"",""mysql_join_scans"":""962"",""sys_load_avg"":3.83,""sys_memory_used"":2012.9765625,""sys_memory_used_buffers"":109.5078125,""sys_memory_used_cache"":698.83203125,""sys_memory_swap_used"":0,""sys_memory_swap_used_cache"":0,""fpm_listen_queue"":""0"",""fpm_listen_queue_length"":""128"",""fpm_total_processes"":""18"",""fpm_active_processes"":""15""}"
1471599089,"{""mysql_table_scans_pct"":0.23062503046154,""mysql_deadlocks"":""0"",""mysql_wait_locks"":""9"",""mysql_current_locks"":""7178"",""mysql_total_locks"":""98"",""mysql_lock_time_avg"":""17826"",""mysql_lock_time_max"":""51369"",""mysql_select_scans"":""6418"",""mysql_sort_scans"":""10489"",""mysql_join_scans"":""970"",""sys_load_avg"":3.85,""sys_memory_used"":1995.16796875,""sys_memory_used_buffers"":111.2578125,""sys_memory_used_cache"":703.75390625,""sys_memory_swap_used"":0,""sys_memory_swap_used_cache"":0,""fpm_listen_queue"":""0"",""fpm_listen_queue_length"":""128"",""fpm_total_processes"":""15"",""fpm_active_processes"":""13""}"
1471599095,"{""mysql_table_scans_pct"":0.23156702691341,""mysql_deadlocks"":""0"",""mysql_wait_locks"":""12"",""mysql_current_locks"":""7296"",""mysql_total_locks"":""101"",""mysql_lock_time_avg"":""17296"",""mysql_lock_time_max"":""51369"",""mysql_select_scans"":""6491"",""mysql_sort_scans"":""10586"",""mysql_join_scans"":""983"",""sys_load_avg"":3.7,""sys_memory_used"":2016.87109375,""sys_memory_used_buffers"":111.64453125,""sys_memory_used_cache"":705.62109375,""sys_memory_swap_used"":0,""sys_memory_swap_used_cache"":0,""fpm_listen_queue"":""0"",""fpm_listen_queue_length"":""128"",""fpm_total_processes"":""16"",""fpm_active_processes"":""16""}"
1471599100,"{""mysql_table_scans_pct"":0.23260185195529,""mysql_deadlocks"":""0"",""mysql_wait_locks"":""13"",""mysql_current_locks"":""7420"",""mysql_total_locks"":""102"",""mysql_lock_time_avg"":""17127"",""mysql_lock_time_max"":""51369"",""mysql_select_scans"":""6564"",""mysql_sort_scans"":""10691"",""mysql_join_scans"":""997"",""sys_load_avg"":3.48,""sys_memory_used"":2033.9296875,""sys_memory_used_buffers"":111.9453125,""sys_memory_used_cache"":707.078125,""sys_memory_swap_used"":0,""sys_memory_swap_used_cache"":0,""fpm_listen_queue"":""0"",""fpm_listen_queue_length"":""128"",""fpm_total_processes"":""17"",""fpm_active_processes"":""17""}"
1471599105,"{""mysql_table_scans_pct"":0.23355880787435,""mysql_deadlocks"":""0"",""mysql_wait_locks"":""12"",""mysql_current_locks"":""7524"",""mysql_total_locks"":""103"",""mysql_lock_time_avg"":""17947"",""mysql_lock_time_max"":""51369"",""mysql_select_scans"":""6637"",""mysql_sort_scans"":""10786"",""mysql_join_scans"":""1001"",""sys_load_avg"":3.2,""sys_memory_used"":2022.14453125,""sys_memory_used_buffers"":112.33984375,""sys_memory_used_cache"":708.8515625,""sys_memory_swap_used"":0,""sys_memory_swap_used_cache"":0,""fpm_listen_queue"":""0"",""fpm_listen_queue_length"":""128"",""fpm_total_processes"":""17"",""fpm_active_processes"":""15""}"
1471599110,"{""mysql_table_scans_pct"":0.23439882941992,""mysql_deadlocks"":""0"",""mysql_wait_locks"":""9"",""mysql_current_locks"":""7619"",""mysql_total_locks"":""104"",""mysql_lock_time_avg"":""19730"",""mysql_lock_time_max"":""51369"",""mysql_select_scans"":""6716"",""mysql_sort_scans"":""10900"",""mysql_join_scans"":""1013"",""sys_load_avg"":3.03,""sys_memory_used"":2020.015625,""sys_memory_used_buffers"":112.796875,""sys_memory_used_cache"":710.76953125,""sys_memory_swap_used"":0,""sys_memory_swap_used_cache"":0,""fpm_listen_queue"":""0"",""fpm_listen_queue_length"":""128"",""fpm_total_processes"":""16"",""fpm_active_processes"":""12""}"
1471599115,"{""mysql_table_scans_pct"":0.23536127351686,""mysql_deadlocks"":""0"",""mysql_wait_locks"":""9"",""mysql_current_locks"":""7737"",""mysql_total_locks"":""104"",""mysql_lock_time_avg"":""19730"",""mysql_lock_time_max"":""51369"",""mysql_select_scans"":""6816"",""mysql_sort_scans"":""11038"",""mysql_join_scans"":""1024"",""sys_load_avg"":2.94,""sys_memory_used"":1998.43359375,""sys_memory_used_buffers"":113.140625,""sys_memory_used_cache"":712.75390625,""sys_memory_swap_used"":0,""sys_memory_swap_used_cache"":0,""fpm_listen_queue"":""0"",""fpm_listen_queue_length"":""128"",""fpm_total_processes"":""15"",""fpm_active_processes"":""14""}"
1471599120,"{""mysql_table_scans_pct"":0.23627945053814,""mysql_deadlocks"":""0"",""mysql_wait_locks"":""12"",""mysql_current_locks"":""7873"",""mysql_total_locks"":""107"",""mysql_lock_time_avg"":""19176"",""mysql_lock_time_max"":""51369"",""mysql_select_scans"":""6889"",""mysql_sort_scans"":""11128"",""mysql_join_scans"":""1037"",""sys_load_avg"":3.19,""sys_memory_used"":2037.4296875,""sys_memory_used_buffers"":113.6015625,""sys_memory_used_cache"":713.77734375,""sys_memory_swap_used"":0,""sys_memory_swap_used_cache"":0,""fpm_listen_queue"":""0"",""fpm_listen_queue_length"":""128"",""fpm_total_processes"":""17"",""fpm_active_processes"":""15""}"
1471599125,"{""mysql_table_scans_pct"":0.23615479583882,""mysql_deadlocks"":""0"",""mysql_wait_locks"":""15"",""mysql_current_locks"":""7984"",""mysql_total_locks"":""111"",""mysql_lock_time_avg"":""18948"",""mysql_lock_time_max"":""51369"",""mysql_select_scans"":""6921"",""mysql_sort_scans"":""11158"",""mysql_join_scans"":""1042"",""sys_load_avg"":3.17,""sys_memory_used"":2047.234375,""sys_memory_used_buffers"":113.94140625,""sys_memory_used_cache"":715.1640625,""sys_memory_swap_used"":0,""sys_memory_swap_used_cache"":0,""fpm_listen_queue"":""1"",""fpm_listen_queue_length"":""128"",""fpm_total_processes"":""17"",""fpm_active_processes"":""17""}"
1471599130,"{""mysql_table_scans_pct"":0.23606626841636,""mysql_deadlocks"":""0"",""mysql_wait_locks"":""14"",""mysql_current_locks"":""8067"",""mysql_total_locks"":""112"",""mysql_lock_time_avg"":""19685"",""mysql_lock_time_max"":""51369"",""mysql_select_scans"":""6979"",""mysql_sort_scans"":""11237"",""mysql_join_scans"":""1050"",""sys_load_avg"":3,""sys_memory_used"":2056.73828125,""sys_memory_used_buffers"":114.57421875,""sys_memory_used_cache"":717.2421875,""sys_memory_swap_used"":0,""sys_memory_swap_used_cache"":0,""fpm_listen_queue"":""1"",""fpm_listen_queue_length"":""128"",""fpm_total_processes"":""17"",""fpm_active_processes"":""15""}"
1471599135,"{""mysql_table_scans_pct"":0.23583320151162,""mysql_deadlocks"":""0"",""mysql_wait_locks"":""15"",""mysql_current_locks"":""8128"",""mysql_total_locks"":""113"",""mysql_lock_time_avg"":""19511"",""mysql_lock_time_max"":""51369"",""mysql_select_scans"":""7026"",""mysql_sort_scans"":""11302"",""mysql_join_scans"":""1058"",""sys_load_avg"":2.76,""sys_memory_used"":2063.6328125,""sys_memory_used_buffers"":115.015625,""sys_memory_used_cache"":718.40625,""sys_memory_swap_used"":0,""sys_memory_swap_used_cache"":0,""fpm_listen_queue"":""0"",""fpm_listen_queue_length"":""128"",""fpm_total_processes"":""18"",""fpm_active_processes"":""17""}"
1471599140,"{""mysql_table_scans_pct"":0.23557853107978,""mysql_deadlocks"":""0"",""mysql_wait_locks"":""15"",""mysql_current_locks"":""8190"",""mysql_total_locks"":""113"",""mysql_lock_time_avg"":""19511"",""mysql_lock_time_max"":""51369"",""mysql_select_scans"":""7070"",""mysql_sort_scans"":""11352"",""mysql_join_scans"":""1062"",""sys_load_avg"":2.78,""sys_memory_used"":2071.28125,""sys_memory_used_buffers"":115.35546875,""sys_memory_used_cache"":719.61328125,""sys_memory_swap_used"":0,""sys_memory_swap_used_cache"":0,""fpm_listen_queue"":""0"",""fpm_listen_queue_length"":""128"",""fpm_total_processes"":""18"",""fpm_active_processes"":""18""}"
1471599146,"{""mysql_table_scans_pct"":0.23517328469706,""mysql_deadlocks"":""0"",""mysql_wait_locks"":""14"",""mysql_current_locks"":""8280"",""mysql_total_locks"":""115"",""mysql_lock_time_avg"":""20503"",""mysql_lock_time_max"":""51369"",""mysql_select_scans"":""7100"",""mysql_sort_scans"":""11384"",""mysql_join_scans"":""1064"",""sys_load_avg"":2.56,""sys_memory_used"":2065.16015625,""sys_memory_used_buffers"":115.70703125,""sys_memory_used_cache"":720.8125,""sys_memory_swap_used"":0,""sys_memory_swap_used_cache"":0,""fpm_listen_queue"":""0"",""fpm_listen_queue_length"":""128"",""fpm_total_processes"":""18"",""fpm_active_processes"":""18""}"
1471599151,"{""mysql_table_scans_pct"":0.23458991789889,""mysql_deadlocks"":""0"",""mysql_wait_locks"":""15"",""mysql_current_locks"":""8420"",""mysql_total_locks"":""117"",""mysql_lock_time_avg"":""20585"",""mysql_lock_time_max"":""51369"",""mysql_select_scans"":""7145"",""mysql_sort_scans"":""11444"",""mysql_join_scans"":""1072"",""sys_load_avg"":2.51,""sys_memory_used"":2072.390625,""sys_memory_used_buffers"":116.18359375,""sys_memory_used_cache"":722.4453125,""sys_memory_swap_used"":0,""sys_memory_swap_used_cache"":0,""fpm_listen_queue"":""0"",""fpm_listen_queue_length"":""128"",""fpm_total_processes"":""18"",""fpm_active_processes"":""15""}"
1471599156,"{""mysql_table_scans_pct"":0.23383646800467,""mysql_deadlocks"":""0"",""mysql_wait_locks"":""16"",""mysql_current_locks"":""8598"",""mysql_total_locks"":""119"",""mysql_lock_time_avg"":""20670"",""mysql_lock_time_max"":""51369"",""mysql_select_scans"":""7177"",""mysql_sort_scans"":""11481"",""mysql_join_scans"":""1076"",""sys_load_avg"":2.39,""sys_memory_used"":2083.875,""sys_memory_used_buffers"":116.6875,""sys_memory_used_cache"":724.234375,""sys_memory_swap_used"":0,""sys_memory_swap_used_cache"":0,""fpm_listen_queue"":""0"",""fpm_listen_queue_length"":""128"",""fpm_total_processes"":""19"",""fpm_active_processes"":""19""}"
1471599161,"{""mysql_table_scans_pct"":0.23321440690957,""mysql_deadlocks"":""0"",""mysql_wait_locks"":""15"",""mysql_current_locks"":""8744"",""mysql_total_locks"":""119"",""mysql_lock_time_avg"":""21102"",""mysql_lock_time_max"":""51383"",""mysql_select_scans"":""7239"",""mysql_sort_scans"":""11573"",""mysql_join_scans"":""1082"",""sys_load_avg"":2.28,""sys_memory_used"":2073.2890625,""sys_memory_used_buffers"":117.24609375,""sys_memory_used_cache"":725.91015625,""sys_memory_swap_used"":0,""sys_memory_swap_used_cache"":0,""fpm_listen_queue"":""0"",""fpm_listen_queue_length"":""128"",""fpm_total_processes"":""18"",""fpm_active_processes"":""18""}"
1471599166,"{""mysql_table_scans_pct"":0.23250396961212,""mysql_deadlocks"":""0"",""mysql_wait_locks"":""16"",""mysql_current_locks"":""8918"",""mysql_total_locks"":""121"",""mysql_lock_time_avg"":""21172"",""mysql_lock_time_max"":""51383"",""mysql_select_scans"":""7282"",""mysql_sort_scans"":""11632"",""mysql_join_scans"":""1089"",""sys_load_avg"":2.18,""sys_memory_used"":2084.23828125,""sys_memory_used_buffers"":117.69140625,""sys_memory_used_cache"":728.1171875,""sys_memory_swap_used"":0,""sys_memory_swap_used_cache"":0,""fpm_listen_queue"":""0"",""fpm_listen_queue_length"":""128"",""fpm_total_processes"":""19"",""fpm_active_processes"":""17""}"
1471599171,"{""mysql_table_scans_pct"":0.23286389147806,""mysql_deadlocks"":""0"",""mysql_wait_locks"":""1"",""mysql_current_locks"":""426"",""mysql_total_locks"":""132"",""mysql_lock_time_avg"":""23075"",""mysql_lock_time_max"":""51383"",""mysql_select_scans"":""7428"",""mysql_sort_scans"":""11734"",""mysql_join_scans"":""1107"",""sys_load_avg"":3.12,""sys_memory_used"":2065.3671875,""sys_memory_used_buffers"":119.1796875,""sys_memory_used_cache"":731.05078125,""sys_memory_swap_used"":0,""sys_memory_swap_used_cache"":0,""fpm_listen_queue"":""0"",""fpm_listen_queue_length"":""128"",""fpm_total_processes"":""18"",""fpm_active_processes"":""6""}"
1471599176,"{""mysql_table_scans_pct"":0.23294044186275,""mysql_deadlocks"":""0"",""mysql_wait_locks"":""1"",""mysql_current_locks"":""1514"",""mysql_total_locks"":""133"",""mysql_lock_time_avg"":""22907"",""mysql_lock_time_max"":""51383"",""mysql_select_scans"":""7558"",""mysql_sort_scans"":""11883"",""mysql_join_scans"":""1123"",""sys_load_avg"":3.67,""sys_memory_used"":2040.703125,""sys_memory_used_buffers"":119.93359375,""sys_memory_used_cache"":734.76171875,""sys_memory_swap_used"":0,""sys_memory_swap_used_cache"":0,""fpm_listen_queue"":""0"",""fpm_listen_queue_length"":""128"",""fpm_total_processes"":""14"",""fpm_active_processes"":""12""}"
1471599182,"{""mysql_table_scans_pct"":0.23339313950413,""mysql_deadlocks"":""0"",""mysql_wait_locks"":""4"",""mysql_current_locks"":""2806"",""mysql_total_locks"":""136"",""mysql_lock_time_avg"":""22401"",""mysql_lock_time_max"":""51383"",""mysql_select_scans"":""7787"",""mysql_sort_scans"":""12084"",""mysql_join_scans"":""1138"",""sys_load_avg"":3.86,""sys_memory_used"":2031.02734375,""sys_memory_used_buffers"":120.53125,""sys_memory_used_cache"":738.8984375,""sys_memory_swap_used"":0,""sys_memory_swap_used_cache"":0,""fpm_listen_queue"":""0"",""fpm_listen_queue_length"":""128"",""fpm_total_processes"":""12"",""fpm_active_processes"":""12""}"
1471599187,"{""mysql_table_scans_pct"":0.23513226424653,""mysql_deadlocks"":""0"",""mysql_wait_locks"":""7"",""mysql_current_locks"":""2892"",""mysql_total_locks"":""139"",""mysql_lock_time_avg"":""21918"",""mysql_lock_time_max"":""51383"",""mysql_select_scans"":""7970"",""mysql_sort_scans"":""12250"",""mysql_join_scans"":""1151"",""sys_load_avg"":4.19,""sys_memory_used"":2077.8671875,""sys_memory_used_buffers"":120.9453125,""sys_memory_used_cache"":740.796875,""sys_memory_swap_used"":0,""sys_memory_swap_used_cache"":0,""fpm_listen_queue"":""0"",""fpm_listen_queue_length"":""128"",""fpm_total_processes"":""14"",""fpm_active_processes"":""11""}"
1471599192,"{""mysql_table_scans_pct"":0.23604740554452,""mysql_deadlocks"":""0"",""mysql_wait_locks"":""11"",""mysql_current_locks"":""5191"",""mysql_total_locks"":""143"",""mysql_lock_time_avg"":""21305"",""mysql_lock_time_max"":""51383"",""mysql_select_scans"":""8102"",""mysql_sort_scans"":""12386"",""mysql_join_scans"":""1165"",""sys_load_avg"":4.1,""sys_memory_used"":2100.33203125,""sys_memory_used_buffers"":121.23046875,""sys_memory_used_cache"":742.65234375,""sys_memory_swap_used"":0,""sys_memory_swap_used_cache"":0,""fpm_listen_queue"":""0"",""fpm_listen_queue_length"":""128"",""fpm_total_processes"":""15"",""fpm_active_processes"":""14""}"
1471599197,"{""mysql_table_scans_pct"":0.23698079121551,""mysql_deadlocks"":""0"",""mysql_wait_locks"":""11"",""mysql_current_locks"":""5465"",""mysql_total_locks"":""143"",""mysql_lock_time_avg"":""21305"",""mysql_lock_time_max"":""51383"",""mysql_select_scans"":""8229"",""mysql_sort_scans"":""12528"",""mysql_join_scans"":""1176"",""sys_load_avg"":3.93,""sys_memory_used"":2099.703125,""sys_memory_used_buffers"":121.59765625,""sys_memory_used_cache"":744.62109375,""sys_memory_swap_used"":0,""sys_memory_swap_used_cache"":0,""fpm_listen_queue"":""0"",""fpm_listen_queue_length"":""128"",""fpm_total_processes"":""16"",""fpm_active_processes"":""16""}"
1471599202,"{""mysql_table_scans_pct"":0.2382635214661,""mysql_deadlocks"":""0"",""mysql_wait_locks"":""14"",""mysql_current_locks"":""6729"",""mysql_total_locks"":""146"",""mysql_lock_time_avg"":""20867"",""mysql_lock_time_max"":""51383"",""mysql_select_scans"":""8375"",""mysql_sort_scans"":""12587"",""mysql_join_scans"":""1180"",""sys_load_avg"":3.77,""sys_memory_used"":2087.23828125,""sys_memory_used_buffers"":121.90234375,""sys_memory_used_cache"":745.59375,""sys_memory_swap_used"":0,""sys_memory_swap_used_cache"":0,""fpm_listen_queue"":""0"",""fpm_listen_queue_length"":""128"",""fpm_total_processes"":""17"",""fpm_active_processes"":""17""}"
1471599207,"{""mysql_table_scans_pct"":0.23963056341564,""mysql_deadlocks"":""0"",""mysql_wait_locks"":""18"",""mysql_current_locks"":""6828"",""mysql_total_locks"":""150"",""mysql_lock_time_avg"":""20311"",""mysql_lock_time_max"":""51383"",""mysql_select_scans"":""8428"",""mysql_sort_scans"":""12613"",""mysql_join_scans"":""1182"",""sys_load_avg"":3.55,""sys_memory_used"":2112,""sys_memory_used_buffers"":122.24609375,""sys_memory_used_cache"":746.109375,""sys_memory_swap_used"":0,""sys_memory_swap_used_cache"":0,""fpm_listen_queue"":""0"",""fpm_listen_queue_length"":""128"",""fpm_total_processes"":""19"",""fpm_active_processes"":""19""}"
1471599212,"{""mysql_table_scans_pct"":0.24074950783439,""mysql_deadlocks"":""0"",""mysql_wait_locks"":""18"",""mysql_current_locks"":""7413"",""mysql_total_locks"":""150"",""mysql_lock_time_avg"":""20311"",""mysql_lock_time_max"":""51383"",""mysql_select_scans"":""8466"",""mysql_sort_scans"":""12642"",""mysql_join_scans"":""1184"",""sys_load_avg"":3.35,""sys_memory_used"":2124.76953125,""sys_memory_used_buffers"":122.5703125,""sys_memory_used_cache"":746.6484375,""sys_memory_swap_used"":0,""sys_memory_swap_used_cache"":0,""fpm_listen_queue"":""0"",""fpm_listen_queue_length"":""128"",""fpm_total_processes"":""20"",""fpm_active_processes"":""19""}"
1471599217,"{""mysql_table_scans_pct"":0.2415917516997,""mysql_deadlocks"":""0"",""mysql_wait_locks"":""0"",""mysql_current_locks"":""2"",""mysql_total_locks"":""166"",""mysql_lock_time_avg"":""21125"",""mysql_lock_time_max"":""51383"",""mysql_select_scans"":""8548"",""mysql_sort_scans"":""12699"",""mysql_join_scans"":""1209"",""sys_load_avg"":3.16,""sys_memory_used"":2107.82421875,""sys_memory_used_buffers"":122.90625,""sys_memory_used_cache"":747.94140625,""sys_memory_swap_used"":0,""sys_memory_swap_used_cache"":0,""fpm_listen_queue"":""0"",""fpm_listen_queue_length"":""128"",""fpm_total_processes"":""20"",""fpm_active_processes"":""11""}"
1471599222,"{""mysql_table_scans_pct"":0.24158122603215,""mysql_deadlocks"":""0"",""mysql_wait_locks"":""0"",""mysql_current_locks"":""4"",""mysql_total_locks"":""166"",""mysql_lock_time_avg"":""21125"",""mysql_lock_time_max"":""51383"",""mysql_select_scans"":""8652"",""mysql_sort_scans"":""12883"",""mysql_join_scans"":""1228"",""sys_load_avg"":3.31,""sys_memory_used"":2032.46484375,""sys_memory_used_buffers"":123.21875,""sys_memory_used_cache"":752.015625,""sys_memory_swap_used"":0,""sys_memory_swap_used_cache"":0,""fpm_listen_queue"":""0"",""fpm_listen_queue_length"":""128"",""fpm_total_processes"":""15"",""fpm_active_processes"":""13""}"
1471599227,"{""mysql_table_scans_pct"":0.24159483560259,""mysql_deadlocks"":""0"",""mysql_wait_locks"":""0"",""mysql_current_locks"":""0"",""mysql_total_locks"":""166"",""mysql_lock_time_avg"":""21125"",""mysql_lock_time_max"":""51383"",""mysql_select_scans"":""8765"",""mysql_sort_scans"":""13089"",""mysql_join_scans"":""1258"",""sys_load_avg"":3.68,""sys_memory_used"":1999.59765625,""sys_memory_used_buffers"":123.51171875,""sys_memory_used_cache"":755.6484375,""sys_memory_swap_used"":0,""sys_memory_swap_used_cache"":0,""fpm_listen_queue"":""0"",""fpm_listen_queue_length"":""128"",""fpm_total_processes"":""11"",""fpm_active_processes"":""9""}"
1471599233,"{""mysql_table_scans_pct"":0.241599581577,""mysql_deadlocks"":""0"",""mysql_wait_locks"":""0"",""mysql_current_locks"":""0"",""mysql_total_locks"":""166"",""mysql_lock_time_avg"":""21125"",""mysql_lock_time_max"":""51383"",""mysql_select_scans"":""8880"",""mysql_sort_scans"":""13296"",""mysql_join_scans"":""1287"",""sys_load_avg"":4.03,""sys_memory_used"":1964.4921875,""sys_memory_used_buffers"":123.85546875,""sys_memory_used_cache"":759.56640625,""sys_memory_swap_used"":0,""sys_memory_swap_used_cache"":0,""fpm_listen_queue"":""0"",""fpm_listen_queue_length"":""128"",""fpm_total_processes"":""9"",""fpm_active_processes"":""3""}"
1471599238,"{""mysql_table_scans_pct"":0.24156715772484,""mysql_deadlocks"":""0"",""mysql_wait_locks"":""0"",""mysql_current_locks"":""0"",""mysql_total_locks"":""166"",""mysql_lock_time_avg"":""21125"",""mysql_lock_time_max"":""51383"",""mysql_select_scans"":""8980"",""mysql_sort_scans"":""13460"",""mysql_join_scans"":""1309"",""sys_load_avg"":4.11,""sys_memory_used"":2001.07421875,""sys_memory_used_buffers"":124.29296875,""sys_memory_used_cache"":761.796875,""sys_memory_swap_used"":0,""sys_memory_swap_used_cache"":0,""fpm_listen_queue"":""0"",""fpm_listen_queue_length"":""128"",""fpm_total_processes"":""10"",""fpm_active_processes"":""10""}"
1471599243,"{""mysql_table_scans_pct"":0.24154249889709,""mysql_deadlocks"":""0"",""mysql_wait_locks"":""0"",""mysql_current_locks"":""0"",""mysql_total_locks"":""166"",""mysql_lock_time_avg"":""21125"",""mysql_lock_time_max"":""51383"",""mysql_select_scans"":""9086"",""mysql_sort_scans"":""13645"",""mysql_join_scans"":""1335"",""sys_load_avg"":4.58,""sys_memory_used"":2023.375,""sys_memory_used_buffers"":124.63671875,""sys_memory_used_cache"":765.23828125,""sys_memory_swap_used"":0,""sys_memory_swap_used_cache"":0,""fpm_listen_queue"":""0"",""fpm_listen_queue_length"":""128"",""fpm_total_processes"":""11"",""fpm_active_processes"":""7""}"
1471599248,"{""mysql_table_scans_pct"":0.24154351993181,""mysql_deadlocks"":""0"",""mysql_wait_locks"":""0"",""mysql_current_locks"":""0"",""mysql_total_locks"":""166"",""mysql_lock_time_avg"":""21125"",""mysql_lock_time_max"":""51383"",""mysql_select_scans"":""9185"",""mysql_sort_scans"":""13811"",""mysql_join_scans"":""1361"",""sys_load_avg"":4.83,""sys_memory_used"":2016.5546875,""sys_memory_used_buffers"":125.10546875,""sys_memory_used_cache"":768.43359375,""sys_memory_swap_used"":0,""sys_memory_swap_used_cache"":0,""fpm_listen_queue"":""0"",""fpm_listen_queue_length"":""128"",""fpm_total_processes"":""10"",""fpm_active_processes"":""10""}"
1471599253,"{""mysql_table_scans_pct"":0.24153997851086,""mysql_deadlocks"":""0"",""mysql_wait_locks"":""0"",""mysql_current_locks"":""0"",""mysql_total_locks"":""166"",""mysql_lock_time_avg"":""21125"",""mysql_lock_time_max"":""51383"",""mysql_select_scans"":""9288"",""mysql_sort_scans"":""13996"",""mysql_join_scans"":""1381"",""sys_load_avg"":5.32,""sys_memory_used"":2013.59375,""sys_memory_used_buffers"":125.61328125,""sys_memory_used_cache"":771.515625,""sys_memory_swap_used"":0,""sys_memory_swap_used_cache"":0,""fpm_listen_queue"":""0"",""fpm_listen_queue_length"":""128"",""fpm_total_processes"":""10"",""fpm_active_processes"":""6""}"
1471599258,"{""mysql_table_scans_pct"":0.24154058830949,""mysql_deadlocks"":""0"",""mysql_wait_locks"":""0"",""mysql_current_locks"":""2"",""mysql_total_locks"":""166"",""mysql_lock_time_avg"":""21125"",""mysql_lock_time_max"":""51383"",""mysql_select_scans"":""9378"",""mysql_sort_scans"":""14145"",""mysql_join_scans"":""1408"",""sys_load_avg"":5.14,""sys_memory_used"":2033.87109375,""sys_memory_used_buffers"":126.1328125,""sys_memory_used_cache"":775.11328125,""sys_memory_swap_used"":0,""sys_memory_swap_used_cache"":0,""fpm_listen_queue"":""4"",""fpm_listen_queue_length"":""128"",""fpm_total_processes"":""10"",""fpm_active_processes"":""7""}"
1471599264,"{""mysql_table_scans_pct"":0.24152240137246,""mysql_deadlocks"":""0"",""mysql_wait_locks"":""0"",""mysql_current_locks"":""0"",""mysql_total_locks"":""166"",""mysql_lock_time_avg"":""21125"",""mysql_lock_time_max"":""51383"",""mysql_select_scans"":""9468"",""mysql_sort_scans"":""14287"",""mysql_join_scans"":""1423"",""sys_load_avg"":5.29,""sys_memory_used"":2035.94921875,""sys_memory_used_buffers"":126.40625,""sys_memory_used_cache"":778.59375,""sys_memory_swap_used"":0,""sys_memory_swap_used_cache"":0,""fpm_listen_queue"":""3"",""fpm_listen_queue_length"":""128"",""fpm_total_processes"":""10"",""fpm_active_processes"":""10""}"
1471599269,"{""mysql_table_scans_pct"":0.24152210271321,""mysql_deadlocks"":""0"",""mysql_wait_locks"":""0"",""mysql_current_locks"":""0"",""mysql_total_locks"":""166"",""mysql_lock_time_avg"":""21125"",""mysql_lock_time_max"":""51383"",""mysql_select_scans"":""9577"",""mysql_sort_scans"":""14468"",""mysql_join_scans"":""1446"",""sys_load_avg"":5.58,""sys_memory_used"":2010.88671875,""sys_memory_used_buffers"":126.6640625,""sys_memory_used_cache"":782.58203125,""sys_memory_swap_used"":0,""sys_memory_swap_used_cache"":0,""fpm_listen_queue"":""0"",""fpm_listen_queue_length"":""128"",""fpm_total_processes"":""8"",""fpm_active_processes"":""7""}"
1471599274,"{""mysql_table_scans_pct"":0.24152237633955,""mysql_deadlocks"":""0"",""mysql_wait_locks"":""0"",""mysql_current_locks"":""0"",""mysql_total_locks"":""166"",""mysql_lock_time_avg"":""21125"",""mysql_lock_time_max"":""51383"",""mysql_select_scans"":""9678"",""mysql_sort_scans"":""14648"",""mysql_join_scans"":""1475"",""sys_load_avg"":5.54,""sys_memory_used"":2041.6484375,""sys_memory_used_buffers"":126.9609375,""sys_memory_used_cache"":785.21875,""sys_memory_swap_used"":0,""sys_memory_swap_used_cache"":0,""fpm_listen_queue"":""0"",""fpm_listen_queue_length"":""128"",""fpm_total_processes"":""11"",""fpm_active_processes"":""10""}"
1471599279,"{""mysql_table_scans_pct"":0.23806283866831,""mysql_deadlocks"":""0"",""mysql_wait_locks"":""0"",""mysql_current_locks"":""2270"",""mysql_total_locks"":""166"",""mysql_lock_time_avg"":""21125"",""mysql_lock_time_max"":""51383"",""mysql_select_scans"":""9826"",""mysql_sort_scans"":""14883"",""mysql_join_scans"":""1503"",""sys_load_avg"":5.89,""sys_memory_used"":2052.87109375,""sys_memory_used_buffers"":127.46484375,""sys_memory_used_cache"":789.265625,""sys_memory_swap_used"":0,""sys_memory_swap_used_cache"":0,""fpm_listen_queue"":""0"",""fpm_listen_queue_length"":""128"",""fpm_total_processes"":""9"",""fpm_active_processes"":""7""}"
1471599284,"{""mysql_table_scans_pct"":0.23687526954927,""mysql_deadlocks"":""0"",""mysql_wait_locks"":""0"",""mysql_current_locks"":""4786"",""mysql_total_locks"":""166"",""mysql_lock_time_avg"":""21125"",""mysql_lock_time_max"":""51383"",""mysql_select_scans"":""9996"",""mysql_sort_scans"":""15123"",""mysql_join_scans"":""1526"",""sys_load_avg"":5.74,""sys_memory_used"":2076.1875,""sys_memory_used_buffers"":127.671875,""sys_memory_used_cache"":792.55859375,""sys_memory_swap_used"":0,""sys_memory_swap_used_cache"":0,""fpm_listen_queue"":""0"",""fpm_listen_queue_length"":""128"",""fpm_total_processes"":""10"",""fpm_active_processes"":""8""}"
1471599289,"{""mysql_table_scans_pct"":0.23759203534802,""mysql_deadlocks"":""0"",""mysql_wait_locks"":""4"",""mysql_current_locks"":""5815"",""mysql_total_locks"":""170"",""mysql_lock_time_avg"":""20627"",""mysql_lock_time_max"":""51383"",""mysql_select_scans"":""10134"",""mysql_sort_scans"":""15325"",""mysql_join_scans"":""1544"",""sys_load_avg"":6,""sys_memory_used"":2093.9765625,""sys_memory_used_buffers"":127.8984375,""sys_memory_used_cache"":795.6953125,""sys_memory_swap_used"":0,""sys_memory_swap_used_cache"":0,""fpm_listen_queue"":""2"",""fpm_listen_queue_length"":""128"",""fpm_total_processes"":""10"",""fpm_active_processes"":""6""}"
1471599294,"{""mysql_table_scans_pct"":0.2426115499474,""mysql_deadlocks"":""0"",""mysql_wait_locks"":""10"",""mysql_current_locks"":""6710"",""mysql_total_locks"":""176"",""mysql_lock_time_avg"":""19924"",""mysql_lock_time_max"":""51383"",""mysql_select_scans"":""10220"",""mysql_sort_scans"":""15451"",""mysql_join_scans"":""1558"",""sys_load_avg"":5.52,""sys_memory_used"":2161.62890625,""sys_memory_used_buffers"":128.1328125,""sys_memory_used_cache"":798.9296875,""sys_memory_swap_used"":0,""sys_memory_swap_used_cache"":0,""fpm_listen_queue"":""1"",""fpm_listen_queue_length"":""128"",""fpm_total_processes"":""14"",""fpm_active_processes"":""11""}"
1471599299,"{""mysql_table_scans_pct"":0.24426617971199,""mysql_deadlocks"":""0"",""mysql_wait_locks"":""0"",""mysql_current_locks"":""477"",""mysql_total_locks"":""183"",""mysql_lock_time_avg"":""19438"",""mysql_lock_time_max"":""51383"",""mysql_select_scans"":""10322"",""mysql_sort_scans"":""15592"",""mysql_join_scans"":""1582"",""sys_load_avg"":5.48,""sys_memory_used"":2117.03125,""sys_memory_used_buffers"":128.42578125,""sys_memory_used_cache"":802.390625,""sys_memory_swap_used"":0,""sys_memory_swap_used_cache"":0,""fpm_listen_queue"":""0"",""fpm_listen_queue_length"":""128"",""fpm_total_processes"":""12"",""fpm_active_processes"":""6""}"
1471599304,"{""mysql_table_scans_pct"":0.2409122085048,""mysql_deadlocks"":""0"",""mysql_wait_locks"":""1"",""mysql_current_locks"":""1937"",""mysql_total_locks"":""186"",""mysql_lock_time_avg"":""19127"",""mysql_lock_time_max"":""51383"",""mysql_select_scans"":""10431"",""mysql_sort_scans"":""15748"",""mysql_join_scans"":""1601"",""sys_load_avg"":5.84,""sys_memory_used"":2123.1328125,""sys_memory_used_buffers"":128.68359375,""sys_memory_used_cache"":805.7109375,""sys_memory_swap_used"":0,""sys_memory_swap_used_cache"":0,""fpm_listen_queue"":""0"",""fpm_listen_queue_length"":""128"",""fpm_total_processes"":""13"",""fpm_active_processes"":""9""}"
1471599309,"{""mysql_table_scans_pct"":0.24061113482179,""mysql_deadlocks"":""0"",""mysql_wait_locks"":""0"",""mysql_current_locks"":""45"",""mysql_total_locks"":""203"",""mysql_lock_time_avg"":""17637"",""mysql_lock_time_max"":""51383"",""mysql_select_scans"":""10540"",""mysql_sort_scans"":""15881"",""mysql_join_scans"":""1626"",""sys_load_avg"":5.77,""sys_memory_used"":2136.44921875,""sys_memory_used_buffers"":128.9140625,""sys_memory_used_cache"":809.0390625,""sys_memory_swap_used"":0,""sys_memory_swap_used_cache"":0,""fpm_listen_queue"":""2"",""fpm_listen_queue_length"":""128"",""fpm_total_processes"":""11"",""fpm_active_processes"":""7""}"
1471599315,"{""mysql_table_scans_pct"":0.23576811580988,""mysql_deadlocks"":""0"",""mysql_wait_locks"":""3"",""mysql_current_locks"":""2089"",""mysql_total_locks"":""206"",""mysql_lock_time_avg"":""17380"",""mysql_lock_time_max"":""51383"",""mysql_select_scans"":""10688"",""mysql_sort_scans"":""16093"",""mysql_join_scans"":""1648"",""sys_load_avg"":6.03,""sys_memory_used"":2118.14453125,""sys_memory_used_buffers"":129.08984375,""sys_memory_used_cache"":813.0625,""sys_memory_swap_used"":0,""sys_memory_swap_used_cache"":0,""fpm_listen_queue"":""0"",""fpm_listen_queue_length"":""128"",""fpm_total_processes"":""12"",""fpm_active_processes"":""10""}"
1471599320,"{""mysql_table_scans_pct"":0.23692137294992,""mysql_deadlocks"":""0"",""mysql_wait_locks"":""0"",""mysql_current_locks"":""90"",""mysql_total_locks"":""208"",""mysql_lock_time_avg"":""17250"",""mysql_lock_time_max"":""51383"",""mysql_select_scans"":""10783"",""mysql_sort_scans"":""16231"",""mysql_join_scans"":""1668"",""sys_load_avg"":6.59,""sys_memory_used"":2107.45703125,""sys_memory_used_buffers"":129.37109375,""sys_memory_used_cache"":816.61328125,""sys_memory_swap_used"":0,""sys_memory_swap_used_cache"":0,""fpm_listen_queue"":""0"",""fpm_listen_queue_length"":""128"",""fpm_total_processes"":""11"",""fpm_active_processes"":""9""}"
1471599325,"{""mysql_table_scans_pct"":0.23763690065363,""mysql_deadlocks"":""0"",""mysql_wait_locks"":""0"",""mysql_current_locks"":""196"",""mysql_total_locks"":""208"",""mysql_lock_time_avg"":""17250"",""mysql_lock_time_max"":""51383"",""mysql_select_scans"":""10882"",""mysql_sort_scans"":""16402"",""mysql_join_scans"":""1693"",""sys_load_avg"":6.7,""sys_memory_used"":2123.23828125,""sys_memory_used_buffers"":129.6796875,""sys_memory_used_cache"":820.30078125,""sys_memory_swap_used"":0,""sys_memory_swap_used_cache"":0,""fpm_listen_queue"":""0"",""fpm_listen_queue_length"":""128"",""fpm_total_processes"":""10"",""fpm_active_processes"":""10""}"
1471599330,"{""mysql_table_scans_pct"":0.23836812371864,""mysql_deadlocks"":""0"",""mysql_wait_locks"":""0"",""mysql_current_locks"":""308"",""mysql_total_locks"":""208"",""mysql_lock_time_avg"":""17250"",""mysql_lock_time_max"":""51383"",""mysql_select_scans"":""10963"",""mysql_sort_scans"":""16528"",""mysql_join_scans"":""1710"",""sys_load_avg"":6.65,""sys_memory_used"":2106.625,""sys_memory_used_buffers"":130.1015625,""sys_memory_used_cache"":824.14453125,""sys_memory_swap_used"":0,""sys_memory_swap_used_cache"":0,""fpm_listen_queue"":""0"",""fpm_listen_queue_length"":""128"",""fpm_total_processes"":""10"",""fpm_active_processes"":""9""}"
1471599335,"{""mysql_table_scans_pct"":0.23914810130389,""mysql_deadlocks"":""0"",""mysql_wait_locks"":""0"",""mysql_current_locks"":""422"",""mysql_total_locks"":""208"",""mysql_lock_time_avg"":""17250"",""mysql_lock_time_max"":""51383"",""mysql_select_scans"":""11067"",""mysql_sort_scans"":""16700"",""mysql_join_scans"":""1733"",""sys_load_avg"":6.84,""sys_memory_used"":2118.27734375,""sys_memory_used_buffers"":130.37109375,""sys_memory_used_cache"":828.5859375,""sys_memory_swap_used"":0,""sys_memory_swap_used_cache"":0,""fpm_listen_queue"":""0"",""fpm_listen_queue_length"":""128"",""fpm_total_processes"":""9"",""fpm_active_processes"":""8""}"
1471599340,"{""mysql_table_scans_pct"":0.23999407512772,""mysql_deadlocks"":""0"",""mysql_wait_locks"":""0"",""mysql_current_locks"":""549"",""mysql_total_locks"":""208"",""mysql_lock_time_avg"":""17250"",""mysql_lock_time_max"":""51383"",""mysql_select_scans"":""11160"",""mysql_sort_scans"":""16866"",""mysql_join_scans"":""1752"",""sys_load_avg"":7.01,""sys_memory_used"":2139.73046875,""sys_memory_used_buffers"":130.6015625,""sys_memory_used_cache"":832.3359375,""sys_memory_swap_used"":0,""sys_memory_swap_used_cache"":0,""fpm_listen_queue"":""0"",""fpm_listen_queue_length"":""128"",""fpm_total_processes"":""10"",""fpm_active_processes"":""10""}"
1471599345,"{""mysql_table_scans_pct"":0.24308224524625,""mysql_deadlocks"":""0"",""mysql_wait_locks"":""0"",""mysql_current_locks"":""962"",""mysql_total_locks"":""209"",""mysql_lock_time_avg"":""17168"",""mysql_lock_time_max"":""51383"",""mysql_select_scans"":""11269"",""mysql_sort_scans"":""17052"",""mysql_join_scans"":""1780"",""sys_load_avg"":6.53,""sys_memory_used"":2145.4296875,""sys_memory_used_buffers"":130.90625,""sys_memory_used_cache"":836.3828125,""sys_memory_swap_used"":0,""sys_memory_swap_used_cache"":0,""fpm_listen_queue"":""0"",""fpm_listen_queue_length"":""128"",""fpm_total_processes"":""10"",""fpm_active_processes"":""8""}"
1471599350,"{""mysql_table_scans_pct"":0.23624725091976,""mysql_deadlocks"":""0"",""mysql_wait_locks"":""2"",""mysql_current_locks"":""3454"",""mysql_total_locks"":""211"",""mysql_lock_time_avg"":""17005"",""mysql_lock_time_max"":""51383"",""mysql_select_scans"":""11405"",""mysql_sort_scans"":""17240"",""mysql_join_scans"":""1801"",""sys_load_avg"":6.25,""sys_memory_used"":2144.5390625,""sys_memory_used_buffers"":131.203125,""sys_memory_used_cache"":839.2734375,""sys_memory_swap_used"":0,""sys_memory_swap_used_cache"":0,""fpm_listen_queue"":""1"",""fpm_listen_queue_length"":""128"",""fpm_total_processes"":""9"",""fpm_active_processes"":""4""}"
1471599356,"{""mysql_table_scans_pct"":0.22942730880034,""mysql_deadlocks"":""0"",""mysql_wait_locks"":""3"",""mysql_current_locks"":""4545"",""mysql_total_locks"":""212"",""mysql_lock_time_avg"":""16925"",""mysql_lock_time_max"":""51383"",""mysql_select_scans"":""11508"",""mysql_sort_scans"":""17381"",""mysql_join_scans"":""1813"",""sys_load_avg"":5.99,""sys_memory_used"":2128.92578125,""sys_memory_used_buffers"":131.40625,""sys_memory_used_cache"":841.62890625,""sys_memory_swap_used"":0,""sys_memory_swap_used_cache"":0,""fpm_listen_queue"":""0"",""fpm_listen_queue_length"":""128"",""fpm_total_processes"":""8"",""fpm_active_processes"":""8""}"
1471599361,"{""mysql_table_scans_pct"":0.2335947006121,""mysql_deadlocks"":""0"",""mysql_wait_locks"":""5"",""mysql_current_locks"":""6115"",""mysql_total_locks"":""214"",""mysql_lock_time_avg"":""16766"",""mysql_lock_time_max"":""51383"",""mysql_select_scans"":""11569"",""mysql_sort_scans"":""17446"",""mysql_join_scans"":""1823"",""sys_load_avg"":5.59,""sys_memory_used"":2131.80859375,""sys_memory_used_buffers"":131.64453125,""sys_memory_used_cache"":842.95703125,""sys_memory_swap_used"":0,""sys_memory_swap_used_cache"":0,""fpm_listen_queue"":""0"",""fpm_listen_queue_length"":""128"",""fpm_total_processes"":""8"",""fpm_active_processes"":""6""}"
1471599366,"{""mysql_table_scans_pct"":0.22531964619613,""mysql_deadlocks"":""0"",""mysql_wait_locks"":""6"",""mysql_current_locks"":""6966"",""mysql_total_locks"":""215"",""mysql_lock_time_avg"":""16688"",""mysql_lock_time_max"":""51383"",""mysql_select_scans"":""11614"",""mysql_sort_scans"":""17490"",""mysql_join_scans"":""1827"",""sys_load_avg"":5.38,""sys_memory_used"":2137.55859375,""sys_memory_used_buffers"":132,""sys_memory_used_cache"":843.765625,""sys_memory_swap_used"":0,""sys_memory_swap_used_cache"":0,""fpm_listen_queue"":""0"",""fpm_listen_queue_length"":""128"",""fpm_total_processes"":""9"",""fpm_active_processes"":""7""}"
1471599371,"{""mysql_table_scans_pct"":0.21214045031727,""mysql_deadlocks"":""0"",""mysql_wait_locks"":""6"",""mysql_current_locks"":""7235"",""mysql_total_locks"":""215"",""mysql_lock_time_avg"":""16688"",""mysql_lock_time_max"":""51383"",""mysql_select_scans"":""11626"",""mysql_sort_scans"":""17492"",""mysql_join_scans"":""1827"",""sys_load_avg"":5.03,""sys_memory_used"":2167.875,""sys_memory_used_buffers"":132.37109375,""sys_memory_used_cache"":844.16015625,""sys_memory_swap_used"":0,""sys_memory_swap_used_cache"":0,""fpm_listen_queue"":""0"",""fpm_listen_queue_length"":""128"",""fpm_total_processes"":""9"",""fpm_active_processes"":""7""}"
1471599376,"{""mysql_table_scans_pct"":0.22416342192196,""mysql_deadlocks"":""0"",""mysql_wait_locks"":""6"",""mysql_current_locks"":""14865"",""mysql_total_locks"":""215"",""mysql_lock_time_avg"":""16688"",""mysql_lock_time_max"":""51383"",""mysql_select_scans"":""11634"",""mysql_sort_scans"":""17493"",""mysql_join_scans"":""1827"",""sys_load_avg"":4.71,""sys_memory_used"":2141.21484375,""sys_memory_used_buffers"":132.48046875,""sys_memory_used_cache"":851.00390625,""sys_memory_swap_used"":0,""sys_memory_swap_used_cache"":0,""fpm_listen_queue"":""0"",""fpm_listen_queue_length"":""128"",""fpm_total_processes"":""9"",""fpm_active_processes"":""7""}"
1471599381,"{""mysql_table_scans_pct"":0.24162298491024,""mysql_deadlocks"":""0"",""mysql_wait_locks"":""0"",""mysql_current_locks"":""19383"",""mysql_total_locks"":""215"",""mysql_lock_time_avg"":""17348"",""mysql_lock_time_max"":""51383"",""mysql_select_scans"":""11660"",""mysql_sort_scans"":""17499"",""mysql_join_scans"":""1835"",""sys_load_avg"":4.41,""sys_memory_used"":2078.23046875,""sys_memory_used_buffers"":132.80859375,""sys_memory_used_cache"":851.7109375,""sys_memory_swap_used"":0,""sys_memory_swap_used_cache"":0,""fpm_listen_queue"":""0"",""fpm_listen_queue_length"":""128"",""fpm_total_processes"":""6"",""fpm_active_processes"":""1""}"
